[2026-05-28 10:32:00] local.ERROR: SQLSTATE[HY000] [2002] No connection could be made because the target machine actively refused it (Connection: mysql, SQL: select exists (select 1 from information_schema.tables where table_schema = 'food_saver' and table_name = 'migrations' and table_type in ('BASE TABLE', 'SYSTEM VERSIONED')) as `exists`) {"exception":"[object] (Illuminate\\Database\\QueryException(code: 2002): SQLSTATE[HY000] [2002] No connection could be made because the target machine actively refused it (Connection: mysql, SQL: select exists (select 1 from information_schema.tables where table_schema = 'food_saver' and table_name = 'migrations' and table_type in ('BASE TABLE', 'SYSTEM VERSIONED')) as `exists`) at C:/Users/Dicky/Documents/PROJEK/juaravibecoding/app_build/backend/vendor/laravel/framework/src/Illuminate/Database/Connection.php:825)
[stacktrace]
#0 C:/Users/Dicky/Documents/PROJEK/juaravibecoding/app_build/backend/vendor/laravel/framework/src/Illuminate/Database/Connection.php(979): Illuminate/Database/Connection->runQueryCallback('select exists (...', Array, Object(Closure))
#1 C:/Users/Dicky/Documents/PROJEK/juaravibecoding/app_build/backend/vendor/laravel/framework/src/Illuminate/Database/Connection.php(958): Illuminate/Database/Connection->tryAgainIfCausedByLostConnection(Object(Illuminate/Database/QueryException), 'select exists (...', Array, Object(Closure))
#2 C:/Users/Dicky/Documents/PROJEK/juaravibecoding/app_build/backend/vendor/laravel/framework/src/Illuminate/Database/Connection.php(781): Illuminate/Database/Connection->handleQueryException(Object(Illuminate/Database/QueryException), 'select exists (...', Array, Object(Closure))
#3 C:/Users/Dicky/Documents/PROJEK/juaravibecoding/app_build/backend/vendor/laravel/framework/src/Illuminate/Database/Connection.php(398): Illuminate/Database/Connection->run('select exists (...', Array, Object(Closure))
#4 C:/Users/Dicky/Documents/PROJEK/juaravibecoding/app_build/backend/vendor/laravel/framework/src/Illuminate/Database/Connection.php(344): Illuminate/Database/Connection->select('select exists (...', Array, true)
#5 C:/Users/Dicky/Documents/PROJEK/juaravibecoding/app_build/backend/vendor/laravel/framework/src/Illuminate/Database/Connection.php(361): Illuminate/Database/Connection->selectOne('select exists (...', Array, true)
#6 C:/Users/Dicky/Documents/PROJEK/juaravibecoding/app_build/backend/vendor/laravel/framework/src/Illuminate/Database/Schema/MySqlBuilder.php(45): Illuminate/Database/Connection->scalar('select exists (...')
#7 C:/Users/Dicky/Documents/PROJEK/juaravibecoding/app_build/backend/vendor/laravel/framework/src/Illuminate/Database/Migrations/DatabaseMigrationRepository.php(184): Illuminate/Database/Schema/MySqlBuilder->hasTable('migrations')
#8 C:/Users/Dicky/Documents/PROJEK/juaravibecoding/app_build/backend/vendor/laravel/framework/src/Illuminate/Database/Migrations/Migrator.php(742): Illuminate/Database/Migrations/DatabaseMigrationRepository->repositoryExists()
#9 C:/Users/Dicky/Documents/PROJEK/juaravibecoding/app_build/backend/vendor/laravel/framework/src/Illuminate/Database/Console/Migrations/StatusCommand.php(56): Illuminate/Database/Migrations/Migrator->repositoryExists()
#10 C:/Users/Dicky/Documents/PROJEK/juaravibecoding/app_build/backend/vendor/laravel/framework/src/Illuminate/Database/Migrations/Migrator.php(658): Illuminate/Database/Console/Migrations/StatusCommand->{closure:Illuminate/Database/Console/Migrations/StatusCommand::handle():55}()
#11 C:/Users/Dicky/Documents/PROJEK/juaravibecoding/app_build/backend/vendor/laravel/framework/src/Illuminate/Database/Console/Migrations/StatusCommand.php(55): Illuminate/Database/Migrations/Migrator->usingConnection(NULL, Object(Closure))
#12 C:/Users/Dicky/Documents/PROJEK/juaravibecoding/app_build/backend/vendor/laravel/framework/src/Illuminate/Container/BoundMethod.php(36): Illuminate/Database/Console/Migrations/StatusCommand->handle()
#13 C:/Users/Dicky/Documents/PROJEK/juaravibecoding/app_build/backend/vendor/laravel/framework/src/Illuminate/Container/Util.php(43): Illuminate/Container/BoundMethod::{closure:Illuminate/Container/BoundMethod::call():35}()
#14 C:/Users/Dicky/Documents/PROJEK/juaravibecoding/app_build/backend/vendor/laravel/framework/src/Illuminate/Container/BoundMethod.php(95): Illuminate/Container/Util::unwrapIfClosure(Object(Closure))
#15 C:/Users/Dicky/Documents/PROJEK/juaravibecoding/app_build/backend/vendor/laravel/framework/src/Illuminate/Container/BoundMethod.php(35): Illuminate/Container/BoundMethod::callBoundMethod(Object(Illuminate/Foundation/Application), Array, Object(Closure))
#16 C:/Users/Dicky/Documents/PROJEK/juaravibecoding/app_build/backend/vendor/laravel/framework/src/Illuminate/Container/Container.php(696): Illuminate/Container/BoundMethod::call(Object(Illuminate/Foundation/Application), Array, Array, NULL)
#17 C:/Users/Dicky/Documents/PROJEK/juaravibecoding/app_build/backend/vendor/laravel/framework/src/Illuminate/Console/Command.php(213): Illuminate/Container/Container->call(Array)
#18 C:/Users/Dicky/Documents/PROJEK/juaravibecoding/app_build/backend/vendor/symfony/console/Command/Command.php(341): Illuminate/Console/Command->execute(Object(Symfony/Component/Console/Input/ArgvInput), Object(Illuminate/Console/OutputStyle))
#19 C:/Users/Dicky/Documents/PROJEK/juaravibecoding/app_build/backend/vendor/laravel/framework/src/Illuminate/Console/Command.php(182): Symfony/Component/Console/Command/Command->run(Object(Symfony/Component/Console/Input/ArgvInput), Object(Illuminate/Console/OutputStyle))
#20 C:/Users/Dicky/Documents/PROJEK/juaravibecoding/app_build/backend/vendor/symfony/console/Application.php(1117): Illuminate/Console/Command->run(Object(Symfony/Component/Console/Input/ArgvInput), Object(Symfony/Component/Console/Output/ConsoleOutput))
#21 C:/Users/Dicky/Documents/PROJEK/juaravibecoding/app_build/backend/vendor/symfony/console/Application.php(356): Symfony/Component/Console/Application->doRunCommand(Object(Illuminate/Database/Console/Migrations/StatusCommand), Object(Symfony/Component/Console/Input/ArgvInput), Object(Symfony/Component/Console/Output/ConsoleOutput))
#22 C:/Users/Dicky/Documents/PROJEK/juaravibecoding/app_build/backend/vendor/symfony/console/Application.php(195): Symfony/Component/Console/Application->doRun(Object(Symfony/Component/Console/Input/ArgvInput), Object(Symfony/Component/Console/Output/ConsoleOutput))
#23 C:/Users/Dicky/Documents/PROJEK/juaravibecoding/app_build/backend/vendor/laravel/framework/src/Illuminate/Foundation/Console/Kernel.php(198): Symfony/Component/Console/Application->run(Object(Symfony/Component/Console/Input/ArgvInput), Object(Symfony/Component/Console/Output/ConsoleOutput))
#24 C:/Users/Dicky/Documents/PROJEK/juaravibecoding/app_build/backend/vendor/laravel/framework/src/Illuminate/Foundation/Application.php(1235): Illuminate/Foundation/Console/Kernel->handle(Object(Symfony/Component/Console/Input/ArgvInput), Object(Symfony/Component/Console/Output/ConsoleOutput))
#25 C:/Users/Dicky/Documents/PROJEK/juaravibecoding/app_build/backend/artisan(16): Illuminate/Foundation/Application->handleCommand(Object(Symfony/Component/Console/Input/ArgvInput))
#26 {main}

[previous exception] [object] (PDOException(code: 2002): SQLSTATE[HY000] [2002] No connection could be made because the target machine actively refused it at C:/Users/Dicky/Documents/PROJEK/juaravibecoding/app_build/backend/vendor/laravel/framework/src/Illuminate/Database/Connectors/Connector.php:67)
[stacktrace]
#0 C:/Users/Dicky/Documents/PROJEK/juaravibecoding/app_build/backend/vendor/laravel/framework/src/Illuminate/Database/Connectors/Connector.php(67): PDO::connect('mysql:host=127....', 'root', Object(SensitiveParameterValue), Array)
#1 C:/Users/Dicky/Documents/PROJEK/juaravibecoding/app_build/backend/vendor/laravel/framework/src/Illuminate/Database/Connectors/Connector.php(85): Illuminate/Database/Connectors/Connector->createPdoConnection('mysql:host=127....', 'root', Object(SensitiveParameterValue), Array)
#2 C:/Users/Dicky/Documents/PROJEK/juaravibecoding/app_build/backend/vendor/laravel/framework/src/Illuminate/Database/Connectors/Connector.php(48): Illuminate/Database/Connectors/Connector->tryAgainIfCausedByLostConnection(Object(PDOException), 'mysql:host=127....', 'root', Object(SensitiveParameterValue), Array)
#3 C:/Users/Dicky/Documents/PROJEK/juaravibecoding/app_build/backend/vendor/laravel/framework/src/Illuminate/Database/Connectors/MySqlConnector.php(24): Illuminate/Database/Connectors/Connector->createConnection('mysql:host=127....', Array, Array)
#4 C:/Users/Dicky/Documents/PROJEK/juaravibecoding/app_build/backend/vendor/laravel/framework/src/Illuminate/Database/Connectors/ConnectionFactory.php(185): Illuminate/Database/Connectors/MySqlConnector->connect(Array)
#5 [internal function]: Illuminate/Database/Connectors/ConnectionFactory->{closure:Illuminate/Database/Connectors/ConnectionFactory::createPdoResolverWithHosts():180}()
#6 C:/Users/Dicky/Documents/PROJEK/juaravibecoding/app_build/backend/vendor/laravel/framework/src/Illuminate/Database/Connection.php(1231): call_user_func(Object(Closure))
#7 C:/Users/Dicky/Documents/PROJEK/juaravibecoding/app_build/backend/vendor/laravel/framework/src/Illuminate/Database/Connection.php(1267): Illuminate/Database/Connection->getPdo()
#8 C:/Users/Dicky/Documents/PROJEK/juaravibecoding/app_build/backend/vendor/laravel/framework/src/Illuminate/Database/Connection.php(512): Illuminate/Database/Connection->getReadPdo()
#9 C:/Users/Dicky/Documents/PROJEK/juaravibecoding/app_build/backend/vendor/laravel/framework/src/Illuminate/Database/Connection.php(407): Illuminate/Database/Connection->getPdoForSelect(true)
#10 C:/Users/Dicky/Documents/PROJEK/juaravibecoding/app_build/backend/vendor/laravel/framework/src/Illuminate/Database/Connection.php(812): Illuminate/Database/Connection->{closure:Illuminate/Database/Connection::select():398}('select exists (...', Array)
#11 C:/Users/Dicky/Documents/PROJEK/juaravibecoding/app_build/backend/vendor/laravel/framework/src/Illuminate/Database/Connection.php(979): Illuminate/Database/Connection->runQueryCallback('select exists (...', Array, Object(Closure))
#12 C:/Users/Dicky/Documents/PROJEK/juaravibecoding/app_build/backend/vendor/laravel/framework/src/Illuminate/Database/Connection.php(958): Illuminate/Database/Connection->tryAgainIfCausedByLostConnection(Object(Illuminate/Database/QueryException), 'select exists (...', Array, Object(Closure))
#13 C:/Users/Dicky/Documents/PROJEK/juaravibecoding/app_build/backend/vendor/laravel/framework/src/Illuminate/Database/Connection.php(781): Illuminate/Database/Connection->handleQueryException(Object(Illuminate/Database/QueryException), 'select exists (...', Array, Object(Closure))
#14 C:/Users/Dicky/Documents/PROJEK/juaravibecoding/app_build/backend/vendor/laravel/framework/src/Illuminate/Database/Connection.php(398): Illuminate/Database/Connection->run('select exists (...', Array, Object(Closure))
#15 C:/Users/Dicky/Documents/PROJEK/juaravibecoding/app_build/backend/vendor/laravel/framework/src/Illuminate/Database/Connection.php(344): Illuminate/Database/Connection->select('select exists (...', Array, true)
#16 C:/Users/Dicky/Documents/PROJEK/juaravibecoding/app_build/backend/vendor/laravel/framework/src/Illuminate/Database/Connection.php(361): Illuminate/Database/Connection->selectOne('select exists (...', Array, true)
#17 C:/Users/Dicky/Documents/PROJEK/juaravibecoding/app_build/backend/vendor/laravel/framework/src/Illuminate/Database/Schema/MySqlBuilder.php(45): Illuminate/Database/Connection->scalar('select exists (...')
#18 C:/Users/Dicky/Documents/PROJEK/juaravibecoding/app_build/backend/vendor/laravel/framework/src/Illuminate/Database/Migrations/DatabaseMigrationRepository.php(184): Illuminate/Database/Schema/MySqlBuilder->hasTable('migrations')
#19 C:/Users/Dicky/Documents/PROJEK/juaravibecoding/app_build/backend/vendor/laravel/framework/src/Illuminate/Database/Migrations/Migrator.php(742): Illuminate/Database/Migrations/DatabaseMigrationRepository->repositoryExists()
#20 C:/Users/Dicky/Documents/PROJEK/juaravibecoding/app_build/backend/vendor/laravel/framework/src/Illuminate/Database/Console/Migrations/StatusCommand.php(56): Illuminate/Database/Migrations/Migrator->repositoryExists()
#21 C:/Users/Dicky/Documents/PROJEK/juaravibecoding/app_build/backend/vendor/laravel/framework/src/Illuminate/Database/Migrations/Migrator.php(658): Illuminate/Database/Console/Migrations/StatusCommand->{closure:Illuminate/Database/Console/Migrations/StatusCommand::handle():55}()
#22 C:/Users/Dicky/Documents/PROJEK/juaravibecoding/app_build/backend/vendor/laravel/framework/src/Illuminate/Database/Console/Migrations/StatusCommand.php(55): Illuminate/Database/Migrations/Migrator->usingConnection(NULL, Object(Closure))
#23 C:/Users/Dicky/Documents/PROJEK/juaravibecoding/app_build/backend/vendor/laravel/framework/src/Illuminate/Container/BoundMethod.php(36): Illuminate/Database/Console/Migrations/StatusCommand->handle()
#24 C:/Users/Dicky/Documents/PROJEK/juaravibecoding/app_build/backend/vendor/laravel/framework/src/Illuminate/Container/Util.php(43): Illuminate/Container/BoundMethod::{closure:Illuminate/Container/BoundMethod::call():35}()
#25 C:/Users/Dicky/Documents/PROJEK/juaravibecoding/app_build/backend/vendor/laravel/framework/src/Illuminate/Container/BoundMethod.php(95): Illuminate/Container/Util::unwrapIfClosure(Object(Closure))
#26 C:/Users/Dicky/Documents/PROJEK/juaravibecoding/app_build/backend/vendor/laravel/framework/src/Illuminate/Container/BoundMethod.php(35): Illuminate/Container/BoundMethod::callBoundMethod(Object(Illuminate/Foundation/Application), Array, Object(Closure))
#27 C:/Users/Dicky/Documents/PROJEK/juaravibecoding/app_build/backend/vendor/laravel/framework/src/Illuminate/Container/Container.php(696): Illuminate/Container/BoundMethod::call(Object(Illuminate/Foundation/Application), Array, Array, NULL)
#28 C:/Users/Dicky/Documents/PROJEK/juaravibecoding/app_build/backend/vendor/laravel/framework/src/Illuminate/Console/Command.php(213): Illuminate/Container/Container->call(Array)
#29 C:/Users/Dicky/Documents/PROJEK/juaravibecoding/app_build/backend/vendor/symfony/console/Command/Command.php(341): Illuminate/Console/Command->execute(Object(Symfony/Component/Console/Input/ArgvInput), Object(Illuminate/Console/OutputStyle))
#30 C:/Users/Dicky/Documents/PROJEK/juaravibecoding/app_build/backend/vendor/laravel/framework/src/Illuminate/Console/Command.php(182): Symfony/Component/Console/Command/Command->run(Object(Symfony/Component/Console/Input/ArgvInput), Object(Illuminate/Console/OutputStyle))
#31 C:/Users/Dicky/Documents/PROJEK/juaravibecoding/app_build/backend/vendor/symfony/console/Application.php(1117): Illuminate/Console/Command->run(Object(Symfony/Component/Console/Input/ArgvInput), Object(Symfony/Component/Console/Output/ConsoleOutput))
#32 C:/Users/Dicky/Documents/PROJEK/juaravibecoding/app_build/backend/vendor/symfony/console/Application.php(356): Symfony/Component/Console/Application->doRunCommand(Object(Illuminate/Database/Console/Migrations/StatusCommand), Object(Symfony/Component/Console/Input/ArgvInput), Object(Symfony/Component/Console/Output/ConsoleOutput))
#33 C:/Users/Dicky/Documents/PROJEK/juaravibecoding/app_build/backend/vendor/symfony/console/Application.php(195): Symfony/Component/Console/Application->doRun(Object(Symfony/Component/Console/Input/ArgvInput), Object(Symfony/Component/Console/Output/ConsoleOutput))
#34 C:/Users/Dicky/Documents/PROJEK/juaravibecoding/app_build/backend/vendor/laravel/framework/src/Illuminate/Foundation/Console/Kernel.php(198): Symfony/Component/Console/Application->run(Object(Symfony/Component/Console/Input/ArgvInput), Object(Symfony/Component/Console/Output/ConsoleOutput))
#35 C:/Users/Dicky/Documents/PROJEK/juaravibecoding/app_build/backend/vendor/laravel/framework/src/Illuminate/Foundation/Application.php(1235): Illuminate/Foundation/Console/Kernel->handle(Object(Symfony/Component/Console/Input/ArgvInput), Object(Symfony/Component/Console/Output/ConsoleOutput))
#36 C:/Users/Dicky/Documents/PROJEK/juaravibecoding/app_build/backend/artisan(16): Illuminate/Foundation/Application->handleCommand(Object(Symfony/Component/Console/Input/ArgvInput))
#37 {main}
"} 
[2026-05-28 10:41:24] local.ERROR: Class "App\Http\Controllers\Controller" not found {"exception":"[object] (Error(code: 0): Class \"App\\Http\\Controllers\\Controller\" not found at C:/Users/Dicky/Documents/PROJEK/juaravibecoding/app_build/backend/app/Http/Controllers/AuthController.php:10)
[stacktrace]
#0 C:/Users/Dicky/Documents/PROJEK/juaravibecoding/app_build/backend/vendor/composer/ClassLoader.php(576): include()
#1 C:/Users/Dicky/Documents/PROJEK/juaravibecoding/app_build/backend/vendor/composer/ClassLoader.php(427): {closure:Composer/Autoload/ClassLoader::initializeIncludeClosure():575}('C://Users//Dicky//...')
#2 [internal function]: Composer/Autoload/ClassLoader->loadClass('App//Http//Contro...')
#3 C:/Users/Dicky/Documents/PROJEK/juaravibecoding/app_build/backend/vendor/laravel/framework/src/Illuminate/Routing/Route.php(1117): is_a('App//Http//Contro...', 'Illuminate//Rout...', true)
#4 C:/Users/Dicky/Documents/PROJEK/juaravibecoding/app_build/backend/vendor/laravel/framework/src/Illuminate/Routing/Route.php(1054): Illuminate/Routing/Route->controllerMiddleware()
#5 C:/Users/Dicky/Documents/PROJEK/juaravibecoding/app_build/backend/vendor/laravel/framework/src/Illuminate/Routing/Router.php(820): Illuminate/Routing/Route->gatherMiddleware()
#6 C:/Users/Dicky/Documents/PROJEK/juaravibecoding/app_build/backend/vendor/laravel/framework/src/Illuminate/Routing/Router.php(802): Illuminate/Routing/Router->gatherRouteMiddleware(Object(Illuminate/Routing/Route))
#7 C:/Users/Dicky/Documents/PROJEK/juaravibecoding/app_build/backend/vendor/laravel/framework/src/Illuminate/Routing/Router.php(786): Illuminate/Routing/Router->runRouteWithinStack(Object(Illuminate/Routing/Route), Object(Illuminate/Http/Request))
#8 C:/Users/Dicky/Documents/PROJEK/juaravibecoding/app_build/backend/vendor/laravel/framework/src/Illuminate/Routing/Router.php(750): Illuminate/Routing/Router->runRoute(Object(Illuminate/Http/Request), Object(Illuminate/Routing/Route))
#9 C:/Users/Dicky/Documents/PROJEK/juaravibecoding/app_build/backend/vendor/laravel/framework/src/Illuminate/Routing/Router.php(739): Illuminate/Routing/Router->dispatchToRoute(Object(Illuminate/Http/Request))
#10 C:/Users/Dicky/Documents/PROJEK/juaravibecoding/app_build/backend/vendor/laravel/framework/src/Illuminate/Foundation/Http/Kernel.php(201): Illuminate/Routing/Router->dispatch(Object(Illuminate/Http/Request))
#11 C:/Users/Dicky/Documents/PROJEK/juaravibecoding/app_build/backend/vendor/laravel/framework/src/Illuminate/Pipeline/Pipeline.php(170): Illuminate/Foundation/Http/Kernel->{closure:Illuminate/Foundation/Http/Kernel::dispatchToRouter():198}(Object(Illuminate/Http/Request))
#12 C:/Users/Dicky/Documents/PROJEK/juaravibecoding/app_build/backend/vendor/laravel/framework/src/Illuminate/Foundation/Http/Middleware/TransformsRequest.php(21): Illuminate/Pipeline/Pipeline->{closure:Illuminate/Pipeline/Pipeline::prepareDestination():168}(Object(Illuminate/Http/Request))
#13 C:/Users/Dicky/Documents/PROJEK/juaravibecoding/app_build/backend/vendor/laravel/framework/src/Illuminate/Foundation/Http/Middleware/ConvertEmptyStringsToNull.php(31): Illuminate/Foundation/Http/Middleware/TransformsRequest->handle(Object(Illuminate/Http/Request), Object(Closure))
#14 C:/Users/Dicky/Documents/PROJEK/juaravibecoding/app_build/backend/vendor/laravel/framework/src/Illuminate/Pipeline/Pipeline.php(209): Illuminate/Foundation/Http/Middleware/ConvertEmptyStringsToNull->handle(Object(Illuminate/Http/Request), Object(Closure))
#15 C:/Users/Dicky/Documents/PROJEK/juaravibecoding/app_build/backend/vendor/laravel/framework/src/Illuminate/Foundation/Http/Middleware/TransformsRequest.php(21): Illuminate/Pipeline/Pipeline->{closure:{closure:Illuminate/Pipeline/Pipeline::carry():184}:185}(Object(Illuminate/Http/Request))
#16 C:/Users/Dicky/Documents/PROJEK/juaravibecoding/app_build/backend/vendor/laravel/framework/src/Illuminate/Foundation/Http/Middleware/TrimStrings.php(51): Illuminate/Foundation/Http/Middleware/TransformsRequest->handle(Object(Illuminate/Http/Request), Object(Closure))
#17 C:/Users/Dicky/Documents/PROJEK/juaravibecoding/app_build/backend/vendor/laravel/framework/src/Illuminate/Pipeline/Pipeline.php(209): Illuminate/Foundation/Http/Middleware/TrimStrings->handle(Object(Illuminate/Http/Request), Object(Closure))
#18 C:/Users/Dicky/Documents/PROJEK/juaravibecoding/app_build/backend/vendor/laravel/framework/src/Illuminate/Http/Middleware/ValidatePostSize.php(27): Illuminate/Pipeline/Pipeline->{closure:{closure:Illuminate/Pipeline/Pipeline::carry():184}:185}(Object(Illuminate/Http/Request))
#19 C:/Users/Dicky/Documents/PROJEK/juaravibecoding/app_build/backend/vendor/laravel/framework/src/Illuminate/Pipeline/Pipeline.php(209): Illuminate/Http/Middleware/ValidatePostSize->handle(Object(Illuminate/Http/Request), Object(Closure))
#20 C:/Users/Dicky/Documents/PROJEK/juaravibecoding/app_build/backend/vendor/laravel/framework/src/Illuminate/Foundation/Http/Middleware/PreventRequestsDuringMaintenance.php(110): Illuminate/Pipeline/Pipeline->{closure:{closure:Illuminate/Pipeline/Pipeline::carry():184}:185}(Object(Illuminate/Http/Request))
#21 C:/Users/Dicky/Documents/PROJEK/juaravibecoding/app_build/backend/vendor/laravel/framework/src/Illuminate/Pipeline/Pipeline.php(209): Illuminate/Foundation/Http/Middleware/PreventRequestsDuringMaintenance->handle(Object(Illuminate/Http/Request), Object(Closure))
#22 C:/Users/Dicky/Documents/PROJEK/juaravibecoding/app_build/backend/vendor/laravel/framework/src/Illuminate/Http/Middleware/HandleCors.php(62): Illuminate/Pipeline/Pipeline->{closure:{closure:Illuminate/Pipeline/Pipeline::carry():184}:185}(Object(Illuminate/Http/Request))
#23 C:/Users/Dicky/Documents/PROJEK/juaravibecoding/app_build/backend/vendor/laravel/framework/src/Illuminate/Pipeline/Pipeline.php(209): Illuminate/Http/Middleware/HandleCors->handle(Object(Illuminate/Http/Request), Object(Closure))
#24 C:/Users/Dicky/Documents/PROJEK/juaravibecoding/app_build/backend/vendor/laravel/framework/src/Illuminate/Http/Middleware/TrustProxies.php(58): Illuminate/Pipeline/Pipeline->{closure:{closure:Illuminate/Pipeline/Pipeline::carry():184}:185}(Object(Illuminate/Http/Request))
#25 C:/Users/Dicky/Documents/PROJEK/juaravibecoding/app_build/backend/vendor/laravel/framework/src/Illuminate/Pipeline/Pipeline.php(209): Illuminate/Http/Middleware/TrustProxies->handle(Object(Illuminate/Http/Request), Object(Closure))
#26 C:/Users/Dicky/Documents/PROJEK/juaravibecoding/app_build/backend/vendor/laravel/framework/src/Illuminate/Foundation/Http/Middleware/InvokeDeferredCallbacks.php(22): Illuminate/Pipeline/Pipeline->{closure:{closure:Illuminate/Pipeline/Pipeline::carry():184}:185}(Object(Illuminate/Http/Request))
#27 C:/Users/Dicky/Documents/PROJEK/juaravibecoding/app_build/backend/vendor/laravel/framework/src/Illuminate/Pipeline/Pipeline.php(209): Illuminate/Foundation/Http/Middleware/InvokeDeferredCallbacks->handle(Object(Illuminate/Http/Request), Object(Closure))
#28 C:/Users/Dicky/Documents/PROJEK/juaravibecoding/app_build/backend/vendor/laravel/framework/src/Illuminate/Pipeline/Pipeline.php(127): Illuminate/Pipeline/Pipeline->{closure:{closure:Illuminate/Pipeline/Pipeline::carry():184}:185}(Object(Illuminate/Http/Request))
#29 C:/Users/Dicky/Documents/PROJEK/juaravibecoding/app_build/backend/vendor/laravel/framework/src/Illuminate/Foundation/Http/Kernel.php(176): Illuminate/Pipeline/Pipeline->then(Object(Closure))
#30 C:/Users/Dicky/Documents/PROJEK/juaravibecoding/app_build/backend/vendor/laravel/framework/src/Illuminate/Foundation/Http/Kernel.php(145): Illuminate/Foundation/Http/Kernel->sendRequestThroughRouter(Object(Illuminate/Http/Request))
#31 C:/Users/Dicky/Documents/PROJEK/juaravibecoding/app_build/backend/vendor/laravel/framework/src/Illuminate/Foundation/Application.php(1220): Illuminate/Foundation/Http/Kernel->handle(Object(Illuminate/Http/Request))
#32 C:/Users/Dicky/Documents/PROJEK/juaravibecoding/app_build/backend/public/index.php(17): Illuminate/Foundation/Application->handleRequest(Object(Illuminate/Http/Request))
#33 {main}
"} 
[2026-05-28 10:41:34] local.ERROR: Class "App\Http\Controllers\Controller" not found {"exception":"[object] (Error(code: 0): Class \"App\\Http\\Controllers\\Controller\" not found at C:/Users/Dicky/Documents/PROJEK/juaravibecoding/app_build/backend/app/Http/Controllers/AuthController.php:10)
[stacktrace]
#0 C:/Users/Dicky/Documents/PROJEK/juaravibecoding/app_build/backend/vendor/composer/ClassLoader.php(576): include()
#1 C:/Users/Dicky/Documents/PROJEK/juaravibecoding/app_build/backend/vendor/composer/ClassLoader.php(427): {closure:Composer/Autoload/ClassLoader::initializeIncludeClosure():575}('C://Users//Dicky//...')
#2 [internal function]: Composer/Autoload/ClassLoader->loadClass('App//Http//Contro...')
#3 C:/Users/Dicky/Documents/PROJEK/juaravibecoding/app_build/backend/vendor/laravel/framework/src/Illuminate/Routing/Route.php(1117): is_a('App//Http//Contro...', 'Illuminate//Rout...', true)
#4 C:/Users/Dicky/Documents/PROJEK/juaravibecoding/app_build/backend/vendor/laravel/framework/src/Illuminate/Routing/Route.php(1054): Illuminate/Routing/Route->controllerMiddleware()
#5 C:/Users/Dicky/Documents/PROJEK/juaravibecoding/app_build/backend/vendor/laravel/framework/src/Illuminate/Routing/Router.php(820): Illuminate/Routing/Route->gatherMiddleware()
#6 C:/Users/Dicky/Documents/PROJEK/juaravibecoding/app_build/backend/vendor/laravel/framework/src/Illuminate/Routing/Router.php(802): Illuminate/Routing/Router->gatherRouteMiddleware(Object(Illuminate/Routing/Route))
#7 C:/Users/Dicky/Documents/PROJEK/juaravibecoding/app_build/backend/vendor/laravel/framework/src/Illuminate/Routing/Router.php(786): Illuminate/Routing/Router->runRouteWithinStack(Object(Illuminate/Routing/Route), Object(Illuminate/Http/Request))
#8 C:/Users/Dicky/Documents/PROJEK/juaravibecoding/app_build/backend/vendor/laravel/framework/src/Illuminate/Routing/Router.php(750): Illuminate/Routing/Router->runRoute(Object(Illuminate/Http/Request), Object(Illuminate/Routing/Route))
#9 C:/Users/Dicky/Documents/PROJEK/juaravibecoding/app_build/backend/vendor/laravel/framework/src/Illuminate/Routing/Router.php(739): Illuminate/Routing/Router->dispatchToRoute(Object(Illuminate/Http/Request))
#10 C:/Users/Dicky/Documents/PROJEK/juaravibecoding/app_build/backend/vendor/laravel/framework/src/Illuminate/Foundation/Http/Kernel.php(201): Illuminate/Routing/Router->dispatch(Object(Illuminate/Http/Request))
#11 C:/Users/Dicky/Documents/PROJEK/juaravibecoding/app_build/backend/vendor/laravel/framework/src/Illuminate/Pipeline/Pipeline.php(170): Illuminate/Foundation/Http/Kernel->{closure:Illuminate/Foundation/Http/Kernel::dispatchToRouter():198}(Object(Illuminate/Http/Request))
#12 C:/Users/Dicky/Documents/PROJEK/juaravibecoding/app_build/backend/vendor/laravel/framework/src/Illuminate/Foundation/Http/Middleware/TransformsRequest.php(21): Illuminate/Pipeline/Pipeline->{closure:Illuminate/Pipeline/Pipeline::prepareDestination():168}(Object(Illuminate/Http/Request))
#13 C:/Users/Dicky/Documents/PROJEK/juaravibecoding/app_build/backend/vendor/laravel/framework/src/Illuminate/Foundation/Http/Middleware/ConvertEmptyStringsToNull.php(31): Illuminate/Foundation/Http/Middleware/TransformsRequest->handle(Object(Illuminate/Http/Request), Object(Closure))
#14 C:/Users/Dicky/Documents/PROJEK/juaravibecoding/app_build/backend/vendor/laravel/framework/src/Illuminate/Pipeline/Pipeline.php(209): Illuminate/Foundation/Http/Middleware/ConvertEmptyStringsToNull->handle(Object(Illuminate/Http/Request), Object(Closure))
#15 C:/Users/Dicky/Documents/PROJEK/juaravibecoding/app_build/backend/vendor/laravel/framework/src/Illuminate/Foundation/Http/Middleware/TransformsRequest.php(21): Illuminate/Pipeline/Pipeline->{closure:{closure:Illuminate/Pipeline/Pipeline::carry():184}:185}(Object(Illuminate/Http/Request))
#16 C:/Users/Dicky/Documents/PROJEK/juaravibecoding/app_build/backend/vendor/laravel/framework/src/Illuminate/Foundation/Http/Middleware/TrimStrings.php(51): Illuminate/Foundation/Http/Middleware/TransformsRequest->handle(Object(Illuminate/Http/Request), Object(Closure))
#17 C:/Users/Dicky/Documents/PROJEK/juaravibecoding/app_build/backend/vendor/laravel/framework/src/Illuminate/Pipeline/Pipeline.php(209): Illuminate/Foundation/Http/Middleware/TrimStrings->handle(Object(Illuminate/Http/Request), Object(Closure))
#18 C:/Users/Dicky/Documents/PROJEK/juaravibecoding/app_build/backend/vendor/laravel/framework/src/Illuminate/Http/Middleware/ValidatePostSize.php(27): Illuminate/Pipeline/Pipeline->{closure:{closure:Illuminate/Pipeline/Pipeline::carry():184}:185}(Object(Illuminate/Http/Request))
#19 C:/Users/Dicky/Documents/PROJEK/juaravibecoding/app_build/backend/vendor/laravel/framework/src/Illuminate/Pipeline/Pipeline.php(209): Illuminate/Http/Middleware/ValidatePostSize->handle(Object(Illuminate/Http/Request), Object(Closure))
#20 C:/Users/Dicky/Documents/PROJEK/juaravibecoding/app_build/backend/vendor/laravel/framework/src/Illuminate/Foundation/Http/Middleware/PreventRequestsDuringMaintenance.php(110): Illuminate/Pipeline/Pipeline->{closure:{closure:Illuminate/Pipeline/Pipeline::carry():184}:185}(Object(Illuminate/Http/Request))
#21 C:/Users/Dicky/Documents/PROJEK/juaravibecoding/app_build/backend/vendor/laravel/framework/src/Illuminate/Pipeline/Pipeline.php(209): Illuminate/Foundation/Http/Middleware/PreventRequestsDuringMaintenance->handle(Object(Illuminate/Http/Request), Object(Closure))
#22 C:/Users/Dicky/Documents/PROJEK/juaravibecoding/app_build/backend/vendor/laravel/framework/src/Illuminate/Http/Middleware/HandleCors.php(62): Illuminate/Pipeline/Pipeline->{closure:{closure:Illuminate/Pipeline/Pipeline::carry():184}:185}(Object(Illuminate/Http/Request))
#23 C:/Users/Dicky/Documents/PROJEK/juaravibecoding/app_build/backend/vendor/laravel/framework/src/Illuminate/Pipeline/Pipeline.php(209): Illuminate/Http/Middleware/HandleCors->handle(Object(Illuminate/Http/Request), Object(Closure))
#24 C:/Users/Dicky/Documents/PROJEK/juaravibecoding/app_build/backend/vendor/laravel/framework/src/Illuminate/Http/Middleware/TrustProxies.php(58): Illuminate/Pipeline/Pipeline->{closure:{closure:Illuminate/Pipeline/Pipeline::carry():184}:185}(Object(Illuminate/Http/Request))
#25 C:/Users/Dicky/Documents/PROJEK/juaravibecoding/app_build/backend/vendor/laravel/framework/src/Illuminate/Pipeline/Pipeline.php(209): Illuminate/Http/Middleware/TrustProxies->handle(Object(Illuminate/Http/Request), Object(Closure))
#26 C:/Users/Dicky/Documents/PROJEK/juaravibecoding/app_build/backend/vendor/laravel/framework/src/Illuminate/Foundation/Http/Middleware/InvokeDeferredCallbacks.php(22): Illuminate/Pipeline/Pipeline->{closure:{closure:Illuminate/Pipeline/Pipeline::carry():184}:185}(Object(Illuminate/Http/Request))
#27 C:/Users/Dicky/Documents/PROJEK/juaravibecoding/app_build/backend/vendor/laravel/framework/src/Illuminate/Pipeline/Pipeline.php(209): Illuminate/Foundation/Http/Middleware/InvokeDeferredCallbacks->handle(Object(Illuminate/Http/Request), Object(Closure))
#28 C:/Users/Dicky/Documents/PROJEK/juaravibecoding/app_build/backend/vendor/laravel/framework/src/Illuminate/Pipeline/Pipeline.php(127): Illuminate/Pipeline/Pipeline->{closure:{closure:Illuminate/Pipeline/Pipeline::carry():184}:185}(Object(Illuminate/Http/Request))
#29 C:/Users/Dicky/Documents/PROJEK/juaravibecoding/app_build/backend/vendor/laravel/framework/src/Illuminate/Foundation/Http/Kernel.php(176): Illuminate/Pipeline/Pipeline->then(Object(Closure))
#30 C:/Users/Dicky/Documents/PROJEK/juaravibecoding/app_build/backend/vendor/laravel/framework/src/Illuminate/Foundation/Http/Kernel.php(145): Illuminate/Foundation/Http/Kernel->sendRequestThroughRouter(Object(Illuminate/Http/Request))
#31 C:/Users/Dicky/Documents/PROJEK/juaravibecoding/app_build/backend/vendor/laravel/framework/src/Illuminate/Foundation/Application.php(1220): Illuminate/Foundation/Http/Kernel->handle(Object(Illuminate/Http/Request))
#32 C:/Users/Dicky/Documents/PROJEK/juaravibecoding/app_build/backend/public/index.php(17): Illuminate/Foundation/Application->handleRequest(Object(Illuminate/Http/Request))
#33 {main}
"} 
[2026-05-28 10:41:36] local.ERROR: Class "App\Http\Controllers\Controller" not found {"exception":"[object] (Error(code: 0): Class \"App\\Http\\Controllers\\Controller\" not found at C:/Users/Dicky/Documents/PROJEK/juaravibecoding/app_build/backend/app/Http/Controllers/AuthController.php:10)
[stacktrace]
#0 C:/Users/Dicky/Documents/PROJEK/juaravibecoding/app_build/backend/vendor/composer/ClassLoader.php(576): include()
#1 C:/Users/Dicky/Documents/PROJEK/juaravibecoding/app_build/backend/vendor/composer/ClassLoader.php(427): {closure:Composer/Autoload/ClassLoader::initializeIncludeClosure():575}('C://Users//Dicky//...')
#2 [internal function]: Composer/Autoload/ClassLoader->loadClass('App//Http//Contro...')
#3 C:/Users/Dicky/Documents/PROJEK/juaravibecoding/app_build/backend/vendor/laravel/framework/src/Illuminate/Routing/Route.php(1117): is_a('App//Http//Contro...', 'Illuminate//Rout...', true)
#4 C:/Users/Dicky/Documents/PROJEK/juaravibecoding/app_build/backend/vendor/laravel/framework/src/Illuminate/Routing/Route.php(1054): Illuminate/Routing/Route->controllerMiddleware()
#5 C:/Users/Dicky/Documents/PROJEK/juaravibecoding/app_build/backend/vendor/laravel/framework/src/Illuminate/Routing/Router.php(820): Illuminate/Routing/Route->gatherMiddleware()
#6 C:/Users/Dicky/Documents/PROJEK/juaravibecoding/app_build/backend/vendor/laravel/framework/src/Illuminate/Routing/Router.php(802): Illuminate/Routing/Router->gatherRouteMiddleware(Object(Illuminate/Routing/Route))
#7 C:/Users/Dicky/Documents/PROJEK/juaravibecoding/app_build/backend/vendor/laravel/framework/src/Illuminate/Routing/Router.php(786): Illuminate/Routing/Router->runRouteWithinStack(Object(Illuminate/Routing/Route), Object(Illuminate/Http/Request))
#8 C:/Users/Dicky/Documents/PROJEK/juaravibecoding/app_build/backend/vendor/laravel/framework/src/Illuminate/Routing/Router.php(750): Illuminate/Routing/Router->runRoute(Object(Illuminate/Http/Request), Object(Illuminate/Routing/Route))
#9 C:/Users/Dicky/Documents/PROJEK/juaravibecoding/app_build/backend/vendor/laravel/framework/src/Illuminate/Routing/Router.php(739): Illuminate/Routing/Router->dispatchToRoute(Object(Illuminate/Http/Request))
#10 C:/Users/Dicky/Documents/PROJEK/juaravibecoding/app_build/backend/vendor/laravel/framework/src/Illuminate/Foundation/Http/Kernel.php(201): Illuminate/Routing/Router->dispatch(Object(Illuminate/Http/Request))
#11 C:/Users/Dicky/Documents/PROJEK/juaravibecoding/app_build/backend/vendor/laravel/framework/src/Illuminate/Pipeline/Pipeline.php(170): Illuminate/Foundation/Http/Kernel->{closure:Illuminate/Foundation/Http/Kernel::dispatchToRouter():198}(Object(Illuminate/Http/Request))
#12 C:/Users/Dicky/Documents/PROJEK/juaravibecoding/app_build/backend/vendor/laravel/framework/src/Illuminate/Foundation/Http/Middleware/TransformsRequest.php(21): Illuminate/Pipeline/Pipeline->{closure:Illuminate/Pipeline/Pipeline::prepareDestination():168}(Object(Illuminate/Http/Request))
#13 C:/Users/Dicky/Documents/PROJEK/juaravibecoding/app_build/backend/vendor/laravel/framework/src/Illuminate/Foundation/Http/Middleware/ConvertEmptyStringsToNull.php(31): Illuminate/Foundation/Http/Middleware/TransformsRequest->handle(Object(Illuminate/Http/Request), Object(Closure))
#14 C:/Users/Dicky/Documents/PROJEK/juaravibecoding/app_build/backend/vendor/laravel/framework/src/Illuminate/Pipeline/Pipeline.php(209): Illuminate/Foundation/Http/Middleware/ConvertEmptyStringsToNull->handle(Object(Illuminate/Http/Request), Object(Closure))
#15 C:/Users/Dicky/Documents/PROJEK/juaravibecoding/app_build/backend/vendor/laravel/framework/src/Illuminate/Foundation/Http/Middleware/TransformsRequest.php(21): Illuminate/Pipeline/Pipeline->{closure:{closure:Illuminate/Pipeline/Pipeline::carry():184}:185}(Object(Illuminate/Http/Request))
#16 C:/Users/Dicky/Documents/PROJEK/juaravibecoding/app_build/backend/vendor/laravel/framework/src/Illuminate/Foundation/Http/Middleware/TrimStrings.php(51): Illuminate/Foundation/Http/Middleware/TransformsRequest->handle(Object(Illuminate/Http/Request), Object(Closure))
#17 C:/Users/Dicky/Documents/PROJEK/juaravibecoding/app_build/backend/vendor/laravel/framework/src/Illuminate/Pipeline/Pipeline.php(209): Illuminate/Foundation/Http/Middleware/TrimStrings->handle(Object(Illuminate/Http/Request), Object(Closure))
#18 C:/Users/Dicky/Documents/PROJEK/juaravibecoding/app_build/backend/vendor/laravel/framework/src/Illuminate/Http/Middleware/ValidatePostSize.php(27): Illuminate/Pipeline/Pipeline->{closure:{closure:Illuminate/Pipeline/Pipeline::carry():184}:185}(Object(Illuminate/Http/Request))
#19 C:/Users/Dicky/Documents/PROJEK/juaravibecoding/app_build/backend/vendor/laravel/framework/src/Illuminate/Pipeline/Pipeline.php(209): Illuminate/Http/Middleware/ValidatePostSize->handle(Object(Illuminate/Http/Request), Object(Closure))
#20 C:/Users/Dicky/Documents/PROJEK/juaravibecoding/app_build/backend/vendor/laravel/framework/src/Illuminate/Foundation/Http/Middleware/PreventRequestsDuringMaintenance.php(110): Illuminate/Pipeline/Pipeline->{closure:{closure:Illuminate/Pipeline/Pipeline::carry():184}:185}(Object(Illuminate/Http/Request))
#21 C:/Users/Dicky/Documents/PROJEK/juaravibecoding/app_build/backend/vendor/laravel/framework/src/Illuminate/Pipeline/Pipeline.php(209): Illuminate/Foundation/Http/Middleware/PreventRequestsDuringMaintenance->handle(Object(Illuminate/Http/Request), Object(Closure))
#22 C:/Users/Dicky/Documents/PROJEK/juaravibecoding/app_build/backend/vendor/laravel/framework/src/Illuminate/Http/Middleware/HandleCors.php(62): Illuminate/Pipeline/Pipeline->{closure:{closure:Illuminate/Pipeline/Pipeline::carry():184}:185}(Object(Illuminate/Http/Request))
#23 C:/Users/Dicky/Documents/PROJEK/juaravibecoding/app_build/backend/vendor/laravel/framework/src/Illuminate/Pipeline/Pipeline.php(209): Illuminate/Http/Middleware/HandleCors->handle(Object(Illuminate/Http/Request), Object(Closure))
#24 C:/Users/Dicky/Documents/PROJEK/juaravibecoding/app_build/backend/vendor/laravel/framework/src/Illuminate/Http/Middleware/TrustProxies.php(58): Illuminate/Pipeline/Pipeline->{closure:{closure:Illuminate/Pipeline/Pipeline::carry():184}:185}(Object(Illuminate/Http/Request))
#25 C:/Users/Dicky/Documents/PROJEK/juaravibecoding/app_build/backend/vendor/laravel/framework/src/Illuminate/Pipeline/Pipeline.php(209): Illuminate/Http/Middleware/TrustProxies->handle(Object(Illuminate/Http/Request), Object(Closure))
#26 C:/Users/Dicky/Documents/PROJEK/juaravibecoding/app_build/backend/vendor/laravel/framework/src/Illuminate/Foundation/Http/Middleware/InvokeDeferredCallbacks.php(22): Illuminate/Pipeline/Pipeline->{closure:{closure:Illuminate/Pipeline/Pipeline::carry():184}:185}(Object(Illuminate/Http/Request))
#27 C:/Users/Dicky/Documents/PROJEK/juaravibecoding/app_build/backend/vendor/laravel/framework/src/Illuminate/Pipeline/Pipeline.php(209): Illuminate/Foundation/Http/Middleware/InvokeDeferredCallbacks->handle(Object(Illuminate/Http/Request), Object(Closure))
#28 C:/Users/Dicky/Documents/PROJEK/juaravibecoding/app_build/backend/vendor/laravel/framework/src/Illuminate/Pipeline/Pipeline.php(127): Illuminate/Pipeline/Pipeline->{closure:{closure:Illuminate/Pipeline/Pipeline::carry():184}:185}(Object(Illuminate/Http/Request))
#29 C:/Users/Dicky/Documents/PROJEK/juaravibecoding/app_build/backend/vendor/laravel/framework/src/Illuminate/Foundation/Http/Kernel.php(176): Illuminate/Pipeline/Pipeline->then(Object(Closure))
#30 C:/Users/Dicky/Documents/PROJEK/juaravibecoding/app_build/backend/vendor/laravel/framework/src/Illuminate/Foundation/Http/Kernel.php(145): Illuminate/Foundation/Http/Kernel->sendRequestThroughRouter(Object(Illuminate/Http/Request))
#31 C:/Users/Dicky/Documents/PROJEK/juaravibecoding/app_build/backend/vendor/laravel/framework/src/Illuminate/Foundation/Application.php(1220): Illuminate/Foundation/Http/Kernel->handle(Object(Illuminate/Http/Request))
#32 C:/Users/Dicky/Documents/PROJEK/juaravibecoding/app_build/backend/public/index.php(17): Illuminate/Foundation/Application->handleRequest(Object(Illuminate/Http/Request))
#33 {main}
"} 
[2026-05-28 10:43:01] local.ERROR: Class "App\Http\Controllers\Controller" not found {"exception":"[object] (Error(code: 0): Class \"App\\Http\\Controllers\\Controller\" not found at C:/Users/Dicky/Documents/PROJEK/juaravibecoding/app_build/backend/app/Http/Controllers/AuthController.php:10)
[stacktrace]
#0 C:/Users/Dicky/Documents/PROJEK/juaravibecoding/app_build/backend/vendor/composer/ClassLoader.php(576): include()
#1 C:/Users/Dicky/Documents/PROJEK/juaravibecoding/app_build/backend/vendor/composer/ClassLoader.php(427): {closure:Composer/Autoload/ClassLoader::initializeIncludeClosure():575}('C://Users//Dicky//...')
#2 [internal function]: Composer/Autoload/ClassLoader->loadClass('App//Http//Contro...')
#3 C:/Users/Dicky/Documents/PROJEK/juaravibecoding/app_build/backend/vendor/laravel/framework/src/Illuminate/Routing/Route.php(1117): is_a('App//Http//Contro...', 'Illuminate//Rout...', true)
#4 C:/Users/Dicky/Documents/PROJEK/juaravibecoding/app_build/backend/vendor/laravel/framework/src/Illuminate/Routing/Route.php(1054): Illuminate/Routing/Route->controllerMiddleware()
#5 C:/Users/Dicky/Documents/PROJEK/juaravibecoding/app_build/backend/vendor/laravel/framework/src/Illuminate/Routing/Router.php(820): Illuminate/Routing/Route->gatherMiddleware()
#6 C:/Users/Dicky/Documents/PROJEK/juaravibecoding/app_build/backend/vendor/laravel/framework/src/Illuminate/Routing/Router.php(802): Illuminate/Routing/Router->gatherRouteMiddleware(Object(Illuminate/Routing/Route))
#7 C:/Users/Dicky/Documents/PROJEK/juaravibecoding/app_build/backend/vendor/laravel/framework/src/Illuminate/Routing/Router.php(786): Illuminate/Routing/Router->runRouteWithinStack(Object(Illuminate/Routing/Route), Object(Illuminate/Http/Request))
#8 C:/Users/Dicky/Documents/PROJEK/juaravibecoding/app_build/backend/vendor/laravel/framework/src/Illuminate/Routing/Router.php(750): Illuminate/Routing/Router->runRoute(Object(Illuminate/Http/Request), Object(Illuminate/Routing/Route))
#9 C:/Users/Dicky/Documents/PROJEK/juaravibecoding/app_build/backend/vendor/laravel/framework/src/Illuminate/Routing/Router.php(739): Illuminate/Routing/Router->dispatchToRoute(Object(Illuminate/Http/Request))
#10 C:/Users/Dicky/Documents/PROJEK/juaravibecoding/app_build/backend/vendor/laravel/framework/src/Illuminate/Foundation/Http/Kernel.php(201): Illuminate/Routing/Router->dispatch(Object(Illuminate/Http/Request))
#11 C:/Users/Dicky/Documents/PROJEK/juaravibecoding/app_build/backend/vendor/laravel/framework/src/Illuminate/Pipeline/Pipeline.php(170): Illuminate/Foundation/Http/Kernel->{closure:Illuminate/Foundation/Http/Kernel::dispatchToRouter():198}(Object(Illuminate/Http/Request))
#12 C:/Users/Dicky/Documents/PROJEK/juaravibecoding/app_build/backend/vendor/laravel/framework/src/Illuminate/Foundation/Http/Middleware/TransformsRequest.php(21): Illuminate/Pipeline/Pipeline->{closure:Illuminate/Pipeline/Pipeline::prepareDestination():168}(Object(Illuminate/Http/Request))
#13 C:/Users/Dicky/Documents/PROJEK/juaravibecoding/app_build/backend/vendor/laravel/framework/src/Illuminate/Foundation/Http/Middleware/ConvertEmptyStringsToNull.php(31): Illuminate/Foundation/Http/Middleware/TransformsRequest->handle(Object(Illuminate/Http/Request), Object(Closure))
#14 C:/Users/Dicky/Documents/PROJEK/juaravibecoding/app_build/backend/vendor/laravel/framework/src/Illuminate/Pipeline/Pipeline.php(209): Illuminate/Foundation/Http/Middleware/ConvertEmptyStringsToNull->handle(Object(Illuminate/Http/Request), Object(Closure))
#15 C:/Users/Dicky/Documents/PROJEK/juaravibecoding/app_build/backend/vendor/laravel/framework/src/Illuminate/Foundation/Http/Middleware/TransformsRequest.php(21): Illuminate/Pipeline/Pipeline->{closure:{closure:Illuminate/Pipeline/Pipeline::carry():184}:185}(Object(Illuminate/Http/Request))
#16 C:/Users/Dicky/Documents/PROJEK/juaravibecoding/app_build/backend/vendor/laravel/framework/src/Illuminate/Foundation/Http/Middleware/TrimStrings.php(51): Illuminate/Foundation/Http/Middleware/TransformsRequest->handle(Object(Illuminate/Http/Request), Object(Closure))
#17 C:/Users/Dicky/Documents/PROJEK/juaravibecoding/app_build/backend/vendor/laravel/framework/src/Illuminate/Pipeline/Pipeline.php(209): Illuminate/Foundation/Http/Middleware/TrimStrings->handle(Object(Illuminate/Http/Request), Object(Closure))
#18 C:/Users/Dicky/Documents/PROJEK/juaravibecoding/app_build/backend/vendor/laravel/framework/src/Illuminate/Http/Middleware/ValidatePostSize.php(27): Illuminate/Pipeline/Pipeline->{closure:{closure:Illuminate/Pipeline/Pipeline::carry():184}:185}(Object(Illuminate/Http/Request))
#19 C:/Users/Dicky/Documents/PROJEK/juaravibecoding/app_build/backend/vendor/laravel/framework/src/Illuminate/Pipeline/Pipeline.php(209): Illuminate/Http/Middleware/ValidatePostSize->handle(Object(Illuminate/Http/Request), Object(Closure))
#20 C:/Users/Dicky/Documents/PROJEK/juaravibecoding/app_build/backend/vendor/laravel/framework/src/Illuminate/Foundation/Http/Middleware/PreventRequestsDuringMaintenance.php(110): Illuminate/Pipeline/Pipeline->{closure:{closure:Illuminate/Pipeline/Pipeline::carry():184}:185}(Object(Illuminate/Http/Request))
#21 C:/Users/Dicky/Documents/PROJEK/juaravibecoding/app_build/backend/vendor/laravel/framework/src/Illuminate/Pipeline/Pipeline.php(209): Illuminate/Foundation/Http/Middleware/PreventRequestsDuringMaintenance->handle(Object(Illuminate/Http/Request), Object(Closure))
#22 C:/Users/Dicky/Documents/PROJEK/juaravibecoding/app_build/backend/vendor/laravel/framework/src/Illuminate/Http/Middleware/HandleCors.php(62): Illuminate/Pipeline/Pipeline->{closure:{closure:Illuminate/Pipeline/Pipeline::carry():184}:185}(Object(Illuminate/Http/Request))
#23 C:/Users/Dicky/Documents/PROJEK/juaravibecoding/app_build/backend/vendor/laravel/framework/src/Illuminate/Pipeline/Pipeline.php(209): Illuminate/Http/Middleware/HandleCors->handle(Object(Illuminate/Http/Request), Object(Closure))
#24 C:/Users/Dicky/Documents/PROJEK/juaravibecoding/app_build/backend/vendor/laravel/framework/src/Illuminate/Http/Middleware/TrustProxies.php(58): Illuminate/Pipeline/Pipeline->{closure:{closure:Illuminate/Pipeline/Pipeline::carry():184}:185}(Object(Illuminate/Http/Request))
#25 C:/Users/Dicky/Documents/PROJEK/juaravibecoding/app_build/backend/vendor/laravel/framework/src/Illuminate/Pipeline/Pipeline.php(209): Illuminate/Http/Middleware/TrustProxies->handle(Object(Illuminate/Http/Request), Object(Closure))
#26 C:/Users/Dicky/Documents/PROJEK/juaravibecoding/app_build/backend/vendor/laravel/framework/src/Illuminate/Foundation/Http/Middleware/InvokeDeferredCallbacks.php(22): Illuminate/Pipeline/Pipeline->{closure:{closure:Illuminate/Pipeline/Pipeline::carry():184}:185}(Object(Illuminate/Http/Request))
#27 C:/Users/Dicky/Documents/PROJEK/juaravibecoding/app_build/backend/vendor/laravel/framework/src/Illuminate/Pipeline/Pipeline.php(209): Illuminate/Foundation/Http/Middleware/InvokeDeferredCallbacks->handle(Object(Illuminate/Http/Request), Object(Closure))
#28 C:/Users/Dicky/Documents/PROJEK/juaravibecoding/app_build/backend/vendor/laravel/framework/src/Illuminate/Pipeline/Pipeline.php(127): Illuminate/Pipeline/Pipeline->{closure:{closure:Illuminate/Pipeline/Pipeline::carry():184}:185}(Object(Illuminate/Http/Request))
#29 C:/Users/Dicky/Documents/PROJEK/juaravibecoding/app_build/backend/vendor/laravel/framework/src/Illuminate/Foundation/Http/Kernel.php(176): Illuminate/Pipeline/Pipeline->then(Object(Closure))
#30 C:/Users/Dicky/Documents/PROJEK/juaravibecoding/app_build/backend/vendor/laravel/framework/src/Illuminate/Foundation/Http/Kernel.php(145): Illuminate/Foundation/Http/Kernel->sendRequestThroughRouter(Object(Illuminate/Http/Request))
#31 C:/Users/Dicky/Documents/PROJEK/juaravibecoding/app_build/backend/vendor/laravel/framework/src/Illuminate/Foundation/Application.php(1220): Illuminate/Foundation/Http/Kernel->handle(Object(Illuminate/Http/Request))
#32 C:/Users/Dicky/Documents/PROJEK/juaravibecoding/app_build/backend/public/index.php(17): Illuminate/Foundation/Application->handleRequest(Object(Illuminate/Http/Request))
#33 {main}
"} 
[2026-05-28 10:43:02] local.ERROR: Class "App\Http\Controllers\Controller" not found {"exception":"[object] (Error(code: 0): Class \"App\\Http\\Controllers\\Controller\" not found at C:/Users/Dicky/Documents/PROJEK/juaravibecoding/app_build/backend/app/Http/Controllers/AuthController.php:10)
[stacktrace]
#0 C:/Users/Dicky/Documents/PROJEK/juaravibecoding/app_build/backend/vendor/composer/ClassLoader.php(576): include()
#1 C:/Users/Dicky/Documents/PROJEK/juaravibecoding/app_build/backend/vendor/composer/ClassLoader.php(427): {closure:Composer/Autoload/ClassLoader::initializeIncludeClosure():575}('C://Users//Dicky//...')
#2 [internal function]: Composer/Autoload/ClassLoader->loadClass('App//Http//Contro...')
#3 C:/Users/Dicky/Documents/PROJEK/juaravibecoding/app_build/backend/vendor/laravel/framework/src/Illuminate/Routing/Route.php(1117): is_a('App//Http//Contro...', 'Illuminate//Rout...', true)
#4 C:/Users/Dicky/Documents/PROJEK/juaravibecoding/app_build/backend/vendor/laravel/framework/src/Illuminate/Routing/Route.php(1054): Illuminate/Routing/Route->controllerMiddleware()
#5 C:/Users/Dicky/Documents/PROJEK/juaravibecoding/app_build/backend/vendor/laravel/framework/src/Illuminate/Routing/Router.php(820): Illuminate/Routing/Route->gatherMiddleware()
#6 C:/Users/Dicky/Documents/PROJEK/juaravibecoding/app_build/backend/vendor/laravel/framework/src/Illuminate/Routing/Router.php(802): Illuminate/Routing/Router->gatherRouteMiddleware(Object(Illuminate/Routing/Route))
#7 C:/Users/Dicky/Documents/PROJEK/juaravibecoding/app_build/backend/vendor/laravel/framework/src/Illuminate/Routing/Router.php(786): Illuminate/Routing/Router->runRouteWithinStack(Object(Illuminate/Routing/Route), Object(Illuminate/Http/Request))
#8 C:/Users/Dicky/Documents/PROJEK/juaravibecoding/app_build/backend/vendor/laravel/framework/src/Illuminate/Routing/Router.php(750): Illuminate/Routing/Router->runRoute(Object(Illuminate/Http/Request), Object(Illuminate/Routing/Route))
#9 C:/Users/Dicky/Documents/PROJEK/juaravibecoding/app_build/backend/vendor/laravel/framework/src/Illuminate/Routing/Router.php(739): Illuminate/Routing/Router->dispatchToRoute(Object(Illuminate/Http/Request))
#10 C:/Users/Dicky/Documents/PROJEK/juaravibecoding/app_build/backend/vendor/laravel/framework/src/Illuminate/Foundation/Http/Kernel.php(201): Illuminate/Routing/Router->dispatch(Object(Illuminate/Http/Request))
#11 C:/Users/Dicky/Documents/PROJEK/juaravibecoding/app_build/backend/vendor/laravel/framework/src/Illuminate/Pipeline/Pipeline.php(170): Illuminate/Foundation/Http/Kernel->{closure:Illuminate/Foundation/Http/Kernel::dispatchToRouter():198}(Object(Illuminate/Http/Request))
#12 C:/Users/Dicky/Documents/PROJEK/juaravibecoding/app_build/backend/vendor/laravel/framework/src/Illuminate/Foundation/Http/Middleware/TransformsRequest.php(21): Illuminate/Pipeline/Pipeline->{closure:Illuminate/Pipeline/Pipeline::prepareDestination():168}(Object(Illuminate/Http/Request))
#13 C:/Users/Dicky/Documents/PROJEK/juaravibecoding/app_build/backend/vendor/laravel/framework/src/Illuminate/Foundation/Http/Middleware/ConvertEmptyStringsToNull.php(31): Illuminate/Foundation/Http/Middleware/TransformsRequest->handle(Object(Illuminate/Http/Request), Object(Closure))
#14 C:/Users/Dicky/Documents/PROJEK/juaravibecoding/app_build/backend/vendor/laravel/framework/src/Illuminate/Pipeline/Pipeline.php(209): Illuminate/Foundation/Http/Middleware/ConvertEmptyStringsToNull->handle(Object(Illuminate/Http/Request), Object(Closure))
#15 C:/Users/Dicky/Documents/PROJEK/juaravibecoding/app_build/backend/vendor/laravel/framework/src/Illuminate/Foundation/Http/Middleware/TransformsRequest.php(21): Illuminate/Pipeline/Pipeline->{closure:{closure:Illuminate/Pipeline/Pipeline::carry():184}:185}(Object(Illuminate/Http/Request))
#16 C:/Users/Dicky/Documents/PROJEK/juaravibecoding/app_build/backend/vendor/laravel/framework/src/Illuminate/Foundation/Http/Middleware/TrimStrings.php(51): Illuminate/Foundation/Http/Middleware/TransformsRequest->handle(Object(Illuminate/Http/Request), Object(Closure))
#17 C:/Users/Dicky/Documents/PROJEK/juaravibecoding/app_build/backend/vendor/laravel/framework/src/Illuminate/Pipeline/Pipeline.php(209): Illuminate/Foundation/Http/Middleware/TrimStrings->handle(Object(Illuminate/Http/Request), Object(Closure))
#18 C:/Users/Dicky/Documents/PROJEK/juaravibecoding/app_build/backend/vendor/laravel/framework/src/Illuminate/Http/Middleware/ValidatePostSize.php(27): Illuminate/Pipeline/Pipeline->{closure:{closure:Illuminate/Pipeline/Pipeline::carry():184}:185}(Object(Illuminate/Http/Request))
#19 C:/Users/Dicky/Documents/PROJEK/juaravibecoding/app_build/backend/vendor/laravel/framework/src/Illuminate/Pipeline/Pipeline.php(209): Illuminate/Http/Middleware/ValidatePostSize->handle(Object(Illuminate/Http/Request), Object(Closure))
#20 C:/Users/Dicky/Documents/PROJEK/juaravibecoding/app_build/backend/vendor/laravel/framework/src/Illuminate/Foundation/Http/Middleware/PreventRequestsDuringMaintenance.php(110): Illuminate/Pipeline/Pipeline->{closure:{closure:Illuminate/Pipeline/Pipeline::carry():184}:185}(Object(Illuminate/Http/Request))
#21 C:/Users/Dicky/Documents/PROJEK/juaravibecoding/app_build/backend/vendor/laravel/framework/src/Illuminate/Pipeline/Pipeline.php(209): Illuminate/Foundation/Http/Middleware/PreventRequestsDuringMaintenance->handle(Object(Illuminate/Http/Request), Object(Closure))
#22 C:/Users/Dicky/Documents/PROJEK/juaravibecoding/app_build/backend/vendor/laravel/framework/src/Illuminate/Http/Middleware/HandleCors.php(62): Illuminate/Pipeline/Pipeline->{closure:{closure:Illuminate/Pipeline/Pipeline::carry():184}:185}(Object(Illuminate/Http/Request))
#23 C:/Users/Dicky/Documents/PROJEK/juaravibecoding/app_build/backend/vendor/laravel/framework/src/Illuminate/Pipeline/Pipeline.php(209): Illuminate/Http/Middleware/HandleCors->handle(Object(Illuminate/Http/Request), Object(Closure))
#24 C:/Users/Dicky/Documents/PROJEK/juaravibecoding/app_build/backend/vendor/laravel/framework/src/Illuminate/Http/Middleware/TrustProxies.php(58): Illuminate/Pipeline/Pipeline->{closure:{closure:Illuminate/Pipeline/Pipeline::carry():184}:185}(Object(Illuminate/Http/Request))
#25 C:/Users/Dicky/Documents/PROJEK/juaravibecoding/app_build/backend/vendor/laravel/framework/src/Illuminate/Pipeline/Pipeline.php(209): Illuminate/Http/Middleware/TrustProxies->handle(Object(Illuminate/Http/Request), Object(Closure))
#26 C:/Users/Dicky/Documents/PROJEK/juaravibecoding/app_build/backend/vendor/laravel/framework/src/Illuminate/Foundation/Http/Middleware/InvokeDeferredCallbacks.php(22): Illuminate/Pipeline/Pipeline->{closure:{closure:Illuminate/Pipeline/Pipeline::carry():184}:185}(Object(Illuminate/Http/Request))
#27 C:/Users/Dicky/Documents/PROJEK/juaravibecoding/app_build/backend/vendor/laravel/framework/src/Illuminate/Pipeline/Pipeline.php(209): Illuminate/Foundation/Http/Middleware/InvokeDeferredCallbacks->handle(Object(Illuminate/Http/Request), Object(Closure))
#28 C:/Users/Dicky/Documents/PROJEK/juaravibecoding/app_build/backend/vendor/laravel/framework/src/Illuminate/Pipeline/Pipeline.php(127): Illuminate/Pipeline/Pipeline->{closure:{closure:Illuminate/Pipeline/Pipeline::carry():184}:185}(Object(Illuminate/Http/Request))
#29 C:/Users/Dicky/Documents/PROJEK/juaravibecoding/app_build/backend/vendor/laravel/framework/src/Illuminate/Foundation/Http/Kernel.php(176): Illuminate/Pipeline/Pipeline->then(Object(Closure))
#30 C:/Users/Dicky/Documents/PROJEK/juaravibecoding/app_build/backend/vendor/laravel/framework/src/Illuminate/Foundation/Http/Kernel.php(145): Illuminate/Foundation/Http/Kernel->sendRequestThroughRouter(Object(Illuminate/Http/Request))
#31 C:/Users/Dicky/Documents/PROJEK/juaravibecoding/app_build/backend/vendor/laravel/framework/src/Illuminate/Foundation/Application.php(1220): Illuminate/Foundation/Http/Kernel->handle(Object(Illuminate/Http/Request))
#32 C:/Users/Dicky/Documents/PROJEK/juaravibecoding/app_build/backend/public/index.php(17): Illuminate/Foundation/Application->handleRequest(Object(Illuminate/Http/Request))
#33 {main}
"} 
[2026-05-28 10:55:44] local.ERROR: Class "App\Http\Controllers\Controller" not found {"exception":"[object] (Error(code: 0): Class \"App\\Http\\Controllers\\Controller\" not found at C:/Users/Dicky/Documents/PROJEK/juaravibecoding/app_build/backend/app/Http/Controllers/AuthController.php:10)
[stacktrace]
#0 C:/Users/Dicky/Documents/PROJEK/juaravibecoding/app_build/backend/vendor/composer/ClassLoader.php(576): include()
#1 C:/Users/Dicky/Documents/PROJEK/juaravibecoding/app_build/backend/vendor/composer/ClassLoader.php(427): {closure:Composer/Autoload/ClassLoader::initializeIncludeClosure():575}('C://Users//Dicky//...')
#2 [internal function]: Composer/Autoload/ClassLoader->loadClass('App//Http//Contro...')
#3 C:/Users/Dicky/Documents/PROJEK/juaravibecoding/app_build/backend/vendor/laravel/framework/src/Illuminate/Routing/Route.php(1117): is_a('App//Http//Contro...', 'Illuminate//Rout...', true)
#4 C:/Users/Dicky/Documents/PROJEK/juaravibecoding/app_build/backend/vendor/laravel/framework/src/Illuminate/Routing/Route.php(1054): Illuminate/Routing/Route->controllerMiddleware()
#5 C:/Users/Dicky/Documents/PROJEK/juaravibecoding/app_build/backend/vendor/laravel/framework/src/Illuminate/Routing/Router.php(820): Illuminate/Routing/Route->gatherMiddleware()
#6 C:/Users/Dicky/Documents/PROJEK/juaravibecoding/app_build/backend/vendor/laravel/framework/src/Illuminate/Routing/Router.php(802): Illuminate/Routing/Router->gatherRouteMiddleware(Object(Illuminate/Routing/Route))
#7 C:/Users/Dicky/Documents/PROJEK/juaravibecoding/app_build/backend/vendor/laravel/framework/src/Illuminate/Routing/Router.php(786): Illuminate/Routing/Router->runRouteWithinStack(Object(Illuminate/Routing/Route), Object(Illuminate/Http/Request))
#8 C:/Users/Dicky/Documents/PROJEK/juaravibecoding/app_build/backend/vendor/laravel/framework/src/Illuminate/Routing/Router.php(750): Illuminate/Routing/Router->runRoute(Object(Illuminate/Http/Request), Object(Illuminate/Routing/Route))
#9 C:/Users/Dicky/Documents/PROJEK/juaravibecoding/app_build/backend/vendor/laravel/framework/src/Illuminate/Routing/Router.php(739): Illuminate/Routing/Router->dispatchToRoute(Object(Illuminate/Http/Request))
#10 C:/Users/Dicky/Documents/PROJEK/juaravibecoding/app_build/backend/vendor/laravel/framework/src/Illuminate/Foundation/Http/Kernel.php(201): Illuminate/Routing/Router->dispatch(Object(Illuminate/Http/Request))
#11 C:/Users/Dicky/Documents/PROJEK/juaravibecoding/app_build/backend/vendor/laravel/framework/src/Illuminate/Pipeline/Pipeline.php(170): Illuminate/Foundation/Http/Kernel->{closure:Illuminate/Foundation/Http/Kernel::dispatchToRouter():198}(Object(Illuminate/Http/Request))
#12 C:/Users/Dicky/Documents/PROJEK/juaravibecoding/app_build/backend/vendor/laravel/framework/src/Illuminate/Foundation/Http/Middleware/TransformsRequest.php(21): Illuminate/Pipeline/Pipeline->{closure:Illuminate/Pipeline/Pipeline::prepareDestination():168}(Object(Illuminate/Http/Request))
#13 C:/Users/Dicky/Documents/PROJEK/juaravibecoding/app_build/backend/vendor/laravel/framework/src/Illuminate/Foundation/Http/Middleware/ConvertEmptyStringsToNull.php(31): Illuminate/Foundation/Http/Middleware/TransformsRequest->handle(Object(Illuminate/Http/Request), Object(Closure))
#14 C:/Users/Dicky/Documents/PROJEK/juaravibecoding/app_build/backend/vendor/laravel/framework/src/Illuminate/Pipeline/Pipeline.php(209): Illuminate/Foundation/Http/Middleware/ConvertEmptyStringsToNull->handle(Object(Illuminate/Http/Request), Object(Closure))
#15 C:/Users/Dicky/Documents/PROJEK/juaravibecoding/app_build/backend/vendor/laravel/framework/src/Illuminate/Foundation/Http/Middleware/TransformsRequest.php(21): Illuminate/Pipeline/Pipeline->{closure:{closure:Illuminate/Pipeline/Pipeline::carry():184}:185}(Object(Illuminate/Http/Request))
#16 C:/Users/Dicky/Documents/PROJEK/juaravibecoding/app_build/backend/vendor/laravel/framework/src/Illuminate/Foundation/Http/Middleware/TrimStrings.php(51): Illuminate/Foundation/Http/Middleware/TransformsRequest->handle(Object(Illuminate/Http/Request), Object(Closure))
#17 C:/Users/Dicky/Documents/PROJEK/juaravibecoding/app_build/backend/vendor/laravel/framework/src/Illuminate/Pipeline/Pipeline.php(209): Illuminate/Foundation/Http/Middleware/TrimStrings->handle(Object(Illuminate/Http/Request), Object(Closure))
#18 C:/Users/Dicky/Documents/PROJEK/juaravibecoding/app_build/backend/vendor/laravel/framework/src/Illuminate/Http/Middleware/ValidatePostSize.php(27): Illuminate/Pipeline/Pipeline->{closure:{closure:Illuminate/Pipeline/Pipeline::carry():184}:185}(Object(Illuminate/Http/Request))
#19 C:/Users/Dicky/Documents/PROJEK/juaravibecoding/app_build/backend/vendor/laravel/framework/src/Illuminate/Pipeline/Pipeline.php(209): Illuminate/Http/Middleware/ValidatePostSize->handle(Object(Illuminate/Http/Request), Object(Closure))
#20 C:/Users/Dicky/Documents/PROJEK/juaravibecoding/app_build/backend/vendor/laravel/framework/src/Illuminate/Foundation/Http/Middleware/PreventRequestsDuringMaintenance.php(110): Illuminate/Pipeline/Pipeline->{closure:{closure:Illuminate/Pipeline/Pipeline::carry():184}:185}(Object(Illuminate/Http/Request))
#21 C:/Users/Dicky/Documents/PROJEK/juaravibecoding/app_build/backend/vendor/laravel/framework/src/Illuminate/Pipeline/Pipeline.php(209): Illuminate/Foundation/Http/Middleware/PreventRequestsDuringMaintenance->handle(Object(Illuminate/Http/Request), Object(Closure))
#22 C:/Users/Dicky/Documents/PROJEK/juaravibecoding/app_build/backend/vendor/laravel/framework/src/Illuminate/Http/Middleware/HandleCors.php(62): Illuminate/Pipeline/Pipeline->{closure:{closure:Illuminate/Pipeline/Pipeline::carry():184}:185}(Object(Illuminate/Http/Request))
#23 C:/Users/Dicky/Documents/PROJEK/juaravibecoding/app_build/backend/vendor/laravel/framework/src/Illuminate/Pipeline/Pipeline.php(209): Illuminate/Http/Middleware/HandleCors->handle(Object(Illuminate/Http/Request), Object(Closure))
#24 C:/Users/Dicky/Documents/PROJEK/juaravibecoding/app_build/backend/vendor/laravel/framework/src/Illuminate/Http/Middleware/TrustProxies.php(58): Illuminate/Pipeline/Pipeline->{closure:{closure:Illuminate/Pipeline/Pipeline::carry():184}:185}(Object(Illuminate/Http/Request))
#25 C:/Users/Dicky/Documents/PROJEK/juaravibecoding/app_build/backend/vendor/laravel/framework/src/Illuminate/Pipeline/Pipeline.php(209): Illuminate/Http/Middleware/TrustProxies->handle(Object(Illuminate/Http/Request), Object(Closure))
#26 C:/Users/Dicky/Documents/PROJEK/juaravibecoding/app_build/backend/vendor/laravel/framework/src/Illuminate/Foundation/Http/Middleware/InvokeDeferredCallbacks.php(22): Illuminate/Pipeline/Pipeline->{closure:{closure:Illuminate/Pipeline/Pipeline::carry():184}:185}(Object(Illuminate/Http/Request))
#27 C:/Users/Dicky/Documents/PROJEK/juaravibecoding/app_build/backend/vendor/laravel/framework/src/Illuminate/Pipeline/Pipeline.php(209): Illuminate/Foundation/Http/Middleware/InvokeDeferredCallbacks->handle(Object(Illuminate/Http/Request), Object(Closure))
#28 C:/Users/Dicky/Documents/PROJEK/juaravibecoding/app_build/backend/vendor/laravel/framework/src/Illuminate/Pipeline/Pipeline.php(127): Illuminate/Pipeline/Pipeline->{closure:{closure:Illuminate/Pipeline/Pipeline::carry():184}:185}(Object(Illuminate/Http/Request))
#29 C:/Users/Dicky/Documents/PROJEK/juaravibecoding/app_build/backend/vendor/laravel/framework/src/Illuminate/Foundation/Http/Kernel.php(176): Illuminate/Pipeline/Pipeline->then(Object(Closure))
#30 C:/Users/Dicky/Documents/PROJEK/juaravibecoding/app_build/backend/vendor/laravel/framework/src/Illuminate/Foundation/Http/Kernel.php(145): Illuminate/Foundation/Http/Kernel->sendRequestThroughRouter(Object(Illuminate/Http/Request))
#31 C:/Users/Dicky/Documents/PROJEK/juaravibecoding/app_build/backend/vendor/laravel/framework/src/Illuminate/Foundation/Application.php(1220): Illuminate/Foundation/Http/Kernel->handle(Object(Illuminate/Http/Request))
#32 C:/Users/Dicky/Documents/PROJEK/juaravibecoding/app_build/backend/public/index.php(17): Illuminate/Foundation/Application->handleRequest(Object(Illuminate/Http/Request))
#33 {main}
"} 
[2026-05-28 10:55:48] local.ERROR: Class "App\Http\Controllers\Controller" not found {"exception":"[object] (Error(code: 0): Class \"App\\Http\\Controllers\\Controller\" not found at C:/Users/Dicky/Documents/PROJEK/juaravibecoding/app_build/backend/app/Http/Controllers/AuthController.php:10)
[stacktrace]
#0 C:/Users/Dicky/Documents/PROJEK/juaravibecoding/app_build/backend/vendor/composer/ClassLoader.php(576): include()
#1 C:/Users/Dicky/Documents/PROJEK/juaravibecoding/app_build/backend/vendor/composer/ClassLoader.php(427): {closure:Composer/Autoload/ClassLoader::initializeIncludeClosure():575}('C://Users//Dicky//...')
#2 [internal function]: Composer/Autoload/ClassLoader->loadClass('App//Http//Contro...')
#3 C:/Users/Dicky/Documents/PROJEK/juaravibecoding/app_build/backend/vendor/laravel/framework/src/Illuminate/Routing/Route.php(1117): is_a('App//Http//Contro...', 'Illuminate//Rout...', true)
#4 C:/Users/Dicky/Documents/PROJEK/juaravibecoding/app_build/backend/vendor/laravel/framework/src/Illuminate/Routing/Route.php(1054): Illuminate/Routing/Route->controllerMiddleware()
#5 C:/Users/Dicky/Documents/PROJEK/juaravibecoding/app_build/backend/vendor/laravel/framework/src/Illuminate/Routing/Router.php(820): Illuminate/Routing/Route->gatherMiddleware()
#6 C:/Users/Dicky/Documents/PROJEK/juaravibecoding/app_build/backend/vendor/laravel/framework/src/Illuminate/Routing/Router.php(802): Illuminate/Routing/Router->gatherRouteMiddleware(Object(Illuminate/Routing/Route))
#7 C:/Users/Dicky/Documents/PROJEK/juaravibecoding/app_build/backend/vendor/laravel/framework/src/Illuminate/Routing/Router.php(786): Illuminate/Routing/Router->runRouteWithinStack(Object(Illuminate/Routing/Route), Object(Illuminate/Http/Request))
#8 C:/Users/Dicky/Documents/PROJEK/juaravibecoding/app_build/backend/vendor/laravel/framework/src/Illuminate/Routing/Router.php(750): Illuminate/Routing/Router->runRoute(Object(Illuminate/Http/Request), Object(Illuminate/Routing/Route))
#9 C:/Users/Dicky/Documents/PROJEK/juaravibecoding/app_build/backend/vendor/laravel/framework/src/Illuminate/Routing/Router.php(739): Illuminate/Routing/Router->dispatchToRoute(Object(Illuminate/Http/Request))
#10 C:/Users/Dicky/Documents/PROJEK/juaravibecoding/app_build/backend/vendor/laravel/framework/src/Illuminate/Foundation/Http/Kernel.php(201): Illuminate/Routing/Router->dispatch(Object(Illuminate/Http/Request))
#11 C:/Users/Dicky/Documents/PROJEK/juaravibecoding/app_build/backend/vendor/laravel/framework/src/Illuminate/Pipeline/Pipeline.php(170): Illuminate/Foundation/Http/Kernel->{closure:Illuminate/Foundation/Http/Kernel::dispatchToRouter():198}(Object(Illuminate/Http/Request))
#12 C:/Users/Dicky/Documents/PROJEK/juaravibecoding/app_build/backend/vendor/laravel/framework/src/Illuminate/Foundation/Http/Middleware/TransformsRequest.php(21): Illuminate/Pipeline/Pipeline->{closure:Illuminate/Pipeline/Pipeline::prepareDestination():168}(Object(Illuminate/Http/Request))
#13 C:/Users/Dicky/Documents/PROJEK/juaravibecoding/app_build/backend/vendor/laravel/framework/src/Illuminate/Foundation/Http/Middleware/ConvertEmptyStringsToNull.php(31): Illuminate/Foundation/Http/Middleware/TransformsRequest->handle(Object(Illuminate/Http/Request), Object(Closure))
#14 C:/Users/Dicky/Documents/PROJEK/juaravibecoding/app_build/backend/vendor/laravel/framework/src/Illuminate/Pipeline/Pipeline.php(209): Illuminate/Foundation/Http/Middleware/ConvertEmptyStringsToNull->handle(Object(Illuminate/Http/Request), Object(Closure))
#15 C:/Users/Dicky/Documents/PROJEK/juaravibecoding/app_build/backend/vendor/laravel/framework/src/Illuminate/Foundation/Http/Middleware/TransformsRequest.php(21): Illuminate/Pipeline/Pipeline->{closure:{closure:Illuminate/Pipeline/Pipeline::carry():184}:185}(Object(Illuminate/Http/Request))
#16 C:/Users/Dicky/Documents/PROJEK/juaravibecoding/app_build/backend/vendor/laravel/framework/src/Illuminate/Foundation/Http/Middleware/TrimStrings.php(51): Illuminate/Foundation/Http/Middleware/TransformsRequest->handle(Object(Illuminate/Http/Request), Object(Closure))
#17 C:/Users/Dicky/Documents/PROJEK/juaravibecoding/app_build/backend/vendor/laravel/framework/src/Illuminate/Pipeline/Pipeline.php(209): Illuminate/Foundation/Http/Middleware/TrimStrings->handle(Object(Illuminate/Http/Request), Object(Closure))
#18 C:/Users/Dicky/Documents/PROJEK/juaravibecoding/app_build/backend/vendor/laravel/framework/src/Illuminate/Http/Middleware/ValidatePostSize.php(27): Illuminate/Pipeline/Pipeline->{closure:{closure:Illuminate/Pipeline/Pipeline::carry():184}:185}(Object(Illuminate/Http/Request))
#19 C:/Users/Dicky/Documents/PROJEK/juaravibecoding/app_build/backend/vendor/laravel/framework/src/Illuminate/Pipeline/Pipeline.php(209): Illuminate/Http/Middleware/ValidatePostSize->handle(Object(Illuminate/Http/Request), Object(Closure))
#20 C:/Users/Dicky/Documents/PROJEK/juaravibecoding/app_build/backend/vendor/laravel/framework/src/Illuminate/Foundation/Http/Middleware/PreventRequestsDuringMaintenance.php(110): Illuminate/Pipeline/Pipeline->{closure:{closure:Illuminate/Pipeline/Pipeline::carry():184}:185}(Object(Illuminate/Http/Request))
#21 C:/Users/Dicky/Documents/PROJEK/juaravibecoding/app_build/backend/vendor/laravel/framework/src/Illuminate/Pipeline/Pipeline.php(209): Illuminate/Foundation/Http/Middleware/PreventRequestsDuringMaintenance->handle(Object(Illuminate/Http/Request), Object(Closure))
#22 C:/Users/Dicky/Documents/PROJEK/juaravibecoding/app_build/backend/vendor/laravel/framework/src/Illuminate/Http/Middleware/HandleCors.php(62): Illuminate/Pipeline/Pipeline->{closure:{closure:Illuminate/Pipeline/Pipeline::carry():184}:185}(Object(Illuminate/Http/Request))
#23 C:/Users/Dicky/Documents/PROJEK/juaravibecoding/app_build/backend/vendor/laravel/framework/src/Illuminate/Pipeline/Pipeline.php(209): Illuminate/Http/Middleware/HandleCors->handle(Object(Illuminate/Http/Request), Object(Closure))
#24 C:/Users/Dicky/Documents/PROJEK/juaravibecoding/app_build/backend/vendor/laravel/framework/src/Illuminate/Http/Middleware/TrustProxies.php(58): Illuminate/Pipeline/Pipeline->{closure:{closure:Illuminate/Pipeline/Pipeline::carry():184}:185}(Object(Illuminate/Http/Request))
#25 C:/Users/Dicky/Documents/PROJEK/juaravibecoding/app_build/backend/vendor/laravel/framework/src/Illuminate/Pipeline/Pipeline.php(209): Illuminate/Http/Middleware/TrustProxies->handle(Object(Illuminate/Http/Request), Object(Closure))
#26 C:/Users/Dicky/Documents/PROJEK/juaravibecoding/app_build/backend/vendor/laravel/framework/src/Illuminate/Foundation/Http/Middleware/InvokeDeferredCallbacks.php(22): Illuminate/Pipeline/Pipeline->{closure:{closure:Illuminate/Pipeline/Pipeline::carry():184}:185}(Object(Illuminate/Http/Request))
#27 C:/Users/Dicky/Documents/PROJEK/juaravibecoding/app_build/backend/vendor/laravel/framework/src/Illuminate/Pipeline/Pipeline.php(209): Illuminate/Foundation/Http/Middleware/InvokeDeferredCallbacks->handle(Object(Illuminate/Http/Request), Object(Closure))
#28 C:/Users/Dicky/Documents/PROJEK/juaravibecoding/app_build/backend/vendor/laravel/framework/src/Illuminate/Pipeline/Pipeline.php(127): Illuminate/Pipeline/Pipeline->{closure:{closure:Illuminate/Pipeline/Pipeline::carry():184}:185}(Object(Illuminate/Http/Request))
#29 C:/Users/Dicky/Documents/PROJEK/juaravibecoding/app_build/backend/vendor/laravel/framework/src/Illuminate/Foundation/Http/Kernel.php(176): Illuminate/Pipeline/Pipeline->then(Object(Closure))
#30 C:/Users/Dicky/Documents/PROJEK/juaravibecoding/app_build/backend/vendor/laravel/framework/src/Illuminate/Foundation/Http/Kernel.php(145): Illuminate/Foundation/Http/Kernel->sendRequestThroughRouter(Object(Illuminate/Http/Request))
#31 C:/Users/Dicky/Documents/PROJEK/juaravibecoding/app_build/backend/vendor/laravel/framework/src/Illuminate/Foundation/Application.php(1220): Illuminate/Foundation/Http/Kernel->handle(Object(Illuminate/Http/Request))
#32 C:/Users/Dicky/Documents/PROJEK/juaravibecoding/app_build/backend/public/index.php(17): Illuminate/Foundation/Application->handleRequest(Object(Illuminate/Http/Request))
#33 {main}
"} 
[2026-05-28 10:57:18] local.ERROR: SQLSTATE[HY000]: General error: 1 no such table: personal_access_tokens (Connection: sqlite, SQL: delete from "personal_access_tokens" where "personal_access_tokens"."tokenable_type" = App\Models\User and "personal_access_tokens"."tokenable_id" = 1 and "personal_access_tokens"."tokenable_id" is not null) {"exception":"[object] (Illuminate\\Database\\QueryException(code: HY000): SQLSTATE[HY000]: General error: 1 no such table: personal_access_tokens (Connection: sqlite, SQL: delete from \"personal_access_tokens\" where \"personal_access_tokens\".\"tokenable_type\" = App\\Models\\User and \"personal_access_tokens\".\"tokenable_id\" = 1 and \"personal_access_tokens\".\"tokenable_id\" is not null) at C:/Users/Dicky/Documents/PROJEK/juaravibecoding/app_build/backend/vendor/laravel/framework/src/Illuminate/Database/Connection.php:825)
[stacktrace]
#0 C:/Users/Dicky/Documents/PROJEK/juaravibecoding/app_build/backend/vendor/laravel/framework/src/Illuminate/Database/Connection.php(779): Illuminate/Database/Connection->runQueryCallback('delete from \"pe...', Array, Object(Closure))
#1 C:/Users/Dicky/Documents/PROJEK/juaravibecoding/app_build/backend/vendor/laravel/framework/src/Illuminate/Database/Connection.php(584): Illuminate/Database/Connection->run('delete from \"pe...', Array, Object(Closure))
#2 C:/Users/Dicky/Documents/PROJEK/juaravibecoding/app_build/backend/vendor/laravel/framework/src/Illuminate/Database/Connection.php(548): Illuminate/Database/Connection->affectingStatement('delete from \"pe...', Array)
#3 C:/Users/Dicky/Documents/PROJEK/juaravibecoding/app_build/backend/vendor/laravel/framework/src/Illuminate/Database/Query/Builder.php(4024): Illuminate/Database/Connection->delete('delete from \"pe...', Array)
#4 C:/Users/Dicky/Documents/PROJEK/juaravibecoding/app_build/backend/vendor/laravel/framework/src/Illuminate/Database/Eloquent/Builder.php(1387): Illuminate/Database/Query/Builder->delete()
#5 C:/Users/Dicky/Documents/PROJEK/juaravibecoding/app_build/backend/vendor/laravel/framework/src/Illuminate/Support/Traits/ForwardsCalls.php(23): Illuminate/Database/Eloquent/Builder->delete()
#6 C:/Users/Dicky/Documents/PROJEK/juaravibecoding/app_build/backend/vendor/laravel/framework/src/Illuminate/Support/Traits/ForwardsCalls.php(52): Illuminate/Database/Eloquent/Relations/Relation->forwardCallTo(Object(Illuminate/Database/Eloquent/Builder), 'delete', Array)
#7 C:/Users/Dicky/Documents/PROJEK/juaravibecoding/app_build/backend/vendor/laravel/framework/src/Illuminate/Database/Eloquent/Relations/Relation.php(538): Illuminate/Database/Eloquent/Relations/Relation->forwardDecoratedCallTo(Object(Illuminate/Database/Eloquent/Builder), 'delete', Array)
#8 C:/Users/Dicky/Documents/PROJEK/juaravibecoding/app_build/backend/app/Http/Controllers/AuthController.php(75): Illuminate/Database/Eloquent/Relations/Relation->__call('delete', Array)
#9 C:/Users/Dicky/Documents/PROJEK/juaravibecoding/app_build/backend/vendor/laravel/framework/src/Illuminate/Routing/ControllerDispatcher.php(47): App/Http/Controllers/AuthController->login(Object(Illuminate/Http/Request))
#10 C:/Users/Dicky/Documents/PROJEK/juaravibecoding/app_build/backend/vendor/laravel/framework/src/Illuminate/Routing/Route.php(266): Illuminate/Routing/ControllerDispatcher->dispatch(Object(Illuminate/Routing/Route), Object(App/Http/Controllers/AuthController), 'login')
#11 C:/Users/Dicky/Documents/PROJEK/juaravibecoding/app_build/backend/vendor/laravel/framework/src/Illuminate/Routing/Route.php(212): Illuminate/Routing/Route->runController()
#12 C:/Users/Dicky/Documents/PROJEK/juaravibecoding/app_build/backend/vendor/laravel/framework/src/Illuminate/Routing/Router.php(808): Illuminate/Routing/Route->run()
#13 C:/Users/Dicky/Documents/PROJEK/juaravibecoding/app_build/backend/vendor/laravel/framework/src/Illuminate/Pipeline/Pipeline.php(170): Illuminate/Routing/Router->{closure:Illuminate/Routing/Router::runRouteWithinStack():807}(Object(Illuminate/Http/Request))
#14 C:/Users/Dicky/Documents/PROJEK/juaravibecoding/app_build/backend/vendor/laravel/framework/src/Illuminate/Routing/Middleware/SubstituteBindings.php(51): Illuminate/Pipeline/Pipeline->{closure:Illuminate/Pipeline/Pipeline::prepareDestination():168}(Object(Illuminate/Http/Request))
#15 C:/Users/Dicky/Documents/PROJEK/juaravibecoding/app_build/backend/vendor/laravel/framework/src/Illuminate/Pipeline/Pipeline.php(209): Illuminate/Routing/Middleware/SubstituteBindings->handle(Object(Illuminate/Http/Request), Object(Closure))
#16 C:/Users/Dicky/Documents/PROJEK/juaravibecoding/app_build/backend/vendor/laravel/sanctum/src/Http/Middleware/EnsureFrontendRequestsAreStateful.php(26): Illuminate/Pipeline/Pipeline->{closure:{closure:Illuminate/Pipeline/Pipeline::carry():184}:185}(Object(Illuminate/Http/Request))
#17 C:/Users/Dicky/Documents/PROJEK/juaravibecoding/app_build/backend/vendor/laravel/framework/src/Illuminate/Pipeline/Pipeline.php(170): Laravel/Sanctum/Http/Middleware/EnsureFrontendRequestsAreStateful->{closure:Laravel/Sanctum/Http/Middleware/EnsureFrontendRequestsAreStateful::handle():25}(Object(Illuminate/Http/Request))
#18 C:/Users/Dicky/Documents/PROJEK/juaravibecoding/app_build/backend/vendor/laravel/framework/src/Illuminate/Pipeline/Pipeline.php(127): Illuminate/Pipeline/Pipeline->{closure:Illuminate/Pipeline/Pipeline::prepareDestination():168}(Object(Illuminate/Http/Request))
#19 C:/Users/Dicky/Documents/PROJEK/juaravibecoding/app_build/backend/vendor/laravel/sanctum/src/Http/Middleware/EnsureFrontendRequestsAreStateful.php(25): Illuminate/Pipeline/Pipeline->then(Object(Closure))
#20 C:/Users/Dicky/Documents/PROJEK/juaravibecoding/app_build/backend/vendor/laravel/framework/src/Illuminate/Pipeline/Pipeline.php(209): Laravel/Sanctum/Http/Middleware/EnsureFrontendRequestsAreStateful->handle(Object(Illuminate/Http/Request), Object(Closure))
#21 C:/Users/Dicky/Documents/PROJEK/juaravibecoding/app_build/backend/vendor/laravel/framework/src/Illuminate/Pipeline/Pipeline.php(127): Illuminate/Pipeline/Pipeline->{closure:{closure:Illuminate/Pipeline/Pipeline::carry():184}:185}(Object(Illuminate/Http/Request))
#22 C:/Users/Dicky/Documents/PROJEK/juaravibecoding/app_build/backend/vendor/laravel/framework/src/Illuminate/Routing/Router.php(807): Illuminate/Pipeline/Pipeline->then(Object(Closure))
#23 C:/Users/Dicky/Documents/PROJEK/juaravibecoding/app_build/backend/vendor/laravel/framework/src/Illuminate/Routing/Router.php(786): Illuminate/Routing/Router->runRouteWithinStack(Object(Illuminate/Routing/Route), Object(Illuminate/Http/Request))
#24 C:/Users/Dicky/Documents/PROJEK/juaravibecoding/app_build/backend/vendor/laravel/framework/src/Illuminate/Routing/Router.php(750): Illuminate/Routing/Router->runRoute(Object(Illuminate/Http/Request), Object(Illuminate/Routing/Route))
#25 C:/Users/Dicky/Documents/PROJEK/juaravibecoding/app_build/backend/vendor/laravel/framework/src/Illuminate/Routing/Router.php(739): Illuminate/Routing/Router->dispatchToRoute(Object(Illuminate/Http/Request))
#26 C:/Users/Dicky/Documents/PROJEK/juaravibecoding/app_build/backend/vendor/laravel/framework/src/Illuminate/Foundation/Http/Kernel.php(201): Illuminate/Routing/Router->dispatch(Object(Illuminate/Http/Request))
#27 C:/Users/Dicky/Documents/PROJEK/juaravibecoding/app_build/backend/vendor/laravel/framework/src/Illuminate/Pipeline/Pipeline.php(170): Illuminate/Foundation/Http/Kernel->{closure:Illuminate/Foundation/Http/Kernel::dispatchToRouter():198}(Object(Illuminate/Http/Request))
#28 C:/Users/Dicky/Documents/PROJEK/juaravibecoding/app_build/backend/vendor/laravel/framework/src/Illuminate/Foundation/Http/Middleware/TransformsRequest.php(21): Illuminate/Pipeline/Pipeline->{closure:Illuminate/Pipeline/Pipeline::prepareDestination():168}(Object(Illuminate/Http/Request))
#29 C:/Users/Dicky/Documents/PROJEK/juaravibecoding/app_build/backend/vendor/laravel/framework/src/Illuminate/Foundation/Http/Middleware/ConvertEmptyStringsToNull.php(31): Illuminate/Foundation/Http/Middleware/TransformsRequest->handle(Object(Illuminate/Http/Request), Object(Closure))
#30 C:/Users/Dicky/Documents/PROJEK/juaravibecoding/app_build/backend/vendor/laravel/framework/src/Illuminate/Pipeline/Pipeline.php(209): Illuminate/Foundation/Http/Middleware/ConvertEmptyStringsToNull->handle(Object(Illuminate/Http/Request), Object(Closure))
#31 C:/Users/Dicky/Documents/PROJEK/juaravibecoding/app_build/backend/vendor/laravel/framework/src/Illuminate/Foundation/Http/Middleware/TransformsRequest.php(21): Illuminate/Pipeline/Pipeline->{closure:{closure:Illuminate/Pipeline/Pipeline::carry():184}:185}(Object(Illuminate/Http/Request))
#32 C:/Users/Dicky/Documents/PROJEK/juaravibecoding/app_build/backend/vendor/laravel/framework/src/Illuminate/Foundation/Http/Middleware/TrimStrings.php(51): Illuminate/Foundation/Http/Middleware/TransformsRequest->handle(Object(Illuminate/Http/Request), Object(Closure))
#33 C:/Users/Dicky/Documents/PROJEK/juaravibecoding/app_build/backend/vendor/laravel/framework/src/Illuminate/Pipeline/Pipeline.php(209): Illuminate/Foundation/Http/Middleware/TrimStrings->handle(Object(Illuminate/Http/Request), Object(Closure))
#34 C:/Users/Dicky/Documents/PROJEK/juaravibecoding/app_build/backend/vendor/laravel/framework/src/Illuminate/Http/Middleware/ValidatePostSize.php(27): Illuminate/Pipeline/Pipeline->{closure:{closure:Illuminate/Pipeline/Pipeline::carry():184}:185}(Object(Illuminate/Http/Request))
#35 C:/Users/Dicky/Documents/PROJEK/juaravibecoding/app_build/backend/vendor/laravel/framework/src/Illuminate/Pipeline/Pipeline.php(209): Illuminate/Http/Middleware/ValidatePostSize->handle(Object(Illuminate/Http/Request), Object(Closure))
#36 C:/Users/Dicky/Documents/PROJEK/juaravibecoding/app_build/backend/vendor/laravel/framework/src/Illuminate/Foundation/Http/Middleware/PreventRequestsDuringMaintenance.php(110): Illuminate/Pipeline/Pipeline->{closure:{closure:Illuminate/Pipeline/Pipeline::carry():184}:185}(Object(Illuminate/Http/Request))
#37 C:/Users/Dicky/Documents/PROJEK/juaravibecoding/app_build/backend/vendor/laravel/framework/src/Illuminate/Pipeline/Pipeline.php(209): Illuminate/Foundation/Http/Middleware/PreventRequestsDuringMaintenance->handle(Object(Illuminate/Http/Request), Object(Closure))
#38 C:/Users/Dicky/Documents/PROJEK/juaravibecoding/app_build/backend/vendor/laravel/framework/src/Illuminate/Http/Middleware/HandleCors.php(62): Illuminate/Pipeline/Pipeline->{closure:{closure:Illuminate/Pipeline/Pipeline::carry():184}:185}(Object(Illuminate/Http/Request))
#39 C:/Users/Dicky/Documents/PROJEK/juaravibecoding/app_build/backend/vendor/laravel/framework/src/Illuminate/Pipeline/Pipeline.php(209): Illuminate/Http/Middleware/HandleCors->handle(Object(Illuminate/Http/Request), Object(Closure))
#40 C:/Users/Dicky/Documents/PROJEK/juaravibecoding/app_build/backend/vendor/laravel/framework/src/Illuminate/Http/Middleware/TrustProxies.php(58): Illuminate/Pipeline/Pipeline->{closure:{closure:Illuminate/Pipeline/Pipeline::carry():184}:185}(Object(Illuminate/Http/Request))
#41 C:/Users/Dicky/Documents/PROJEK/juaravibecoding/app_build/backend/vendor/laravel/framework/src/Illuminate/Pipeline/Pipeline.php(209): Illuminate/Http/Middleware/TrustProxies->handle(Object(Illuminate/Http/Request), Object(Closure))
#42 C:/Users/Dicky/Documents/PROJEK/juaravibecoding/app_build/backend/vendor/laravel/framework/src/Illuminate/Foundation/Http/Middleware/InvokeDeferredCallbacks.php(22): Illuminate/Pipeline/Pipeline->{closure:{closure:Illuminate/Pipeline/Pipeline::carry():184}:185}(Object(Illuminate/Http/Request))
#43 C:/Users/Dicky/Documents/PROJEK/juaravibecoding/app_build/backend/vendor/laravel/framework/src/Illuminate/Pipeline/Pipeline.php(209): Illuminate/Foundation/Http/Middleware/InvokeDeferredCallbacks->handle(Object(Illuminate/Http/Request), Object(Closure))
#44 C:/Users/Dicky/Documents/PROJEK/juaravibecoding/app_build/backend/vendor/laravel/framework/src/Illuminate/Pipeline/Pipeline.php(127): Illuminate/Pipeline/Pipeline->{closure:{closure:Illuminate/Pipeline/Pipeline::carry():184}:185}(Object(Illuminate/Http/Request))
#45 C:/Users/Dicky/Documents/PROJEK/juaravibecoding/app_build/backend/vendor/laravel/framework/src/Illuminate/Foundation/Http/Kernel.php(176): Illuminate/Pipeline/Pipeline->then(Object(Closure))
#46 C:/Users/Dicky/Documents/PROJEK/juaravibecoding/app_build/backend/vendor/laravel/framework/src/Illuminate/Foundation/Http/Kernel.php(145): Illuminate/Foundation/Http/Kernel->sendRequestThroughRouter(Object(Illuminate/Http/Request))
#47 C:/Users/Dicky/Documents/PROJEK/juaravibecoding/app_build/backend/vendor/laravel/framework/src/Illuminate/Foundation/Application.php(1220): Illuminate/Foundation/Http/Kernel->handle(Object(Illuminate/Http/Request))
#48 C:/Users/Dicky/Documents/PROJEK/juaravibecoding/app_build/backend/public/index.php(17): Illuminate/Foundation/Application->handleRequest(Object(Illuminate/Http/Request))
#49 {main}

[previous exception] [object] (PDOException(code: HY000): SQLSTATE[HY000]: General error: 1 no such table: personal_access_tokens at C:/Users/Dicky/Documents/PROJEK/juaravibecoding/app_build/backend/vendor/laravel/framework/src/Illuminate/Database/Connection.php:592)
[stacktrace]
#0 C:/Users/Dicky/Documents/PROJEK/juaravibecoding/app_build/backend/vendor/laravel/framework/src/Illuminate/Database/Connection.php(592): PDO->prepare('delete from \"pe...')
#1 C:/Users/Dicky/Documents/PROJEK/juaravibecoding/app_build/backend/vendor/laravel/framework/src/Illuminate/Database/Connection.php(812): Illuminate/Database/Connection->{closure:Illuminate/Database/Connection::affectingStatement():584}('delete from \"pe...', Array)
#2 C:/Users/Dicky/Documents/PROJEK/juaravibecoding/app_build/backend/vendor/laravel/framework/src/Illuminate/Database/Connection.php(779): Illuminate/Database/Connection->runQueryCallback('delete from \"pe...', Array, Object(Closure))
#3 C:/Users/Dicky/Documents/PROJEK/juaravibecoding/app_build/backend/vendor/laravel/framework/src/Illuminate/Database/Connection.php(584): Illuminate/Database/Connection->run('delete from \"pe...', Array, Object(Closure))
#4 C:/Users/Dicky/Documents/PROJEK/juaravibecoding/app_build/backend/vendor/laravel/framework/src/Illuminate/Database/Connection.php(548): Illuminate/Database/Connection->affectingStatement('delete from \"pe...', Array)
#5 C:/Users/Dicky/Documents/PROJEK/juaravibecoding/app_build/backend/vendor/laravel/framework/src/Illuminate/Database/Query/Builder.php(4024): Illuminate/Database/Connection->delete('delete from \"pe...', Array)
#6 C:/Users/Dicky/Documents/PROJEK/juaravibecoding/app_build/backend/vendor/laravel/framework/src/Illuminate/Database/Eloquent/Builder.php(1387): Illuminate/Database/Query/Builder->delete()
#7 C:/Users/Dicky/Documents/PROJEK/juaravibecoding/app_build/backend/vendor/laravel/framework/src/Illuminate/Support/Traits/ForwardsCalls.php(23): Illuminate/Database/Eloquent/Builder->delete()
#8 C:/Users/Dicky/Documents/PROJEK/juaravibecoding/app_build/backend/vendor/laravel/framework/src/Illuminate/Support/Traits/ForwardsCalls.php(52): Illuminate/Database/Eloquent/Relations/Relation->forwardCallTo(Object(Illuminate/Database/Eloquent/Builder), 'delete', Array)
#9 C:/Users/Dicky/Documents/PROJEK/juaravibecoding/app_build/backend/vendor/laravel/framework/src/Illuminate/Database/Eloquent/Relations/Relation.php(538): Illuminate/Database/Eloquent/Relations/Relation->forwardDecoratedCallTo(Object(Illuminate/Database/Eloquent/Builder), 'delete', Array)
#10 C:/Users/Dicky/Documents/PROJEK/juaravibecoding/app_build/backend/app/Http/Controllers/AuthController.php(75): Illuminate/Database/Eloquent/Relations/Relation->__call('delete', Array)
#11 C:/Users/Dicky/Documents/PROJEK/juaravibecoding/app_build/backend/vendor/laravel/framework/src/Illuminate/Routing/ControllerDispatcher.php(47): App/Http/Controllers/AuthController->login(Object(Illuminate/Http/Request))
#12 C:/Users/Dicky/Documents/PROJEK/juaravibecoding/app_build/backend/vendor/laravel/framework/src/Illuminate/Routing/Route.php(266): Illuminate/Routing/ControllerDispatcher->dispatch(Object(Illuminate/Routing/Route), Object(App/Http/Controllers/AuthController), 'login')
#13 C:/Users/Dicky/Documents/PROJEK/juaravibecoding/app_build/backend/vendor/laravel/framework/src/Illuminate/Routing/Route.php(212): Illuminate/Routing/Route->runController()
#14 C:/Users/Dicky/Documents/PROJEK/juaravibecoding/app_build/backend/vendor/laravel/framework/src/Illuminate/Routing/Router.php(808): Illuminate/Routing/Route->run()
#15 C:/Users/Dicky/Documents/PROJEK/juaravibecoding/app_build/backend/vendor/laravel/framework/src/Illuminate/Pipeline/Pipeline.php(170): Illuminate/Routing/Router->{closure:Illuminate/Routing/Router::runRouteWithinStack():807}(Object(Illuminate/Http/Request))
#16 C:/Users/Dicky/Documents/PROJEK/juaravibecoding/app_build/backend/vendor/laravel/framework/src/Illuminate/Routing/Middleware/SubstituteBindings.php(51): Illuminate/Pipeline/Pipeline->{closure:Illuminate/Pipeline/Pipeline::prepareDestination():168}(Object(Illuminate/Http/Request))
#17 C:/Users/Dicky/Documents/PROJEK/juaravibecoding/app_build/backend/vendor/laravel/framework/src/Illuminate/Pipeline/Pipeline.php(209): Illuminate/Routing/Middleware/SubstituteBindings->handle(Object(Illuminate/Http/Request), Object(Closure))
#18 C:/Users/Dicky/Documents/PROJEK/juaravibecoding/app_build/backend/vendor/laravel/sanctum/src/Http/Middleware/EnsureFrontendRequestsAreStateful.php(26): Illuminate/Pipeline/Pipeline->{closure:{closure:Illuminate/Pipeline/Pipeline::carry():184}:185}(Object(Illuminate/Http/Request))
#19 C:/Users/Dicky/Documents/PROJEK/juaravibecoding/app_build/backend/vendor/laravel/framework/src/Illuminate/Pipeline/Pipeline.php(170): Laravel/Sanctum/Http/Middleware/EnsureFrontendRequestsAreStateful->{closure:Laravel/Sanctum/Http/Middleware/EnsureFrontendRequestsAreStateful::handle():25}(Object(Illuminate/Http/Request))
#20 C:/Users/Dicky/Documents/PROJEK/juaravibecoding/app_build/backend/vendor/laravel/framework/src/Illuminate/Pipeline/Pipeline.php(127): Illuminate/Pipeline/Pipeline->{closure:Illuminate/Pipeline/Pipeline::prepareDestination():168}(Object(Illuminate/Http/Request))
#21 C:/Users/Dicky/Documents/PROJEK/juaravibecoding/app_build/backend/vendor/laravel/sanctum/src/Http/Middleware/EnsureFrontendRequestsAreStateful.php(25): Illuminate/Pipeline/Pipeline->then(Object(Closure))
#22 C:/Users/Dicky/Documents/PROJEK/juaravibecoding/app_build/backend/vendor/laravel/framework/src/Illuminate/Pipeline/Pipeline.php(209): Laravel/Sanctum/Http/Middleware/EnsureFrontendRequestsAreStateful->handle(Object(Illuminate/Http/Request), Object(Closure))
#23 C:/Users/Dicky/Documents/PROJEK/juaravibecoding/app_build/backend/vendor/laravel/framework/src/Illuminate/Pipeline/Pipeline.php(127): Illuminate/Pipeline/Pipeline->{closure:{closure:Illuminate/Pipeline/Pipeline::carry():184}:185}(Object(Illuminate/Http/Request))
#24 C:/Users/Dicky/Documents/PROJEK/juaravibecoding/app_build/backend/vendor/laravel/framework/src/Illuminate/Routing/Router.php(807): Illuminate/Pipeline/Pipeline->then(Object(Closure))
#25 C:/Users/Dicky/Documents/PROJEK/juaravibecoding/app_build/backend/vendor/laravel/framework/src/Illuminate/Routing/Router.php(786): Illuminate/Routing/Router->runRouteWithinStack(Object(Illuminate/Routing/Route), Object(Illuminate/Http/Request))
#26 C:/Users/Dicky/Documents/PROJEK/juaravibecoding/app_build/backend/vendor/laravel/framework/src/Illuminate/Routing/Router.php(750): Illuminate/Routing/Router->runRoute(Object(Illuminate/Http/Request), Object(Illuminate/Routing/Route))
#27 C:/Users/Dicky/Documents/PROJEK/juaravibecoding/app_build/backend/vendor/laravel/framework/src/Illuminate/Routing/Router.php(739): Illuminate/Routing/Router->dispatchToRoute(Object(Illuminate/Http/Request))
#28 C:/Users/Dicky/Documents/PROJEK/juaravibecoding/app_build/backend/vendor/laravel/framework/src/Illuminate/Foundation/Http/Kernel.php(201): Illuminate/Routing/Router->dispatch(Object(Illuminate/Http/Request))
#29 C:/Users/Dicky/Documents/PROJEK/juaravibecoding/app_build/backend/vendor/laravel/framework/src/Illuminate/Pipeline/Pipeline.php(170): Illuminate/Foundation/Http/Kernel->{closure:Illuminate/Foundation/Http/Kernel::dispatchToRouter():198}(Object(Illuminate/Http/Request))
#30 C:/Users/Dicky/Documents/PROJEK/juaravibecoding/app_build/backend/vendor/laravel/framework/src/Illuminate/Foundation/Http/Middleware/TransformsRequest.php(21): Illuminate/Pipeline/Pipeline->{closure:Illuminate/Pipeline/Pipeline::prepareDestination():168}(Object(Illuminate/Http/Request))
#31 C:/Users/Dicky/Documents/PROJEK/juaravibecoding/app_build/backend/vendor/laravel/framework/src/Illuminate/Foundation/Http/Middleware/ConvertEmptyStringsToNull.php(31): Illuminate/Foundation/Http/Middleware/TransformsRequest->handle(Object(Illuminate/Http/Request), Object(Closure))
#32 C:/Users/Dicky/Documents/PROJEK/juaravibecoding/app_build/backend/vendor/laravel/framework/src/Illuminate/Pipeline/Pipeline.php(209): Illuminate/Foundation/Http/Middleware/ConvertEmptyStringsToNull->handle(Object(Illuminate/Http/Request), Object(Closure))
#33 C:/Users/Dicky/Documents/PROJEK/juaravibecoding/app_build/backend/vendor/laravel/framework/src/Illuminate/Foundation/Http/Middleware/TransformsRequest.php(21): Illuminate/Pipeline/Pipeline->{closure:{closure:Illuminate/Pipeline/Pipeline::carry():184}:185}(Object(Illuminate/Http/Request))
#34 C:/Users/Dicky/Documents/PROJEK/juaravibecoding/app_build/backend/vendor/laravel/framework/src/Illuminate/Foundation/Http/Middleware/TrimStrings.php(51): Illuminate/Foundation/Http/Middleware/TransformsRequest->handle(Object(Illuminate/Http/Request), Object(Closure))
#35 C:/Users/Dicky/Documents/PROJEK/juaravibecoding/app_build/backend/vendor/laravel/framework/src/Illuminate/Pipeline/Pipeline.php(209): Illuminate/Foundation/Http/Middleware/TrimStrings->handle(Object(Illuminate/Http/Request), Object(Closure))
#36 C:/Users/Dicky/Documents/PROJEK/juaravibecoding/app_build/backend/vendor/laravel/framework/src/Illuminate/Http/Middleware/ValidatePostSize.php(27): Illuminate/Pipeline/Pipeline->{closure:{closure:Illuminate/Pipeline/Pipeline::carry():184}:185}(Object(Illuminate/Http/Request))
#37 C:/Users/Dicky/Documents/PROJEK/juaravibecoding/app_build/backend/vendor/laravel/framework/src/Illuminate/Pipeline/Pipeline.php(209): Illuminate/Http/Middleware/ValidatePostSize->handle(Object(Illuminate/Http/Request), Object(Closure))
#38 C:/Users/Dicky/Documents/PROJEK/juaravibecoding/app_build/backend/vendor/laravel/framework/src/Illuminate/Foundation/Http/Middleware/PreventRequestsDuringMaintenance.php(110): Illuminate/Pipeline/Pipeline->{closure:{closure:Illuminate/Pipeline/Pipeline::carry():184}:185}(Object(Illuminate/Http/Request))
#39 C:/Users/Dicky/Documents/PROJEK/juaravibecoding/app_build/backend/vendor/laravel/framework/src/Illuminate/Pipeline/Pipeline.php(209): Illuminate/Foundation/Http/Middleware/PreventRequestsDuringMaintenance->handle(Object(Illuminate/Http/Request), Object(Closure))
#40 C:/Users/Dicky/Documents/PROJEK/juaravibecoding/app_build/backend/vendor/laravel/framework/src/Illuminate/Http/Middleware/HandleCors.php(62): Illuminate/Pipeline/Pipeline->{closure:{closure:Illuminate/Pipeline/Pipeline::carry():184}:185}(Object(Illuminate/Http/Request))
#41 C:/Users/Dicky/Documents/PROJEK/juaravibecoding/app_build/backend/vendor/laravel/framework/src/Illuminate/Pipeline/Pipeline.php(209): Illuminate/Http/Middleware/HandleCors->handle(Object(Illuminate/Http/Request), Object(Closure))
#42 C:/Users/Dicky/Documents/PROJEK/juaravibecoding/app_build/backend/vendor/laravel/framework/src/Illuminate/Http/Middleware/TrustProxies.php(58): Illuminate/Pipeline/Pipeline->{closure:{closure:Illuminate/Pipeline/Pipeline::carry():184}:185}(Object(Illuminate/Http/Request))
#43 C:/Users/Dicky/Documents/PROJEK/juaravibecoding/app_build/backend/vendor/laravel/framework/src/Illuminate/Pipeline/Pipeline.php(209): Illuminate/Http/Middleware/TrustProxies->handle(Object(Illuminate/Http/Request), Object(Closure))
#44 C:/Users/Dicky/Documents/PROJEK/juaravibecoding/app_build/backend/vendor/laravel/framework/src/Illuminate/Foundation/Http/Middleware/InvokeDeferredCallbacks.php(22): Illuminate/Pipeline/Pipeline->{closure:{closure:Illuminate/Pipeline/Pipeline::carry():184}:185}(Object(Illuminate/Http/Request))
#45 C:/Users/Dicky/Documents/PROJEK/juaravibecoding/app_build/backend/vendor/laravel/framework/src/Illuminate/Pipeline/Pipeline.php(209): Illuminate/Foundation/Http/Middleware/InvokeDeferredCallbacks->handle(Object(Illuminate/Http/Request), Object(Closure))
#46 C:/Users/Dicky/Documents/PROJEK/juaravibecoding/app_build/backend/vendor/laravel/framework/src/Illuminate/Pipeline/Pipeline.php(127): Illuminate/Pipeline/Pipeline->{closure:{closure:Illuminate/Pipeline/Pipeline::carry():184}:185}(Object(Illuminate/Http/Request))
#47 C:/Users/Dicky/Documents/PROJEK/juaravibecoding/app_build/backend/vendor/laravel/framework/src/Illuminate/Foundation/Http/Kernel.php(176): Illuminate/Pipeline/Pipeline->then(Object(Closure))
#48 C:/Users/Dicky/Documents/PROJEK/juaravibecoding/app_build/backend/vendor/laravel/framework/src/Illuminate/Foundation/Http/Kernel.php(145): Illuminate/Foundation/Http/Kernel->sendRequestThroughRouter(Object(Illuminate/Http/Request))
#49 C:/Users/Dicky/Documents/PROJEK/juaravibecoding/app_build/backend/vendor/laravel/framework/src/Illuminate/Foundation/Application.php(1220): Illuminate/Foundation/Http/Kernel->handle(Object(Illuminate/Http/Request))
#50 C:/Users/Dicky/Documents/PROJEK/juaravibecoding/app_build/backend/public/index.php(17): Illuminate/Foundation/Application->handleRequest(Object(Illuminate/Http/Request))
#51 {main}
"} 
[2026-05-28 10:57:29] local.ERROR: SQLSTATE[HY000]: General error: 1 no such table: personal_access_tokens (Connection: sqlite, SQL: delete from "personal_access_tokens" where "personal_access_tokens"."tokenable_type" = App\Models\User and "personal_access_tokens"."tokenable_id" = 1 and "personal_access_tokens"."tokenable_id" is not null) {"exception":"[object] (Illuminate\\Database\\QueryException(code: HY000): SQLSTATE[HY000]: General error: 1 no such table: personal_access_tokens (Connection: sqlite, SQL: delete from \"personal_access_tokens\" where \"personal_access_tokens\".\"tokenable_type\" = App\\Models\\User and \"personal_access_tokens\".\"tokenable_id\" = 1 and \"personal_access_tokens\".\"tokenable_id\" is not null) at C:/Users/Dicky/Documents/PROJEK/juaravibecoding/app_build/backend/vendor/laravel/framework/src/Illuminate/Database/Connection.php:825)
[stacktrace]
#0 C:/Users/Dicky/Documents/PROJEK/juaravibecoding/app_build/backend/vendor/laravel/framework/src/Illuminate/Database/Connection.php(779): Illuminate/Database/Connection->runQueryCallback('delete from \"pe...', Array, Object(Closure))
#1 C:/Users/Dicky/Documents/PROJEK/juaravibecoding/app_build/backend/vendor/laravel/framework/src/Illuminate/Database/Connection.php(584): Illuminate/Database/Connection->run('delete from \"pe...', Array, Object(Closure))
#2 C:/Users/Dicky/Documents/PROJEK/juaravibecoding/app_build/backend/vendor/laravel/framework/src/Illuminate/Database/Connection.php(548): Illuminate/Database/Connection->affectingStatement('delete from \"pe...', Array)
#3 C:/Users/Dicky/Documents/PROJEK/juaravibecoding/app_build/backend/vendor/laravel/framework/src/Illuminate/Database/Query/Builder.php(4024): Illuminate/Database/Connection->delete('delete from \"pe...', Array)
#4 C:/Users/Dicky/Documents/PROJEK/juaravibecoding/app_build/backend/vendor/laravel/framework/src/Illuminate/Database/Eloquent/Builder.php(1387): Illuminate/Database/Query/Builder->delete()
#5 C:/Users/Dicky/Documents/PROJEK/juaravibecoding/app_build/backend/vendor/laravel/framework/src/Illuminate/Support/Traits/ForwardsCalls.php(23): Illuminate/Database/Eloquent/Builder->delete()
#6 C:/Users/Dicky/Documents/PROJEK/juaravibecoding/app_build/backend/vendor/laravel/framework/src/Illuminate/Support/Traits/ForwardsCalls.php(52): Illuminate/Database/Eloquent/Relations/Relation->forwardCallTo(Object(Illuminate/Database/Eloquent/Builder), 'delete', Array)
#7 C:/Users/Dicky/Documents/PROJEK/juaravibecoding/app_build/backend/vendor/laravel/framework/src/Illuminate/Database/Eloquent/Relations/Relation.php(538): Illuminate/Database/Eloquent/Relations/Relation->forwardDecoratedCallTo(Object(Illuminate/Database/Eloquent/Builder), 'delete', Array)
#8 C:/Users/Dicky/Documents/PROJEK/juaravibecoding/app_build/backend/app/Http/Controllers/AuthController.php(75): Illuminate/Database/Eloquent/Relations/Relation->__call('delete', Array)
#9 C:/Users/Dicky/Documents/PROJEK/juaravibecoding/app_build/backend/vendor/laravel/framework/src/Illuminate/Routing/ControllerDispatcher.php(47): App/Http/Controllers/AuthController->login(Object(Illuminate/Http/Request))
#10 C:/Users/Dicky/Documents/PROJEK/juaravibecoding/app_build/backend/vendor/laravel/framework/src/Illuminate/Routing/Route.php(266): Illuminate/Routing/ControllerDispatcher->dispatch(Object(Illuminate/Routing/Route), Object(App/Http/Controllers/AuthController), 'login')
#11 C:/Users/Dicky/Documents/PROJEK/juaravibecoding/app_build/backend/vendor/laravel/framework/src/Illuminate/Routing/Route.php(212): Illuminate/Routing/Route->runController()
#12 C:/Users/Dicky/Documents/PROJEK/juaravibecoding/app_build/backend/vendor/laravel/framework/src/Illuminate/Routing/Router.php(808): Illuminate/Routing/Route->run()
#13 C:/Users/Dicky/Documents/PROJEK/juaravibecoding/app_build/backend/vendor/laravel/framework/src/Illuminate/Pipeline/Pipeline.php(170): Illuminate/Routing/Router->{closure:Illuminate/Routing/Router::runRouteWithinStack():807}(Object(Illuminate/Http/Request))
#14 C:/Users/Dicky/Documents/PROJEK/juaravibecoding/app_build/backend/vendor/laravel/framework/src/Illuminate/Routing/Middleware/SubstituteBindings.php(51): Illuminate/Pipeline/Pipeline->{closure:Illuminate/Pipeline/Pipeline::prepareDestination():168}(Object(Illuminate/Http/Request))
#15 C:/Users/Dicky/Documents/PROJEK/juaravibecoding/app_build/backend/vendor/laravel/framework/src/Illuminate/Pipeline/Pipeline.php(209): Illuminate/Routing/Middleware/SubstituteBindings->handle(Object(Illuminate/Http/Request), Object(Closure))
#16 C:/Users/Dicky/Documents/PROJEK/juaravibecoding/app_build/backend/vendor/laravel/sanctum/src/Http/Middleware/EnsureFrontendRequestsAreStateful.php(26): Illuminate/Pipeline/Pipeline->{closure:{closure:Illuminate/Pipeline/Pipeline::carry():184}:185}(Object(Illuminate/Http/Request))
#17 C:/Users/Dicky/Documents/PROJEK/juaravibecoding/app_build/backend/vendor/laravel/framework/src/Illuminate/Pipeline/Pipeline.php(170): Laravel/Sanctum/Http/Middleware/EnsureFrontendRequestsAreStateful->{closure:Laravel/Sanctum/Http/Middleware/EnsureFrontendRequestsAreStateful::handle():25}(Object(Illuminate/Http/Request))
#18 C:/Users/Dicky/Documents/PROJEK/juaravibecoding/app_build/backend/vendor/laravel/framework/src/Illuminate/Pipeline/Pipeline.php(127): Illuminate/Pipeline/Pipeline->{closure:Illuminate/Pipeline/Pipeline::prepareDestination():168}(Object(Illuminate/Http/Request))
#19 C:/Users/Dicky/Documents/PROJEK/juaravibecoding/app_build/backend/vendor/laravel/sanctum/src/Http/Middleware/EnsureFrontendRequestsAreStateful.php(25): Illuminate/Pipeline/Pipeline->then(Object(Closure))
#20 C:/Users/Dicky/Documents/PROJEK/juaravibecoding/app_build/backend/vendor/laravel/framework/src/Illuminate/Pipeline/Pipeline.php(209): Laravel/Sanctum/Http/Middleware/EnsureFrontendRequestsAreStateful->handle(Object(Illuminate/Http/Request), Object(Closure))
#21 C:/Users/Dicky/Documents/PROJEK/juaravibecoding/app_build/backend/vendor/laravel/framework/src/Illuminate/Pipeline/Pipeline.php(127): Illuminate/Pipeline/Pipeline->{closure:{closure:Illuminate/Pipeline/Pipeline::carry():184}:185}(Object(Illuminate/Http/Request))
#22 C:/Users/Dicky/Documents/PROJEK/juaravibecoding/app_build/backend/vendor/laravel/framework/src/Illuminate/Routing/Router.php(807): Illuminate/Pipeline/Pipeline->then(Object(Closure))
#23 C:/Users/Dicky/Documents/PROJEK/juaravibecoding/app_build/backend/vendor/laravel/framework/src/Illuminate/Routing/Router.php(786): Illuminate/Routing/Router->runRouteWithinStack(Object(Illuminate/Routing/Route), Object(Illuminate/Http/Request))
#24 C:/Users/Dicky/Documents/PROJEK/juaravibecoding/app_build/backend/vendor/laravel/framework/src/Illuminate/Routing/Router.php(750): Illuminate/Routing/Router->runRoute(Object(Illuminate/Http/Request), Object(Illuminate/Routing/Route))
#25 C:/Users/Dicky/Documents/PROJEK/juaravibecoding/app_build/backend/vendor/laravel/framework/src/Illuminate/Routing/Router.php(739): Illuminate/Routing/Router->dispatchToRoute(Object(Illuminate/Http/Request))
#26 C:/Users/Dicky/Documents/PROJEK/juaravibecoding/app_build/backend/vendor/laravel/framework/src/Illuminate/Foundation/Http/Kernel.php(201): Illuminate/Routing/Router->dispatch(Object(Illuminate/Http/Request))
#27 C:/Users/Dicky/Documents/PROJEK/juaravibecoding/app_build/backend/vendor/laravel/framework/src/Illuminate/Pipeline/Pipeline.php(170): Illuminate/Foundation/Http/Kernel->{closure:Illuminate/Foundation/Http/Kernel::dispatchToRouter():198}(Object(Illuminate/Http/Request))
#28 C:/Users/Dicky/Documents/PROJEK/juaravibecoding/app_build/backend/vendor/laravel/framework/src/Illuminate/Foundation/Http/Middleware/TransformsRequest.php(21): Illuminate/Pipeline/Pipeline->{closure:Illuminate/Pipeline/Pipeline::prepareDestination():168}(Object(Illuminate/Http/Request))
#29 C:/Users/Dicky/Documents/PROJEK/juaravibecoding/app_build/backend/vendor/laravel/framework/src/Illuminate/Foundation/Http/Middleware/ConvertEmptyStringsToNull.php(31): Illuminate/Foundation/Http/Middleware/TransformsRequest->handle(Object(Illuminate/Http/Request), Object(Closure))
#30 C:/Users/Dicky/Documents/PROJEK/juaravibecoding/app_build/backend/vendor/laravel/framework/src/Illuminate/Pipeline/Pipeline.php(209): Illuminate/Foundation/Http/Middleware/ConvertEmptyStringsToNull->handle(Object(Illuminate/Http/Request), Object(Closure))
#31 C:/Users/Dicky/Documents/PROJEK/juaravibecoding/app_build/backend/vendor/laravel/framework/src/Illuminate/Foundation/Http/Middleware/TransformsRequest.php(21): Illuminate/Pipeline/Pipeline->{closure:{closure:Illuminate/Pipeline/Pipeline::carry():184}:185}(Object(Illuminate/Http/Request))
#32 C:/Users/Dicky/Documents/PROJEK/juaravibecoding/app_build/backend/vendor/laravel/framework/src/Illuminate/Foundation/Http/Middleware/TrimStrings.php(51): Illuminate/Foundation/Http/Middleware/TransformsRequest->handle(Object(Illuminate/Http/Request), Object(Closure))
#33 C:/Users/Dicky/Documents/PROJEK/juaravibecoding/app_build/backend/vendor/laravel/framework/src/Illuminate/Pipeline/Pipeline.php(209): Illuminate/Foundation/Http/Middleware/TrimStrings->handle(Object(Illuminate/Http/Request), Object(Closure))
#34 C:/Users/Dicky/Documents/PROJEK/juaravibecoding/app_build/backend/vendor/laravel/framework/src/Illuminate/Http/Middleware/ValidatePostSize.php(27): Illuminate/Pipeline/Pipeline->{closure:{closure:Illuminate/Pipeline/Pipeline::carry():184}:185}(Object(Illuminate/Http/Request))
#35 C:/Users/Dicky/Documents/PROJEK/juaravibecoding/app_build/backend/vendor/laravel/framework/src/Illuminate/Pipeline/Pipeline.php(209): Illuminate/Http/Middleware/ValidatePostSize->handle(Object(Illuminate/Http/Request), Object(Closure))
#36 C:/Users/Dicky/Documents/PROJEK/juaravibecoding/app_build/backend/vendor/laravel/framework/src/Illuminate/Foundation/Http/Middleware/PreventRequestsDuringMaintenance.php(110): Illuminate/Pipeline/Pipeline->{closure:{closure:Illuminate/Pipeline/Pipeline::carry():184}:185}(Object(Illuminate/Http/Request))
#37 C:/Users/Dicky/Documents/PROJEK/juaravibecoding/app_build/backend/vendor/laravel/framework/src/Illuminate/Pipeline/Pipeline.php(209): Illuminate/Foundation/Http/Middleware/PreventRequestsDuringMaintenance->handle(Object(Illuminate/Http/Request), Object(Closure))
#38 C:/Users/Dicky/Documents/PROJEK/juaravibecoding/app_build/backend/vendor/laravel/framework/src/Illuminate/Http/Middleware/HandleCors.php(62): Illuminate/Pipeline/Pipeline->{closure:{closure:Illuminate/Pipeline/Pipeline::carry():184}:185}(Object(Illuminate/Http/Request))
#39 C:/Users/Dicky/Documents/PROJEK/juaravibecoding/app_build/backend/vendor/laravel/framework/src/Illuminate/Pipeline/Pipeline.php(209): Illuminate/Http/Middleware/HandleCors->handle(Object(Illuminate/Http/Request), Object(Closure))
#40 C:/Users/Dicky/Documents/PROJEK/juaravibecoding/app_build/backend/vendor/laravel/framework/src/Illuminate/Http/Middleware/TrustProxies.php(58): Illuminate/Pipeline/Pipeline->{closure:{closure:Illuminate/Pipeline/Pipeline::carry():184}:185}(Object(Illuminate/Http/Request))
#41 C:/Users/Dicky/Documents/PROJEK/juaravibecoding/app_build/backend/vendor/laravel/framework/src/Illuminate/Pipeline/Pipeline.php(209): Illuminate/Http/Middleware/TrustProxies->handle(Object(Illuminate/Http/Request), Object(Closure))
#42 C:/Users/Dicky/Documents/PROJEK/juaravibecoding/app_build/backend/vendor/laravel/framework/src/Illuminate/Foundation/Http/Middleware/InvokeDeferredCallbacks.php(22): Illuminate/Pipeline/Pipeline->{closure:{closure:Illuminate/Pipeline/Pipeline::carry():184}:185}(Object(Illuminate/Http/Request))
#43 C:/Users/Dicky/Documents/PROJEK/juaravibecoding/app_build/backend/vendor/laravel/framework/src/Illuminate/Pipeline/Pipeline.php(209): Illuminate/Foundation/Http/Middleware/InvokeDeferredCallbacks->handle(Object(Illuminate/Http/Request), Object(Closure))
#44 C:/Users/Dicky/Documents/PROJEK/juaravibecoding/app_build/backend/vendor/laravel/framework/src/Illuminate/Pipeline/Pipeline.php(127): Illuminate/Pipeline/Pipeline->{closure:{closure:Illuminate/Pipeline/Pipeline::carry():184}:185}(Object(Illuminate/Http/Request))
#45 C:/Users/Dicky/Documents/PROJEK/juaravibecoding/app_build/backend/vendor/laravel/framework/src/Illuminate/Foundation/Http/Kernel.php(176): Illuminate/Pipeline/Pipeline->then(Object(Closure))
#46 C:/Users/Dicky/Documents/PROJEK/juaravibecoding/app_build/backend/vendor/laravel/framework/src/Illuminate/Foundation/Http/Kernel.php(145): Illuminate/Foundation/Http/Kernel->sendRequestThroughRouter(Object(Illuminate/Http/Request))
#47 C:/Users/Dicky/Documents/PROJEK/juaravibecoding/app_build/backend/vendor/laravel/framework/src/Illuminate/Foundation/Application.php(1220): Illuminate/Foundation/Http/Kernel->handle(Object(Illuminate/Http/Request))
#48 C:/Users/Dicky/Documents/PROJEK/juaravibecoding/app_build/backend/public/index.php(17): Illuminate/Foundation/Application->handleRequest(Object(Illuminate/Http/Request))
#49 {main}

[previous exception] [object] (PDOException(code: HY000): SQLSTATE[HY000]: General error: 1 no such table: personal_access_tokens at C:/Users/Dicky/Documents/PROJEK/juaravibecoding/app_build/backend/vendor/laravel/framework/src/Illuminate/Database/Connection.php:592)
[stacktrace]
#0 C:/Users/Dicky/Documents/PROJEK/juaravibecoding/app_build/backend/vendor/laravel/framework/src/Illuminate/Database/Connection.php(592): PDO->prepare('delete from \"pe...')
#1 C:/Users/Dicky/Documents/PROJEK/juaravibecoding/app_build/backend/vendor/laravel/framework/src/Illuminate/Database/Connection.php(812): Illuminate/Database/Connection->{closure:Illuminate/Database/Connection::affectingStatement():584}('delete from \"pe...', Array)
#2 C:/Users/Dicky/Documents/PROJEK/juaravibecoding/app_build/backend/vendor/laravel/framework/src/Illuminate/Database/Connection.php(779): Illuminate/Database/Connection->runQueryCallback('delete from \"pe...', Array, Object(Closure))
#3 C:/Users/Dicky/Documents/PROJEK/juaravibecoding/app_build/backend/vendor/laravel/framework/src/Illuminate/Database/Connection.php(584): Illuminate/Database/Connection->run('delete from \"pe...', Array, Object(Closure))
#4 C:/Users/Dicky/Documents/PROJEK/juaravibecoding/app_build/backend/vendor/laravel/framework/src/Illuminate/Database/Connection.php(548): Illuminate/Database/Connection->affectingStatement('delete from \"pe...', Array)
#5 C:/Users/Dicky/Documents/PROJEK/juaravibecoding/app_build/backend/vendor/laravel/framework/src/Illuminate/Database/Query/Builder.php(4024): Illuminate/Database/Connection->delete('delete from \"pe...', Array)
#6 C:/Users/Dicky/Documents/PROJEK/juaravibecoding/app_build/backend/vendor/laravel/framework/src/Illuminate/Database/Eloquent/Builder.php(1387): Illuminate/Database/Query/Builder->delete()
#7 C:/Users/Dicky/Documents/PROJEK/juaravibecoding/app_build/backend/vendor/laravel/framework/src/Illuminate/Support/Traits/ForwardsCalls.php(23): Illuminate/Database/Eloquent/Builder->delete()
#8 C:/Users/Dicky/Documents/PROJEK/juaravibecoding/app_build/backend/vendor/laravel/framework/src/Illuminate/Support/Traits/ForwardsCalls.php(52): Illuminate/Database/Eloquent/Relations/Relation->forwardCallTo(Object(Illuminate/Database/Eloquent/Builder), 'delete', Array)
#9 C:/Users/Dicky/Documents/PROJEK/juaravibecoding/app_build/backend/vendor/laravel/framework/src/Illuminate/Database/Eloquent/Relations/Relation.php(538): Illuminate/Database/Eloquent/Relations/Relation->forwardDecoratedCallTo(Object(Illuminate/Database/Eloquent/Builder), 'delete', Array)
#10 C:/Users/Dicky/Documents/PROJEK/juaravibecoding/app_build/backend/app/Http/Controllers/AuthController.php(75): Illuminate/Database/Eloquent/Relations/Relation->__call('delete', Array)
#11 C:/Users/Dicky/Documents/PROJEK/juaravibecoding/app_build/backend/vendor/laravel/framework/src/Illuminate/Routing/ControllerDispatcher.php(47): App/Http/Controllers/AuthController->login(Object(Illuminate/Http/Request))
#12 C:/Users/Dicky/Documents/PROJEK/juaravibecoding/app_build/backend/vendor/laravel/framework/src/Illuminate/Routing/Route.php(266): Illuminate/Routing/ControllerDispatcher->dispatch(Object(Illuminate/Routing/Route), Object(App/Http/Controllers/AuthController), 'login')
#13 C:/Users/Dicky/Documents/PROJEK/juaravibecoding/app_build/backend/vendor/laravel/framework/src/Illuminate/Routing/Route.php(212): Illuminate/Routing/Route->runController()
#14 C:/Users/Dicky/Documents/PROJEK/juaravibecoding/app_build/backend/vendor/laravel/framework/src/Illuminate/Routing/Router.php(808): Illuminate/Routing/Route->run()
#15 C:/Users/Dicky/Documents/PROJEK/juaravibecoding/app_build/backend/vendor/laravel/framework/src/Illuminate/Pipeline/Pipeline.php(170): Illuminate/Routing/Router->{closure:Illuminate/Routing/Router::runRouteWithinStack():807}(Object(Illuminate/Http/Request))
#16 C:/Users/Dicky/Documents/PROJEK/juaravibecoding/app_build/backend/vendor/laravel/framework/src/Illuminate/Routing/Middleware/SubstituteBindings.php(51): Illuminate/Pipeline/Pipeline->{closure:Illuminate/Pipeline/Pipeline::prepareDestination():168}(Object(Illuminate/Http/Request))
#17 C:/Users/Dicky/Documents/PROJEK/juaravibecoding/app_build/backend/vendor/laravel/framework/src/Illuminate/Pipeline/Pipeline.php(209): Illuminate/Routing/Middleware/SubstituteBindings->handle(Object(Illuminate/Http/Request), Object(Closure))
#18 C:/Users/Dicky/Documents/PROJEK/juaravibecoding/app_build/backend/vendor/laravel/sanctum/src/Http/Middleware/EnsureFrontendRequestsAreStateful.php(26): Illuminate/Pipeline/Pipeline->{closure:{closure:Illuminate/Pipeline/Pipeline::carry():184}:185}(Object(Illuminate/Http/Request))
#19 C:/Users/Dicky/Documents/PROJEK/juaravibecoding/app_build/backend/vendor/laravel/framework/src/Illuminate/Pipeline/Pipeline.php(170): Laravel/Sanctum/Http/Middleware/EnsureFrontendRequestsAreStateful->{closure:Laravel/Sanctum/Http/Middleware/EnsureFrontendRequestsAreStateful::handle():25}(Object(Illuminate/Http/Request))
#20 C:/Users/Dicky/Documents/PROJEK/juaravibecoding/app_build/backend/vendor/laravel/framework/src/Illuminate/Pipeline/Pipeline.php(127): Illuminate/Pipeline/Pipeline->{closure:Illuminate/Pipeline/Pipeline::prepareDestination():168}(Object(Illuminate/Http/Request))
#21 C:/Users/Dicky/Documents/PROJEK/juaravibecoding/app_build/backend/vendor/laravel/sanctum/src/Http/Middleware/EnsureFrontendRequestsAreStateful.php(25): Illuminate/Pipeline/Pipeline->then(Object(Closure))
#22 C:/Users/Dicky/Documents/PROJEK/juaravibecoding/app_build/backend/vendor/laravel/framework/src/Illuminate/Pipeline/Pipeline.php(209): Laravel/Sanctum/Http/Middleware/EnsureFrontendRequestsAreStateful->handle(Object(Illuminate/Http/Request), Object(Closure))
#23 C:/Users/Dicky/Documents/PROJEK/juaravibecoding/app_build/backend/vendor/laravel/framework/src/Illuminate/Pipeline/Pipeline.php(127): Illuminate/Pipeline/Pipeline->{closure:{closure:Illuminate/Pipeline/Pipeline::carry():184}:185}(Object(Illuminate/Http/Request))
#24 C:/Users/Dicky/Documents/PROJEK/juaravibecoding/app_build/backend/vendor/laravel/framework/src/Illuminate/Routing/Router.php(807): Illuminate/Pipeline/Pipeline->then(Object(Closure))
#25 C:/Users/Dicky/Documents/PROJEK/juaravibecoding/app_build/backend/vendor/laravel/framework/src/Illuminate/Routing/Router.php(786): Illuminate/Routing/Router->runRouteWithinStack(Object(Illuminate/Routing/Route), Object(Illuminate/Http/Request))
#26 C:/Users/Dicky/Documents/PROJEK/juaravibecoding/app_build/backend/vendor/laravel/framework/src/Illuminate/Routing/Router.php(750): Illuminate/Routing/Router->runRoute(Object(Illuminate/Http/Request), Object(Illuminate/Routing/Route))
#27 C:/Users/Dicky/Documents/PROJEK/juaravibecoding/app_build/backend/vendor/laravel/framework/src/Illuminate/Routing/Router.php(739): Illuminate/Routing/Router->dispatchToRoute(Object(Illuminate/Http/Request))
#28 C:/Users/Dicky/Documents/PROJEK/juaravibecoding/app_build/backend/vendor/laravel/framework/src/Illuminate/Foundation/Http/Kernel.php(201): Illuminate/Routing/Router->dispatch(Object(Illuminate/Http/Request))
#29 C:/Users/Dicky/Documents/PROJEK/juaravibecoding/app_build/backend/vendor/laravel/framework/src/Illuminate/Pipeline/Pipeline.php(170): Illuminate/Foundation/Http/Kernel->{closure:Illuminate/Foundation/Http/Kernel::dispatchToRouter():198}(Object(Illuminate/Http/Request))
#30 C:/Users/Dicky/Documents/PROJEK/juaravibecoding/app_build/backend/vendor/laravel/framework/src/Illuminate/Foundation/Http/Middleware/TransformsRequest.php(21): Illuminate/Pipeline/Pipeline->{closure:Illuminate/Pipeline/Pipeline::prepareDestination():168}(Object(Illuminate/Http/Request))
#31 C:/Users/Dicky/Documents/PROJEK/juaravibecoding/app_build/backend/vendor/laravel/framework/src/Illuminate/Foundation/Http/Middleware/ConvertEmptyStringsToNull.php(31): Illuminate/Foundation/Http/Middleware/TransformsRequest->handle(Object(Illuminate/Http/Request), Object(Closure))
#32 C:/Users/Dicky/Documents/PROJEK/juaravibecoding/app_build/backend/vendor/laravel/framework/src/Illuminate/Pipeline/Pipeline.php(209): Illuminate/Foundation/Http/Middleware/ConvertEmptyStringsToNull->handle(Object(Illuminate/Http/Request), Object(Closure))
#33 C:/Users/Dicky/Documents/PROJEK/juaravibecoding/app_build/backend/vendor/laravel/framework/src/Illuminate/Foundation/Http/Middleware/TransformsRequest.php(21): Illuminate/Pipeline/Pipeline->{closure:{closure:Illuminate/Pipeline/Pipeline::carry():184}:185}(Object(Illuminate/Http/Request))
#34 C:/Users/Dicky/Documents/PROJEK/juaravibecoding/app_build/backend/vendor/laravel/framework/src/Illuminate/Foundation/Http/Middleware/TrimStrings.php(51): Illuminate/Foundation/Http/Middleware/TransformsRequest->handle(Object(Illuminate/Http/Request), Object(Closure))
#35 C:/Users/Dicky/Documents/PROJEK/juaravibecoding/app_build/backend/vendor/laravel/framework/src/Illuminate/Pipeline/Pipeline.php(209): Illuminate/Foundation/Http/Middleware/TrimStrings->handle(Object(Illuminate/Http/Request), Object(Closure))
#36 C:/Users/Dicky/Documents/PROJEK/juaravibecoding/app_build/backend/vendor/laravel/framework/src/Illuminate/Http/Middleware/ValidatePostSize.php(27): Illuminate/Pipeline/Pipeline->{closure:{closure:Illuminate/Pipeline/Pipeline::carry():184}:185}(Object(Illuminate/Http/Request))
#37 C:/Users/Dicky/Documents/PROJEK/juaravibecoding/app_build/backend/vendor/laravel/framework/src/Illuminate/Pipeline/Pipeline.php(209): Illuminate/Http/Middleware/ValidatePostSize->handle(Object(Illuminate/Http/Request), Object(Closure))
#38 C:/Users/Dicky/Documents/PROJEK/juaravibecoding/app_build/backend/vendor/laravel/framework/src/Illuminate/Foundation/Http/Middleware/PreventRequestsDuringMaintenance.php(110): Illuminate/Pipeline/Pipeline->{closure:{closure:Illuminate/Pipeline/Pipeline::carry():184}:185}(Object(Illuminate/Http/Request))
#39 C:/Users/Dicky/Documents/PROJEK/juaravibecoding/app_build/backend/vendor/laravel/framework/src/Illuminate/Pipeline/Pipeline.php(209): Illuminate/Foundation/Http/Middleware/PreventRequestsDuringMaintenance->handle(Object(Illuminate/Http/Request), Object(Closure))
#40 C:/Users/Dicky/Documents/PROJEK/juaravibecoding/app_build/backend/vendor/laravel/framework/src/Illuminate/Http/Middleware/HandleCors.php(62): Illuminate/Pipeline/Pipeline->{closure:{closure:Illuminate/Pipeline/Pipeline::carry():184}:185}(Object(Illuminate/Http/Request))
#41 C:/Users/Dicky/Documents/PROJEK/juaravibecoding/app_build/backend/vendor/laravel/framework/src/Illuminate/Pipeline/Pipeline.php(209): Illuminate/Http/Middleware/HandleCors->handle(Object(Illuminate/Http/Request), Object(Closure))
#42 C:/Users/Dicky/Documents/PROJEK/juaravibecoding/app_build/backend/vendor/laravel/framework/src/Illuminate/Http/Middleware/TrustProxies.php(58): Illuminate/Pipeline/Pipeline->{closure:{closure:Illuminate/Pipeline/Pipeline::carry():184}:185}(Object(Illuminate/Http/Request))
#43 C:/Users/Dicky/Documents/PROJEK/juaravibecoding/app_build/backend/vendor/laravel/framework/src/Illuminate/Pipeline/Pipeline.php(209): Illuminate/Http/Middleware/TrustProxies->handle(Object(Illuminate/Http/Request), Object(Closure))
#44 C:/Users/Dicky/Documents/PROJEK/juaravibecoding/app_build/backend/vendor/laravel/framework/src/Illuminate/Foundation/Http/Middleware/InvokeDeferredCallbacks.php(22): Illuminate/Pipeline/Pipeline->{closure:{closure:Illuminate/Pipeline/Pipeline::carry():184}:185}(Object(Illuminate/Http/Request))
#45 C:/Users/Dicky/Documents/PROJEK/juaravibecoding/app_build/backend/vendor/laravel/framework/src/Illuminate/Pipeline/Pipeline.php(209): Illuminate/Foundation/Http/Middleware/InvokeDeferredCallbacks->handle(Object(Illuminate/Http/Request), Object(Closure))
#46 C:/Users/Dicky/Documents/PROJEK/juaravibecoding/app_build/backend/vendor/laravel/framework/src/Illuminate/Pipeline/Pipeline.php(127): Illuminate/Pipeline/Pipeline->{closure:{closure:Illuminate/Pipeline/Pipeline::carry():184}:185}(Object(Illuminate/Http/Request))
#47 C:/Users/Dicky/Documents/PROJEK/juaravibecoding/app_build/backend/vendor/laravel/framework/src/Illuminate/Foundation/Http/Kernel.php(176): Illuminate/Pipeline/Pipeline->then(Object(Closure))
#48 C:/Users/Dicky/Documents/PROJEK/juaravibecoding/app_build/backend/vendor/laravel/framework/src/Illuminate/Foundation/Http/Kernel.php(145): Illuminate/Foundation/Http/Kernel->sendRequestThroughRouter(Object(Illuminate/Http/Request))
#49 C:/Users/Dicky/Documents/PROJEK/juaravibecoding/app_build/backend/vendor/laravel/framework/src/Illuminate/Foundation/Application.php(1220): Illuminate/Foundation/Http/Kernel->handle(Object(Illuminate/Http/Request))
#50 C:/Users/Dicky/Documents/PROJEK/juaravibecoding/app_build/backend/public/index.php(17): Illuminate/Foundation/Application->handleRequest(Object(Illuminate/Http/Request))
#51 {main}
"} 
[2026-05-28 10:57:33] local.ERROR: SQLSTATE[HY000]: General error: 1 no such table: personal_access_tokens (Connection: sqlite, SQL: delete from "personal_access_tokens" where "personal_access_tokens"."tokenable_type" = App\Models\User and "personal_access_tokens"."tokenable_id" = 1 and "personal_access_tokens"."tokenable_id" is not null) {"exception":"[object] (Illuminate\\Database\\QueryException(code: HY000): SQLSTATE[HY000]: General error: 1 no such table: personal_access_tokens (Connection: sqlite, SQL: delete from \"personal_access_tokens\" where \"personal_access_tokens\".\"tokenable_type\" = App\\Models\\User and \"personal_access_tokens\".\"tokenable_id\" = 1 and \"personal_access_tokens\".\"tokenable_id\" is not null) at C:/Users/Dicky/Documents/PROJEK/juaravibecoding/app_build/backend/vendor/laravel/framework/src/Illuminate/Database/Connection.php:825)
[stacktrace]
#0 C:/Users/Dicky/Documents/PROJEK/juaravibecoding/app_build/backend/vendor/laravel/framework/src/Illuminate/Database/Connection.php(779): Illuminate/Database/Connection->runQueryCallback('delete from \"pe...', Array, Object(Closure))
#1 C:/Users/Dicky/Documents/PROJEK/juaravibecoding/app_build/backend/vendor/laravel/framework/src/Illuminate/Database/Connection.php(584): Illuminate/Database/Connection->run('delete from \"pe...', Array, Object(Closure))
#2 C:/Users/Dicky/Documents/PROJEK/juaravibecoding/app_build/backend/vendor/laravel/framework/src/Illuminate/Database/Connection.php(548): Illuminate/Database/Connection->affectingStatement('delete from \"pe...', Array)
#3 C:/Users/Dicky/Documents/PROJEK/juaravibecoding/app_build/backend/vendor/laravel/framework/src/Illuminate/Database/Query/Builder.php(4024): Illuminate/Database/Connection->delete('delete from \"pe...', Array)
#4 C:/Users/Dicky/Documents/PROJEK/juaravibecoding/app_build/backend/vendor/laravel/framework/src/Illuminate/Database/Eloquent/Builder.php(1387): Illuminate/Database/Query/Builder->delete()
#5 C:/Users/Dicky/Documents/PROJEK/juaravibecoding/app_build/backend/vendor/laravel/framework/src/Illuminate/Support/Traits/ForwardsCalls.php(23): Illuminate/Database/Eloquent/Builder->delete()
#6 C:/Users/Dicky/Documents/PROJEK/juaravibecoding/app_build/backend/vendor/laravel/framework/src/Illuminate/Support/Traits/ForwardsCalls.php(52): Illuminate/Database/Eloquent/Relations/Relation->forwardCallTo(Object(Illuminate/Database/Eloquent/Builder), 'delete', Array)
#7 C:/Users/Dicky/Documents/PROJEK/juaravibecoding/app_build/backend/vendor/laravel/framework/src/Illuminate/Database/Eloquent/Relations/Relation.php(538): Illuminate/Database/Eloquent/Relations/Relation->forwardDecoratedCallTo(Object(Illuminate/Database/Eloquent/Builder), 'delete', Array)
#8 C:/Users/Dicky/Documents/PROJEK/juaravibecoding/app_build/backend/app/Http/Controllers/AuthController.php(75): Illuminate/Database/Eloquent/Relations/Relation->__call('delete', Array)
#9 C:/Users/Dicky/Documents/PROJEK/juaravibecoding/app_build/backend/vendor/laravel/framework/src/Illuminate/Routing/ControllerDispatcher.php(47): App/Http/Controllers/AuthController->login(Object(Illuminate/Http/Request))
#10 C:/Users/Dicky/Documents/PROJEK/juaravibecoding/app_build/backend/vendor/laravel/framework/src/Illuminate/Routing/Route.php(266): Illuminate/Routing/ControllerDispatcher->dispatch(Object(Illuminate/Routing/Route), Object(App/Http/Controllers/AuthController), 'login')
#11 C:/Users/Dicky/Documents/PROJEK/juaravibecoding/app_build/backend/vendor/laravel/framework/src/Illuminate/Routing/Route.php(212): Illuminate/Routing/Route->runController()
#12 C:/Users/Dicky/Documents/PROJEK/juaravibecoding/app_build/backend/vendor/laravel/framework/src/Illuminate/Routing/Router.php(808): Illuminate/Routing/Route->run()
#13 C:/Users/Dicky/Documents/PROJEK/juaravibecoding/app_build/backend/vendor/laravel/framework/src/Illuminate/Pipeline/Pipeline.php(170): Illuminate/Routing/Router->{closure:Illuminate/Routing/Router::runRouteWithinStack():807}(Object(Illuminate/Http/Request))
#14 C:/Users/Dicky/Documents/PROJEK/juaravibecoding/app_build/backend/vendor/laravel/framework/src/Illuminate/Routing/Middleware/SubstituteBindings.php(51): Illuminate/Pipeline/Pipeline->{closure:Illuminate/Pipeline/Pipeline::prepareDestination():168}(Object(Illuminate/Http/Request))
#15 C:/Users/Dicky/Documents/PROJEK/juaravibecoding/app_build/backend/vendor/laravel/framework/src/Illuminate/Pipeline/Pipeline.php(209): Illuminate/Routing/Middleware/SubstituteBindings->handle(Object(Illuminate/Http/Request), Object(Closure))
#16 C:/Users/Dicky/Documents/PROJEK/juaravibecoding/app_build/backend/vendor/laravel/sanctum/src/Http/Middleware/EnsureFrontendRequestsAreStateful.php(26): Illuminate/Pipeline/Pipeline->{closure:{closure:Illuminate/Pipeline/Pipeline::carry():184}:185}(Object(Illuminate/Http/Request))
#17 C:/Users/Dicky/Documents/PROJEK/juaravibecoding/app_build/backend/vendor/laravel/framework/src/Illuminate/Pipeline/Pipeline.php(170): Laravel/Sanctum/Http/Middleware/EnsureFrontendRequestsAreStateful->{closure:Laravel/Sanctum/Http/Middleware/EnsureFrontendRequestsAreStateful::handle():25}(Object(Illuminate/Http/Request))
#18 C:/Users/Dicky/Documents/PROJEK/juaravibecoding/app_build/backend/vendor/laravel/framework/src/Illuminate/Pipeline/Pipeline.php(127): Illuminate/Pipeline/Pipeline->{closure:Illuminate/Pipeline/Pipeline::prepareDestination():168}(Object(Illuminate/Http/Request))
#19 C:/Users/Dicky/Documents/PROJEK/juaravibecoding/app_build/backend/vendor/laravel/sanctum/src/Http/Middleware/EnsureFrontendRequestsAreStateful.php(25): Illuminate/Pipeline/Pipeline->then(Object(Closure))
#20 C:/Users/Dicky/Documents/PROJEK/juaravibecoding/app_build/backend/vendor/laravel/framework/src/Illuminate/Pipeline/Pipeline.php(209): Laravel/Sanctum/Http/Middleware/EnsureFrontendRequestsAreStateful->handle(Object(Illuminate/Http/Request), Object(Closure))
#21 C:/Users/Dicky/Documents/PROJEK/juaravibecoding/app_build/backend/vendor/laravel/framework/src/Illuminate/Pipeline/Pipeline.php(127): Illuminate/Pipeline/Pipeline->{closure:{closure:Illuminate/Pipeline/Pipeline::carry():184}:185}(Object(Illuminate/Http/Request))
#22 C:/Users/Dicky/Documents/PROJEK/juaravibecoding/app_build/backend/vendor/laravel/framework/src/Illuminate/Routing/Router.php(807): Illuminate/Pipeline/Pipeline->then(Object(Closure))
#23 C:/Users/Dicky/Documents/PROJEK/juaravibecoding/app_build/backend/vendor/laravel/framework/src/Illuminate/Routing/Router.php(786): Illuminate/Routing/Router->runRouteWithinStack(Object(Illuminate/Routing/Route), Object(Illuminate/Http/Request))
#24 C:/Users/Dicky/Documents/PROJEK/juaravibecoding/app_build/backend/vendor/laravel/framework/src/Illuminate/Routing/Router.php(750): Illuminate/Routing/Router->runRoute(Object(Illuminate/Http/Request), Object(Illuminate/Routing/Route))
#25 C:/Users/Dicky/Documents/PROJEK/juaravibecoding/app_build/backend/vendor/laravel/framework/src/Illuminate/Routing/Router.php(739): Illuminate/Routing/Router->dispatchToRoute(Object(Illuminate/Http/Request))
#26 C:/Users/Dicky/Documents/PROJEK/juaravibecoding/app_build/backend/vendor/laravel/framework/src/Illuminate/Foundation/Http/Kernel.php(201): Illuminate/Routing/Router->dispatch(Object(Illuminate/Http/Request))
#27 C:/Users/Dicky/Documents/PROJEK/juaravibecoding/app_build/backend/vendor/laravel/framework/src/Illuminate/Pipeline/Pipeline.php(170): Illuminate/Foundation/Http/Kernel->{closure:Illuminate/Foundation/Http/Kernel::dispatchToRouter():198}(Object(Illuminate/Http/Request))
#28 C:/Users/Dicky/Documents/PROJEK/juaravibecoding/app_build/backend/vendor/laravel/framework/src/Illuminate/Foundation/Http/Middleware/TransformsRequest.php(21): Illuminate/Pipeline/Pipeline->{closure:Illuminate/Pipeline/Pipeline::prepareDestination():168}(Object(Illuminate/Http/Request))
#29 C:/Users/Dicky/Documents/PROJEK/juaravibecoding/app_build/backend/vendor/laravel/framework/src/Illuminate/Foundation/Http/Middleware/ConvertEmptyStringsToNull.php(31): Illuminate/Foundation/Http/Middleware/TransformsRequest->handle(Object(Illuminate/Http/Request), Object(Closure))
#30 C:/Users/Dicky/Documents/PROJEK/juaravibecoding/app_build/backend/vendor/laravel/framework/src/Illuminate/Pipeline/Pipeline.php(209): Illuminate/Foundation/Http/Middleware/ConvertEmptyStringsToNull->handle(Object(Illuminate/Http/Request), Object(Closure))
#31 C:/Users/Dicky/Documents/PROJEK/juaravibecoding/app_build/backend/vendor/laravel/framework/src/Illuminate/Foundation/Http/Middleware/TransformsRequest.php(21): Illuminate/Pipeline/Pipeline->{closure:{closure:Illuminate/Pipeline/Pipeline::carry():184}:185}(Object(Illuminate/Http/Request))
#32 C:/Users/Dicky/Documents/PROJEK/juaravibecoding/app_build/backend/vendor/laravel/framework/src/Illuminate/Foundation/Http/Middleware/TrimStrings.php(51): Illuminate/Foundation/Http/Middleware/TransformsRequest->handle(Object(Illuminate/Http/Request), Object(Closure))
#33 C:/Users/Dicky/Documents/PROJEK/juaravibecoding/app_build/backend/vendor/laravel/framework/src/Illuminate/Pipeline/Pipeline.php(209): Illuminate/Foundation/Http/Middleware/TrimStrings->handle(Object(Illuminate/Http/Request), Object(Closure))
#34 C:/Users/Dicky/Documents/PROJEK/juaravibecoding/app_build/backend/vendor/laravel/framework/src/Illuminate/Http/Middleware/ValidatePostSize.php(27): Illuminate/Pipeline/Pipeline->{closure:{closure:Illuminate/Pipeline/Pipeline::carry():184}:185}(Object(Illuminate/Http/Request))
#35 C:/Users/Dicky/Documents/PROJEK/juaravibecoding/app_build/backend/vendor/laravel/framework/src/Illuminate/Pipeline/Pipeline.php(209): Illuminate/Http/Middleware/ValidatePostSize->handle(Object(Illuminate/Http/Request), Object(Closure))
#36 C:/Users/Dicky/Documents/PROJEK/juaravibecoding/app_build/backend/vendor/laravel/framework/src/Illuminate/Foundation/Http/Middleware/PreventRequestsDuringMaintenance.php(110): Illuminate/Pipeline/Pipeline->{closure:{closure:Illuminate/Pipeline/Pipeline::carry():184}:185}(Object(Illuminate/Http/Request))
#37 C:/Users/Dicky/Documents/PROJEK/juaravibecoding/app_build/backend/vendor/laravel/framework/src/Illuminate/Pipeline/Pipeline.php(209): Illuminate/Foundation/Http/Middleware/PreventRequestsDuringMaintenance->handle(Object(Illuminate/Http/Request), Object(Closure))
#38 C:/Users/Dicky/Documents/PROJEK/juaravibecoding/app_build/backend/vendor/laravel/framework/src/Illuminate/Http/Middleware/HandleCors.php(62): Illuminate/Pipeline/Pipeline->{closure:{closure:Illuminate/Pipeline/Pipeline::carry():184}:185}(Object(Illuminate/Http/Request))
#39 C:/Users/Dicky/Documents/PROJEK/juaravibecoding/app_build/backend/vendor/laravel/framework/src/Illuminate/Pipeline/Pipeline.php(209): Illuminate/Http/Middleware/HandleCors->handle(Object(Illuminate/Http/Request), Object(Closure))
#40 C:/Users/Dicky/Documents/PROJEK/juaravibecoding/app_build/backend/vendor/laravel/framework/src/Illuminate/Http/Middleware/TrustProxies.php(58): Illuminate/Pipeline/Pipeline->{closure:{closure:Illuminate/Pipeline/Pipeline::carry():184}:185}(Object(Illuminate/Http/Request))
#41 C:/Users/Dicky/Documents/PROJEK/juaravibecoding/app_build/backend/vendor/laravel/framework/src/Illuminate/Pipeline/Pipeline.php(209): Illuminate/Http/Middleware/TrustProxies->handle(Object(Illuminate/Http/Request), Object(Closure))
#42 C:/Users/Dicky/Documents/PROJEK/juaravibecoding/app_build/backend/vendor/laravel/framework/src/Illuminate/Foundation/Http/Middleware/InvokeDeferredCallbacks.php(22): Illuminate/Pipeline/Pipeline->{closure:{closure:Illuminate/Pipeline/Pipeline::carry():184}:185}(Object(Illuminate/Http/Request))
#43 C:/Users/Dicky/Documents/PROJEK/juaravibecoding/app_build/backend/vendor/laravel/framework/src/Illuminate/Pipeline/Pipeline.php(209): Illuminate/Foundation/Http/Middleware/InvokeDeferredCallbacks->handle(Object(Illuminate/Http/Request), Object(Closure))
#44 C:/Users/Dicky/Documents/PROJEK/juaravibecoding/app_build/backend/vendor/laravel/framework/src/Illuminate/Pipeline/Pipeline.php(127): Illuminate/Pipeline/Pipeline->{closure:{closure:Illuminate/Pipeline/Pipeline::carry():184}:185}(Object(Illuminate/Http/Request))
#45 C:/Users/Dicky/Documents/PROJEK/juaravibecoding/app_build/backend/vendor/laravel/framework/src/Illuminate/Foundation/Http/Kernel.php(176): Illuminate/Pipeline/Pipeline->then(Object(Closure))
#46 C:/Users/Dicky/Documents/PROJEK/juaravibecoding/app_build/backend/vendor/laravel/framework/src/Illuminate/Foundation/Http/Kernel.php(145): Illuminate/Foundation/Http/Kernel->sendRequestThroughRouter(Object(Illuminate/Http/Request))
#47 C:/Users/Dicky/Documents/PROJEK/juaravibecoding/app_build/backend/vendor/laravel/framework/src/Illuminate/Foundation/Application.php(1220): Illuminate/Foundation/Http/Kernel->handle(Object(Illuminate/Http/Request))
#48 C:/Users/Dicky/Documents/PROJEK/juaravibecoding/app_build/backend/public/index.php(17): Illuminate/Foundation/Application->handleRequest(Object(Illuminate/Http/Request))
#49 {main}

[previous exception] [object] (PDOException(code: HY000): SQLSTATE[HY000]: General error: 1 no such table: personal_access_tokens at C:/Users/Dicky/Documents/PROJEK/juaravibecoding/app_build/backend/vendor/laravel/framework/src/Illuminate/Database/Connection.php:592)
[stacktrace]
#0 C:/Users/Dicky/Documents/PROJEK/juaravibecoding/app_build/backend/vendor/laravel/framework/src/Illuminate/Database/Connection.php(592): PDO->prepare('delete from \"pe...')
#1 C:/Users/Dicky/Documents/PROJEK/juaravibecoding/app_build/backend/vendor/laravel/framework/src/Illuminate/Database/Connection.php(812): Illuminate/Database/Connection->{closure:Illuminate/Database/Connection::affectingStatement():584}('delete from \"pe...', Array)
#2 C:/Users/Dicky/Documents/PROJEK/juaravibecoding/app_build/backend/vendor/laravel/framework/src/Illuminate/Database/Connection.php(779): Illuminate/Database/Connection->runQueryCallback('delete from \"pe...', Array, Object(Closure))
#3 C:/Users/Dicky/Documents/PROJEK/juaravibecoding/app_build/backend/vendor/laravel/framework/src/Illuminate/Database/Connection.php(584): Illuminate/Database/Connection->run('delete from \"pe...', Array, Object(Closure))
#4 C:/Users/Dicky/Documents/PROJEK/juaravibecoding/app_build/backend/vendor/laravel/framework/src/Illuminate/Database/Connection.php(548): Illuminate/Database/Connection->affectingStatement('delete from \"pe...', Array)
#5 C:/Users/Dicky/Documents/PROJEK/juaravibecoding/app_build/backend/vendor/laravel/framework/src/Illuminate/Database/Query/Builder.php(4024): Illuminate/Database/Connection->delete('delete from \"pe...', Array)
#6 C:/Users/Dicky/Documents/PROJEK/juaravibecoding/app_build/backend/vendor/laravel/framework/src/Illuminate/Database/Eloquent/Builder.php(1387): Illuminate/Database/Query/Builder->delete()
#7 C:/Users/Dicky/Documents/PROJEK/juaravibecoding/app_build/backend/vendor/laravel/framework/src/Illuminate/Support/Traits/ForwardsCalls.php(23): Illuminate/Database/Eloquent/Builder->delete()
#8 C:/Users/Dicky/Documents/PROJEK/juaravibecoding/app_build/backend/vendor/laravel/framework/src/Illuminate/Support/Traits/ForwardsCalls.php(52): Illuminate/Database/Eloquent/Relations/Relation->forwardCallTo(Object(Illuminate/Database/Eloquent/Builder), 'delete', Array)
#9 C:/Users/Dicky/Documents/PROJEK/juaravibecoding/app_build/backend/vendor/laravel/framework/src/Illuminate/Database/Eloquent/Relations/Relation.php(538): Illuminate/Database/Eloquent/Relations/Relation->forwardDecoratedCallTo(Object(Illuminate/Database/Eloquent/Builder), 'delete', Array)
#10 C:/Users/Dicky/Documents/PROJEK/juaravibecoding/app_build/backend/app/Http/Controllers/AuthController.php(75): Illuminate/Database/Eloquent/Relations/Relation->__call('delete', Array)
#11 C:/Users/Dicky/Documents/PROJEK/juaravibecoding/app_build/backend/vendor/laravel/framework/src/Illuminate/Routing/ControllerDispatcher.php(47): App/Http/Controllers/AuthController->login(Object(Illuminate/Http/Request))
#12 C:/Users/Dicky/Documents/PROJEK/juaravibecoding/app_build/backend/vendor/laravel/framework/src/Illuminate/Routing/Route.php(266): Illuminate/Routing/ControllerDispatcher->dispatch(Object(Illuminate/Routing/Route), Object(App/Http/Controllers/AuthController), 'login')
#13 C:/Users/Dicky/Documents/PROJEK/juaravibecoding/app_build/backend/vendor/laravel/framework/src/Illuminate/Routing/Route.php(212): Illuminate/Routing/Route->runController()
#14 C:/Users/Dicky/Documents/PROJEK/juaravibecoding/app_build/backend/vendor/laravel/framework/src/Illuminate/Routing/Router.php(808): Illuminate/Routing/Route->run()
#15 C:/Users/Dicky/Documents/PROJEK/juaravibecoding/app_build/backend/vendor/laravel/framework/src/Illuminate/Pipeline/Pipeline.php(170): Illuminate/Routing/Router->{closure:Illuminate/Routing/Router::runRouteWithinStack():807}(Object(Illuminate/Http/Request))
#16 C:/Users/Dicky/Documents/PROJEK/juaravibecoding/app_build/backend/vendor/laravel/framework/src/Illuminate/Routing/Middleware/SubstituteBindings.php(51): Illuminate/Pipeline/Pipeline->{closure:Illuminate/Pipeline/Pipeline::prepareDestination():168}(Object(Illuminate/Http/Request))
#17 C:/Users/Dicky/Documents/PROJEK/juaravibecoding/app_build/backend/vendor/laravel/framework/src/Illuminate/Pipeline/Pipeline.php(209): Illuminate/Routing/Middleware/SubstituteBindings->handle(Object(Illuminate/Http/Request), Object(Closure))
#18 C:/Users/Dicky/Documents/PROJEK/juaravibecoding/app_build/backend/vendor/laravel/sanctum/src/Http/Middleware/EnsureFrontendRequestsAreStateful.php(26): Illuminate/Pipeline/Pipeline->{closure:{closure:Illuminate/Pipeline/Pipeline::carry():184}:185}(Object(Illuminate/Http/Request))
#19 C:/Users/Dicky/Documents/PROJEK/juaravibecoding/app_build/backend/vendor/laravel/framework/src/Illuminate/Pipeline/Pipeline.php(170): Laravel/Sanctum/Http/Middleware/EnsureFrontendRequestsAreStateful->{closure:Laravel/Sanctum/Http/Middleware/EnsureFrontendRequestsAreStateful::handle():25}(Object(Illuminate/Http/Request))
#20 C:/Users/Dicky/Documents/PROJEK/juaravibecoding/app_build/backend/vendor/laravel/framework/src/Illuminate/Pipeline/Pipeline.php(127): Illuminate/Pipeline/Pipeline->{closure:Illuminate/Pipeline/Pipeline::prepareDestination():168}(Object(Illuminate/Http/Request))
#21 C:/Users/Dicky/Documents/PROJEK/juaravibecoding/app_build/backend/vendor/laravel/sanctum/src/Http/Middleware/EnsureFrontendRequestsAreStateful.php(25): Illuminate/Pipeline/Pipeline->then(Object(Closure))
#22 C:/Users/Dicky/Documents/PROJEK/juaravibecoding/app_build/backend/vendor/laravel/framework/src/Illuminate/Pipeline/Pipeline.php(209): Laravel/Sanctum/Http/Middleware/EnsureFrontendRequestsAreStateful->handle(Object(Illuminate/Http/Request), Object(Closure))
#23 C:/Users/Dicky/Documents/PROJEK/juaravibecoding/app_build/backend/vendor/laravel/framework/src/Illuminate/Pipeline/Pipeline.php(127): Illuminate/Pipeline/Pipeline->{closure:{closure:Illuminate/Pipeline/Pipeline::carry():184}:185}(Object(Illuminate/Http/Request))
#24 C:/Users/Dicky/Documents/PROJEK/juaravibecoding/app_build/backend/vendor/laravel/framework/src/Illuminate/Routing/Router.php(807): Illuminate/Pipeline/Pipeline->then(Object(Closure))
#25 C:/Users/Dicky/Documents/PROJEK/juaravibecoding/app_build/backend/vendor/laravel/framework/src/Illuminate/Routing/Router.php(786): Illuminate/Routing/Router->runRouteWithinStack(Object(Illuminate/Routing/Route), Object(Illuminate/Http/Request))
#26 C:/Users/Dicky/Documents/PROJEK/juaravibecoding/app_build/backend/vendor/laravel/framework/src/Illuminate/Routing/Router.php(750): Illuminate/Routing/Router->runRoute(Object(Illuminate/Http/Request), Object(Illuminate/Routing/Route))
#27 C:/Users/Dicky/Documents/PROJEK/juaravibecoding/app_build/backend/vendor/laravel/framework/src/Illuminate/Routing/Router.php(739): Illuminate/Routing/Router->dispatchToRoute(Object(Illuminate/Http/Request))
#28 C:/Users/Dicky/Documents/PROJEK/juaravibecoding/app_build/backend/vendor/laravel/framework/src/Illuminate/Foundation/Http/Kernel.php(201): Illuminate/Routing/Router->dispatch(Object(Illuminate/Http/Request))
#29 C:/Users/Dicky/Documents/PROJEK/juaravibecoding/app_build/backend/vendor/laravel/framework/src/Illuminate/Pipeline/Pipeline.php(170): Illuminate/Foundation/Http/Kernel->{closure:Illuminate/Foundation/Http/Kernel::dispatchToRouter():198}(Object(Illuminate/Http/Request))
#30 C:/Users/Dicky/Documents/PROJEK/juaravibecoding/app_build/backend/vendor/laravel/framework/src/Illuminate/Foundation/Http/Middleware/TransformsRequest.php(21): Illuminate/Pipeline/Pipeline->{closure:Illuminate/Pipeline/Pipeline::prepareDestination():168}(Object(Illuminate/Http/Request))
#31 C:/Users/Dicky/Documents/PROJEK/juaravibecoding/app_build/backend/vendor/laravel/framework/src/Illuminate/Foundation/Http/Middleware/ConvertEmptyStringsToNull.php(31): Illuminate/Foundation/Http/Middleware/TransformsRequest->handle(Object(Illuminate/Http/Request), Object(Closure))
#32 C:/Users/Dicky/Documents/PROJEK/juaravibecoding/app_build/backend/vendor/laravel/framework/src/Illuminate/Pipeline/Pipeline.php(209): Illuminate/Foundation/Http/Middleware/ConvertEmptyStringsToNull->handle(Object(Illuminate/Http/Request), Object(Closure))
#33 C:/Users/Dicky/Documents/PROJEK/juaravibecoding/app_build/backend/vendor/laravel/framework/src/Illuminate/Foundation/Http/Middleware/TransformsRequest.php(21): Illuminate/Pipeline/Pipeline->{closure:{closure:Illuminate/Pipeline/Pipeline::carry():184}:185}(Object(Illuminate/Http/Request))
#34 C:/Users/Dicky/Documents/PROJEK/juaravibecoding/app_build/backend/vendor/laravel/framework/src/Illuminate/Foundation/Http/Middleware/TrimStrings.php(51): Illuminate/Foundation/Http/Middleware/TransformsRequest->handle(Object(Illuminate/Http/Request), Object(Closure))
#35 C:/Users/Dicky/Documents/PROJEK/juaravibecoding/app_build/backend/vendor/laravel/framework/src/Illuminate/Pipeline/Pipeline.php(209): Illuminate/Foundation/Http/Middleware/TrimStrings->handle(Object(Illuminate/Http/Request), Object(Closure))
#36 C:/Users/Dicky/Documents/PROJEK/juaravibecoding/app_build/backend/vendor/laravel/framework/src/Illuminate/Http/Middleware/ValidatePostSize.php(27): Illuminate/Pipeline/Pipeline->{closure:{closure:Illuminate/Pipeline/Pipeline::carry():184}:185}(Object(Illuminate/Http/Request))
#37 C:/Users/Dicky/Documents/PROJEK/juaravibecoding/app_build/backend/vendor/laravel/framework/src/Illuminate/Pipeline/Pipeline.php(209): Illuminate/Http/Middleware/ValidatePostSize->handle(Object(Illuminate/Http/Request), Object(Closure))
#38 C:/Users/Dicky/Documents/PROJEK/juaravibecoding/app_build/backend/vendor/laravel/framework/src/Illuminate/Foundation/Http/Middleware/PreventRequestsDuringMaintenance.php(110): Illuminate/Pipeline/Pipeline->{closure:{closure:Illuminate/Pipeline/Pipeline::carry():184}:185}(Object(Illuminate/Http/Request))
#39 C:/Users/Dicky/Documents/PROJEK/juaravibecoding/app_build/backend/vendor/laravel/framework/src/Illuminate/Pipeline/Pipeline.php(209): Illuminate/Foundation/Http/Middleware/PreventRequestsDuringMaintenance->handle(Object(Illuminate/Http/Request), Object(Closure))
#40 C:/Users/Dicky/Documents/PROJEK/juaravibecoding/app_build/backend/vendor/laravel/framework/src/Illuminate/Http/Middleware/HandleCors.php(62): Illuminate/Pipeline/Pipeline->{closure:{closure:Illuminate/Pipeline/Pipeline::carry():184}:185}(Object(Illuminate/Http/Request))
#41 C:/Users/Dicky/Documents/PROJEK/juaravibecoding/app_build/backend/vendor/laravel/framework/src/Illuminate/Pipeline/Pipeline.php(209): Illuminate/Http/Middleware/HandleCors->handle(Object(Illuminate/Http/Request), Object(Closure))
#42 C:/Users/Dicky/Documents/PROJEK/juaravibecoding/app_build/backend/vendor/laravel/framework/src/Illuminate/Http/Middleware/TrustProxies.php(58): Illuminate/Pipeline/Pipeline->{closure:{closure:Illuminate/Pipeline/Pipeline::carry():184}:185}(Object(Illuminate/Http/Request))
#43 C:/Users/Dicky/Documents/PROJEK/juaravibecoding/app_build/backend/vendor/laravel/framework/src/Illuminate/Pipeline/Pipeline.php(209): Illuminate/Http/Middleware/TrustProxies->handle(Object(Illuminate/Http/Request), Object(Closure))
#44 C:/Users/Dicky/Documents/PROJEK/juaravibecoding/app_build/backend/vendor/laravel/framework/src/Illuminate/Foundation/Http/Middleware/InvokeDeferredCallbacks.php(22): Illuminate/Pipeline/Pipeline->{closure:{closure:Illuminate/Pipeline/Pipeline::carry():184}:185}(Object(Illuminate/Http/Request))
#45 C:/Users/Dicky/Documents/PROJEK/juaravibecoding/app_build/backend/vendor/laravel/framework/src/Illuminate/Pipeline/Pipeline.php(209): Illuminate/Foundation/Http/Middleware/InvokeDeferredCallbacks->handle(Object(Illuminate/Http/Request), Object(Closure))
#46 C:/Users/Dicky/Documents/PROJEK/juaravibecoding/app_build/backend/vendor/laravel/framework/src/Illuminate/Pipeline/Pipeline.php(127): Illuminate/Pipeline/Pipeline->{closure:{closure:Illuminate/Pipeline/Pipeline::carry():184}:185}(Object(Illuminate/Http/Request))
#47 C:/Users/Dicky/Documents/PROJEK/juaravibecoding/app_build/backend/vendor/laravel/framework/src/Illuminate/Foundation/Http/Kernel.php(176): Illuminate/Pipeline/Pipeline->then(Object(Closure))
#48 C:/Users/Dicky/Documents/PROJEK/juaravibecoding/app_build/backend/vendor/laravel/framework/src/Illuminate/Foundation/Http/Kernel.php(145): Illuminate/Foundation/Http/Kernel->sendRequestThroughRouter(Object(Illuminate/Http/Request))
#49 C:/Users/Dicky/Documents/PROJEK/juaravibecoding/app_build/backend/vendor/laravel/framework/src/Illuminate/Foundation/Application.php(1220): Illuminate/Foundation/Http/Kernel->handle(Object(Illuminate/Http/Request))
#50 C:/Users/Dicky/Documents/PROJEK/juaravibecoding/app_build/backend/public/index.php(17): Illuminate/Foundation/Application->handleRequest(Object(Illuminate/Http/Request))
#51 {main}
"} 
[2026-05-28 10:59:05] local.ERROR: SQLSTATE[HY000]: General error: 1 no such function: FIELD (Connection: sqlite, SQL: select * from "food_items" where "user_id" = 1 order by FIELD(urgency_status, 'red', 'yellow', 'green')) {"userId":1,"exception":"[object] (Illuminate\\Database\\QueryException(code: HY000): SQLSTATE[HY000]: General error: 1 no such function: FIELD (Connection: sqlite, SQL: select * from \"food_items\" where \"user_id\" = 1 order by FIELD(urgency_status, 'red', 'yellow', 'green')) at C:/Users/Dicky/Documents/PROJEK/juaravibecoding/app_build/backend/vendor/laravel/framework/src/Illuminate/Database/Connection.php:825)
[stacktrace]
#0 C:/Users/Dicky/Documents/PROJEK/juaravibecoding/app_build/backend/vendor/laravel/framework/src/Illuminate/Database/Connection.php(779): Illuminate/Database/Connection->runQueryCallback('select * from \"...', Array, Object(Closure))
#1 C:/Users/Dicky/Documents/PROJEK/juaravibecoding/app_build/backend/vendor/laravel/framework/src/Illuminate/Database/Connection.php(398): Illuminate/Database/Connection->run('select * from \"...', Array, Object(Closure))
#2 C:/Users/Dicky/Documents/PROJEK/juaravibecoding/app_build/backend/vendor/laravel/framework/src/Illuminate/Database/Query/Builder.php(3106): Illuminate/Database/Connection->select('select * from \"...', Array, true)
#3 C:/Users/Dicky/Documents/PROJEK/juaravibecoding/app_build/backend/vendor/laravel/framework/src/Illuminate/Database/Query/Builder.php(3091): Illuminate/Database/Query/Builder->runSelect()
#4 C:/Users/Dicky/Documents/PROJEK/juaravibecoding/app_build/backend/vendor/laravel/framework/src/Illuminate/Database/Query/Builder.php(3676): Illuminate/Database/Query/Builder->{closure:Illuminate/Database/Query/Builder::get():3090}()
#5 C:/Users/Dicky/Documents/PROJEK/juaravibecoding/app_build/backend/vendor/laravel/framework/src/Illuminate/Database/Query/Builder.php(3090): Illuminate/Database/Query/Builder->onceWithColumns(Array, Object(Closure))
#6 C:/Users/Dicky/Documents/PROJEK/juaravibecoding/app_build/backend/vendor/laravel/framework/src/Illuminate/Database/Eloquent/Builder.php(811): Illuminate/Database/Query/Builder->get(Array)
#7 C:/Users/Dicky/Documents/PROJEK/juaravibecoding/app_build/backend/vendor/laravel/framework/src/Illuminate/Database/Eloquent/Builder.php(793): Illuminate/Database/Eloquent/Builder->getModels(Array)
#8 C:/Users/Dicky/Documents/PROJEK/juaravibecoding/app_build/backend/app/Http/Controllers/InventoryController.php(20): Illuminate/Database/Eloquent/Builder->get()
#9 C:/Users/Dicky/Documents/PROJEK/juaravibecoding/app_build/backend/vendor/laravel/framework/src/Illuminate/Routing/ControllerDispatcher.php(47): App/Http/Controllers/InventoryController->index(Object(Illuminate/Http/Request))
#10 C:/Users/Dicky/Documents/PROJEK/juaravibecoding/app_build/backend/vendor/laravel/framework/src/Illuminate/Routing/Route.php(266): Illuminate/Routing/ControllerDispatcher->dispatch(Object(Illuminate/Routing/Route), Object(App/Http/Controllers/InventoryController), 'index')
#11 C:/Users/Dicky/Documents/PROJEK/juaravibecoding/app_build/backend/vendor/laravel/framework/src/Illuminate/Routing/Route.php(212): Illuminate/Routing/Route->runController()
#12 C:/Users/Dicky/Documents/PROJEK/juaravibecoding/app_build/backend/vendor/laravel/framework/src/Illuminate/Routing/Router.php(808): Illuminate/Routing/Route->run()
#13 C:/Users/Dicky/Documents/PROJEK/juaravibecoding/app_build/backend/vendor/laravel/framework/src/Illuminate/Pipeline/Pipeline.php(170): Illuminate/Routing/Router->{closure:Illuminate/Routing/Router::runRouteWithinStack():807}(Object(Illuminate/Http/Request))
#14 C:/Users/Dicky/Documents/PROJEK/juaravibecoding/app_build/backend/vendor/laravel/framework/src/Illuminate/Routing/Middleware/SubstituteBindings.php(51): Illuminate/Pipeline/Pipeline->{closure:Illuminate/Pipeline/Pipeline::prepareDestination():168}(Object(Illuminate/Http/Request))
#15 C:/Users/Dicky/Documents/PROJEK/juaravibecoding/app_build/backend/vendor/laravel/framework/src/Illuminate/Pipeline/Pipeline.php(209): Illuminate/Routing/Middleware/SubstituteBindings->handle(Object(Illuminate/Http/Request), Object(Closure))
#16 C:/Users/Dicky/Documents/PROJEK/juaravibecoding/app_build/backend/vendor/laravel/framework/src/Illuminate/Auth/Middleware/Authenticate.php(64): Illuminate/Pipeline/Pipeline->{closure:{closure:Illuminate/Pipeline/Pipeline::carry():184}:185}(Object(Illuminate/Http/Request))
#17 C:/Users/Dicky/Documents/PROJEK/juaravibecoding/app_build/backend/vendor/laravel/framework/src/Illuminate/Pipeline/Pipeline.php(209): Illuminate/Auth/Middleware/Authenticate->handle(Object(Illuminate/Http/Request), Object(Closure), 'sanctum')
#18 C:/Users/Dicky/Documents/PROJEK/juaravibecoding/app_build/backend/vendor/laravel/sanctum/src/Http/Middleware/EnsureFrontendRequestsAreStateful.php(26): Illuminate/Pipeline/Pipeline->{closure:{closure:Illuminate/Pipeline/Pipeline::carry():184}:185}(Object(Illuminate/Http/Request))
#19 C:/Users/Dicky/Documents/PROJEK/juaravibecoding/app_build/backend/vendor/laravel/framework/src/Illuminate/Pipeline/Pipeline.php(170): Laravel/Sanctum/Http/Middleware/EnsureFrontendRequestsAreStateful->{closure:Laravel/Sanctum/Http/Middleware/EnsureFrontendRequestsAreStateful::handle():25}(Object(Illuminate/Http/Request))
#20 C:/Users/Dicky/Documents/PROJEK/juaravibecoding/app_build/backend/vendor/laravel/framework/src/Illuminate/Pipeline/Pipeline.php(127): Illuminate/Pipeline/Pipeline->{closure:Illuminate/Pipeline/Pipeline::prepareDestination():168}(Object(Illuminate/Http/Request))
#21 C:/Users/Dicky/Documents/PROJEK/juaravibecoding/app_build/backend/vendor/laravel/sanctum/src/Http/Middleware/EnsureFrontendRequestsAreStateful.php(25): Illuminate/Pipeline/Pipeline->then(Object(Closure))
#22 C:/Users/Dicky/Documents/PROJEK/juaravibecoding/app_build/backend/vendor/laravel/framework/src/Illuminate/Pipeline/Pipeline.php(209): Laravel/Sanctum/Http/Middleware/EnsureFrontendRequestsAreStateful->handle(Object(Illuminate/Http/Request), Object(Closure))
#23 C:/Users/Dicky/Documents/PROJEK/juaravibecoding/app_build/backend/vendor/laravel/framework/src/Illuminate/Pipeline/Pipeline.php(127): Illuminate/Pipeline/Pipeline->{closure:{closure:Illuminate/Pipeline/Pipeline::carry():184}:185}(Object(Illuminate/Http/Request))
#24 C:/Users/Dicky/Documents/PROJEK/juaravibecoding/app_build/backend/vendor/laravel/framework/src/Illuminate/Routing/Router.php(807): Illuminate/Pipeline/Pipeline->then(Object(Closure))
#25 C:/Users/Dicky/Documents/PROJEK/juaravibecoding/app_build/backend/vendor/laravel/framework/src/Illuminate/Routing/Router.php(786): Illuminate/Routing/Router->runRouteWithinStack(Object(Illuminate/Routing/Route), Object(Illuminate/Http/Request))
#26 C:/Users/Dicky/Documents/PROJEK/juaravibecoding/app_build/backend/vendor/laravel/framework/src/Illuminate/Routing/Router.php(750): Illuminate/Routing/Router->runRoute(Object(Illuminate/Http/Request), Object(Illuminate/Routing/Route))
#27 C:/Users/Dicky/Documents/PROJEK/juaravibecoding/app_build/backend/vendor/laravel/framework/src/Illuminate/Routing/Router.php(739): Illuminate/Routing/Router->dispatchToRoute(Object(Illuminate/Http/Request))
#28 C:/Users/Dicky/Documents/PROJEK/juaravibecoding/app_build/backend/vendor/laravel/framework/src/Illuminate/Foundation/Http/Kernel.php(201): Illuminate/Routing/Router->dispatch(Object(Illuminate/Http/Request))
#29 C:/Users/Dicky/Documents/PROJEK/juaravibecoding/app_build/backend/vendor/laravel/framework/src/Illuminate/Pipeline/Pipeline.php(170): Illuminate/Foundation/Http/Kernel->{closure:Illuminate/Foundation/Http/Kernel::dispatchToRouter():198}(Object(Illuminate/Http/Request))
#30 C:/Users/Dicky/Documents/PROJEK/juaravibecoding/app_build/backend/vendor/laravel/framework/src/Illuminate/Foundation/Http/Middleware/TransformsRequest.php(21): Illuminate/Pipeline/Pipeline->{closure:Illuminate/Pipeline/Pipeline::prepareDestination():168}(Object(Illuminate/Http/Request))
#31 C:/Users/Dicky/Documents/PROJEK/juaravibecoding/app_build/backend/vendor/laravel/framework/src/Illuminate/Foundation/Http/Middleware/ConvertEmptyStringsToNull.php(31): Illuminate/Foundation/Http/Middleware/TransformsRequest->handle(Object(Illuminate/Http/Request), Object(Closure))
#32 C:/Users/Dicky/Documents/PROJEK/juaravibecoding/app_build/backend/vendor/laravel/framework/src/Illuminate/Pipeline/Pipeline.php(209): Illuminate/Foundation/Http/Middleware/ConvertEmptyStringsToNull->handle(Object(Illuminate/Http/Request), Object(Closure))
#33 C:/Users/Dicky/Documents/PROJEK/juaravibecoding/app_build/backend/vendor/laravel/framework/src/Illuminate/Foundation/Http/Middleware/TransformsRequest.php(21): Illuminate/Pipeline/Pipeline->{closure:{closure:Illuminate/Pipeline/Pipeline::carry():184}:185}(Object(Illuminate/Http/Request))
#34 C:/Users/Dicky/Documents/PROJEK/juaravibecoding/app_build/backend/vendor/laravel/framework/src/Illuminate/Foundation/Http/Middleware/TrimStrings.php(51): Illuminate/Foundation/Http/Middleware/TransformsRequest->handle(Object(Illuminate/Http/Request), Object(Closure))
#35 C:/Users/Dicky/Documents/PROJEK/juaravibecoding/app_build/backend/vendor/laravel/framework/src/Illuminate/Pipeline/Pipeline.php(209): Illuminate/Foundation/Http/Middleware/TrimStrings->handle(Object(Illuminate/Http/Request), Object(Closure))
#36 C:/Users/Dicky/Documents/PROJEK/juaravibecoding/app_build/backend/vendor/laravel/framework/src/Illuminate/Http/Middleware/ValidatePostSize.php(27): Illuminate/Pipeline/Pipeline->{closure:{closure:Illuminate/Pipeline/Pipeline::carry():184}:185}(Object(Illuminate/Http/Request))
#37 C:/Users/Dicky/Documents/PROJEK/juaravibecoding/app_build/backend/vendor/laravel/framework/src/Illuminate/Pipeline/Pipeline.php(209): Illuminate/Http/Middleware/ValidatePostSize->handle(Object(Illuminate/Http/Request), Object(Closure))
#38 C:/Users/Dicky/Documents/PROJEK/juaravibecoding/app_build/backend/vendor/laravel/framework/src/Illuminate/Foundation/Http/Middleware/PreventRequestsDuringMaintenance.php(110): Illuminate/Pipeline/Pipeline->{closure:{closure:Illuminate/Pipeline/Pipeline::carry():184}:185}(Object(Illuminate/Http/Request))
#39 C:/Users/Dicky/Documents/PROJEK/juaravibecoding/app_build/backend/vendor/laravel/framework/src/Illuminate/Pipeline/Pipeline.php(209): Illuminate/Foundation/Http/Middleware/PreventRequestsDuringMaintenance->handle(Object(Illuminate/Http/Request), Object(Closure))
#40 C:/Users/Dicky/Documents/PROJEK/juaravibecoding/app_build/backend/vendor/laravel/framework/src/Illuminate/Http/Middleware/HandleCors.php(62): Illuminate/Pipeline/Pipeline->{closure:{closure:Illuminate/Pipeline/Pipeline::carry():184}:185}(Object(Illuminate/Http/Request))
#41 C:/Users/Dicky/Documents/PROJEK/juaravibecoding/app_build/backend/vendor/laravel/framework/src/Illuminate/Pipeline/Pipeline.php(209): Illuminate/Http/Middleware/HandleCors->handle(Object(Illuminate/Http/Request), Object(Closure))
#42 C:/Users/Dicky/Documents/PROJEK/juaravibecoding/app_build/backend/vendor/laravel/framework/src/Illuminate/Http/Middleware/TrustProxies.php(58): Illuminate/Pipeline/Pipeline->{closure:{closure:Illuminate/Pipeline/Pipeline::carry():184}:185}(Object(Illuminate/Http/Request))
#43 C:/Users/Dicky/Documents/PROJEK/juaravibecoding/app_build/backend/vendor/laravel/framework/src/Illuminate/Pipeline/Pipeline.php(209): Illuminate/Http/Middleware/TrustProxies->handle(Object(Illuminate/Http/Request), Object(Closure))
#44 C:/Users/Dicky/Documents/PROJEK/juaravibecoding/app_build/backend/vendor/laravel/framework/src/Illuminate/Foundation/Http/Middleware/InvokeDeferredCallbacks.php(22): Illuminate/Pipeline/Pipeline->{closure:{closure:Illuminate/Pipeline/Pipeline::carry():184}:185}(Object(Illuminate/Http/Request))
#45 C:/Users/Dicky/Documents/PROJEK/juaravibecoding/app_build/backend/vendor/laravel/framework/src/Illuminate/Pipeline/Pipeline.php(209): Illuminate/Foundation/Http/Middleware/InvokeDeferredCallbacks->handle(Object(Illuminate/Http/Request), Object(Closure))
#46 C:/Users/Dicky/Documents/PROJEK/juaravibecoding/app_build/backend/vendor/laravel/framework/src/Illuminate/Pipeline/Pipeline.php(127): Illuminate/Pipeline/Pipeline->{closure:{closure:Illuminate/Pipeline/Pipeline::carry():184}:185}(Object(Illuminate/Http/Request))
#47 C:/Users/Dicky/Documents/PROJEK/juaravibecoding/app_build/backend/vendor/laravel/framework/src/Illuminate/Foundation/Http/Kernel.php(176): Illuminate/Pipeline/Pipeline->then(Object(Closure))
#48 C:/Users/Dicky/Documents/PROJEK/juaravibecoding/app_build/backend/vendor/laravel/framework/src/Illuminate/Foundation/Http/Kernel.php(145): Illuminate/Foundation/Http/Kernel->sendRequestThroughRouter(Object(Illuminate/Http/Request))
#49 C:/Users/Dicky/Documents/PROJEK/juaravibecoding/app_build/backend/vendor/laravel/framework/src/Illuminate/Foundation/Application.php(1220): Illuminate/Foundation/Http/Kernel->handle(Object(Illuminate/Http/Request))
#50 C:/Users/Dicky/Documents/PROJEK/juaravibecoding/app_build/backend/public/index.php(17): Illuminate/Foundation/Application->handleRequest(Object(Illuminate/Http/Request))
#51 {main}

[previous exception] [object] (PDOException(code: HY000): SQLSTATE[HY000]: General error: 1 no such function: FIELD at C:/Users/Dicky/Documents/PROJEK/juaravibecoding/app_build/backend/vendor/laravel/framework/src/Illuminate/Database/Connection.php:407)
[stacktrace]
#0 C:/Users/Dicky/Documents/PROJEK/juaravibecoding/app_build/backend/vendor/laravel/framework/src/Illuminate/Database/Connection.php(407): PDO->prepare('select * from \"...')
#1 C:/Users/Dicky/Documents/PROJEK/juaravibecoding/app_build/backend/vendor/laravel/framework/src/Illuminate/Database/Connection.php(812): Illuminate/Database/Connection->{closure:Illuminate/Database/Connection::select():398}('select * from \"...', Array)
#2 C:/Users/Dicky/Documents/PROJEK/juaravibecoding/app_build/backend/vendor/laravel/framework/src/Illuminate/Database/Connection.php(779): Illuminate/Database/Connection->runQueryCallback('select * from \"...', Array, Object(Closure))
#3 C:/Users/Dicky/Documents/PROJEK/juaravibecoding/app_build/backend/vendor/laravel/framework/src/Illuminate/Database/Connection.php(398): Illuminate/Database/Connection->run('select * from \"...', Array, Object(Closure))
#4 C:/Users/Dicky/Documents/PROJEK/juaravibecoding/app_build/backend/vendor/laravel/framework/src/Illuminate/Database/Query/Builder.php(3106): Illuminate/Database/Connection->select('select * from \"...', Array, true)
#5 C:/Users/Dicky/Documents/PROJEK/juaravibecoding/app_build/backend/vendor/laravel/framework/src/Illuminate/Database/Query/Builder.php(3091): Illuminate/Database/Query/Builder->runSelect()
#6 C:/Users/Dicky/Documents/PROJEK/juaravibecoding/app_build/backend/vendor/laravel/framework/src/Illuminate/Database/Query/Builder.php(3676): Illuminate/Database/Query/Builder->{closure:Illuminate/Database/Query/Builder::get():3090}()
#7 C:/Users/Dicky/Documents/PROJEK/juaravibecoding/app_build/backend/vendor/laravel/framework/src/Illuminate/Database/Query/Builder.php(3090): Illuminate/Database/Query/Builder->onceWithColumns(Array, Object(Closure))
#8 C:/Users/Dicky/Documents/PROJEK/juaravibecoding/app_build/backend/vendor/laravel/framework/src/Illuminate/Database/Eloquent/Builder.php(811): Illuminate/Database/Query/Builder->get(Array)
#9 C:/Users/Dicky/Documents/PROJEK/juaravibecoding/app_build/backend/vendor/laravel/framework/src/Illuminate/Database/Eloquent/Builder.php(793): Illuminate/Database/Eloquent/Builder->getModels(Array)
#10 C:/Users/Dicky/Documents/PROJEK/juaravibecoding/app_build/backend/app/Http/Controllers/InventoryController.php(20): Illuminate/Database/Eloquent/Builder->get()
#11 C:/Users/Dicky/Documents/PROJEK/juaravibecoding/app_build/backend/vendor/laravel/framework/src/Illuminate/Routing/ControllerDispatcher.php(47): App/Http/Controllers/InventoryController->index(Object(Illuminate/Http/Request))
#12 C:/Users/Dicky/Documents/PROJEK/juaravibecoding/app_build/backend/vendor/laravel/framework/src/Illuminate/Routing/Route.php(266): Illuminate/Routing/ControllerDispatcher->dispatch(Object(Illuminate/Routing/Route), Object(App/Http/Controllers/InventoryController), 'index')
#13 C:/Users/Dicky/Documents/PROJEK/juaravibecoding/app_build/backend/vendor/laravel/framework/src/Illuminate/Routing/Route.php(212): Illuminate/Routing/Route->runController()
#14 C:/Users/Dicky/Documents/PROJEK/juaravibecoding/app_build/backend/vendor/laravel/framework/src/Illuminate/Routing/Router.php(808): Illuminate/Routing/Route->run()
#15 C:/Users/Dicky/Documents/PROJEK/juaravibecoding/app_build/backend/vendor/laravel/framework/src/Illuminate/Pipeline/Pipeline.php(170): Illuminate/Routing/Router->{closure:Illuminate/Routing/Router::runRouteWithinStack():807}(Object(Illuminate/Http/Request))
#16 C:/Users/Dicky/Documents/PROJEK/juaravibecoding/app_build/backend/vendor/laravel/framework/src/Illuminate/Routing/Middleware/SubstituteBindings.php(51): Illuminate/Pipeline/Pipeline->{closure:Illuminate/Pipeline/Pipeline::prepareDestination():168}(Object(Illuminate/Http/Request))
#17 C:/Users/Dicky/Documents/PROJEK/juaravibecoding/app_build/backend/vendor/laravel/framework/src/Illuminate/Pipeline/Pipeline.php(209): Illuminate/Routing/Middleware/SubstituteBindings->handle(Object(Illuminate/Http/Request), Object(Closure))
#18 C:/Users/Dicky/Documents/PROJEK/juaravibecoding/app_build/backend/vendor/laravel/framework/src/Illuminate/Auth/Middleware/Authenticate.php(64): Illuminate/Pipeline/Pipeline->{closure:{closure:Illuminate/Pipeline/Pipeline::carry():184}:185}(Object(Illuminate/Http/Request))
#19 C:/Users/Dicky/Documents/PROJEK/juaravibecoding/app_build/backend/vendor/laravel/framework/src/Illuminate/Pipeline/Pipeline.php(209): Illuminate/Auth/Middleware/Authenticate->handle(Object(Illuminate/Http/Request), Object(Closure), 'sanctum')
#20 C:/Users/Dicky/Documents/PROJEK/juaravibecoding/app_build/backend/vendor/laravel/sanctum/src/Http/Middleware/EnsureFrontendRequestsAreStateful.php(26): Illuminate/Pipeline/Pipeline->{closure:{closure:Illuminate/Pipeline/Pipeline::carry():184}:185}(Object(Illuminate/Http/Request))
#21 C:/Users/Dicky/Documents/PROJEK/juaravibecoding/app_build/backend/vendor/laravel/framework/src/Illuminate/Pipeline/Pipeline.php(170): Laravel/Sanctum/Http/Middleware/EnsureFrontendRequestsAreStateful->{closure:Laravel/Sanctum/Http/Middleware/EnsureFrontendRequestsAreStateful::handle():25}(Object(Illuminate/Http/Request))
#22 C:/Users/Dicky/Documents/PROJEK/juaravibecoding/app_build/backend/vendor/laravel/framework/src/Illuminate/Pipeline/Pipeline.php(127): Illuminate/Pipeline/Pipeline->{closure:Illuminate/Pipeline/Pipeline::prepareDestination():168}(Object(Illuminate/Http/Request))
#23 C:/Users/Dicky/Documents/PROJEK/juaravibecoding/app_build/backend/vendor/laravel/sanctum/src/Http/Middleware/EnsureFrontendRequestsAreStateful.php(25): Illuminate/Pipeline/Pipeline->then(Object(Closure))
#24 C:/Users/Dicky/Documents/PROJEK/juaravibecoding/app_build/backend/vendor/laravel/framework/src/Illuminate/Pipeline/Pipeline.php(209): Laravel/Sanctum/Http/Middleware/EnsureFrontendRequestsAreStateful->handle(Object(Illuminate/Http/Request), Object(Closure))
#25 C:/Users/Dicky/Documents/PROJEK/juaravibecoding/app_build/backend/vendor/laravel/framework/src/Illuminate/Pipeline/Pipeline.php(127): Illuminate/Pipeline/Pipeline->{closure:{closure:Illuminate/Pipeline/Pipeline::carry():184}:185}(Object(Illuminate/Http/Request))
#26 C:/Users/Dicky/Documents/PROJEK/juaravibecoding/app_build/backend/vendor/laravel/framework/src/Illuminate/Routing/Router.php(807): Illuminate/Pipeline/Pipeline->then(Object(Closure))
#27 C:/Users/Dicky/Documents/PROJEK/juaravibecoding/app_build/backend/vendor/laravel/framework/src/Illuminate/Routing/Router.php(786): Illuminate/Routing/Router->runRouteWithinStack(Object(Illuminate/Routing/Route), Object(Illuminate/Http/Request))
#28 C:/Users/Dicky/Documents/PROJEK/juaravibecoding/app_build/backend/vendor/laravel/framework/src/Illuminate/Routing/Router.php(750): Illuminate/Routing/Router->runRoute(Object(Illuminate/Http/Request), Object(Illuminate/Routing/Route))
#29 C:/Users/Dicky/Documents/PROJEK/juaravibecoding/app_build/backend/vendor/laravel/framework/src/Illuminate/Routing/Router.php(739): Illuminate/Routing/Router->dispatchToRoute(Object(Illuminate/Http/Request))
#30 C:/Users/Dicky/Documents/PROJEK/juaravibecoding/app_build/backend/vendor/laravel/framework/src/Illuminate/Foundation/Http/Kernel.php(201): Illuminate/Routing/Router->dispatch(Object(Illuminate/Http/Request))
#31 C:/Users/Dicky/Documents/PROJEK/juaravibecoding/app_build/backend/vendor/laravel/framework/src/Illuminate/Pipeline/Pipeline.php(170): Illuminate/Foundation/Http/Kernel->{closure:Illuminate/Foundation/Http/Kernel::dispatchToRouter():198}(Object(Illuminate/Http/Request))
#32 C:/Users/Dicky/Documents/PROJEK/juaravibecoding/app_build/backend/vendor/laravel/framework/src/Illuminate/Foundation/Http/Middleware/TransformsRequest.php(21): Illuminate/Pipeline/Pipeline->{closure:Illuminate/Pipeline/Pipeline::prepareDestination():168}(Object(Illuminate/Http/Request))
#33 C:/Users/Dicky/Documents/PROJEK/juaravibecoding/app_build/backend/vendor/laravel/framework/src/Illuminate/Foundation/Http/Middleware/ConvertEmptyStringsToNull.php(31): Illuminate/Foundation/Http/Middleware/TransformsRequest->handle(Object(Illuminate/Http/Request), Object(Closure))
#34 C:/Users/Dicky/Documents/PROJEK/juaravibecoding/app_build/backend/vendor/laravel/framework/src/Illuminate/Pipeline/Pipeline.php(209): Illuminate/Foundation/Http/Middleware/ConvertEmptyStringsToNull->handle(Object(Illuminate/Http/Request), Object(Closure))
#35 C:/Users/Dicky/Documents/PROJEK/juaravibecoding/app_build/backend/vendor/laravel/framework/src/Illuminate/Foundation/Http/Middleware/TransformsRequest.php(21): Illuminate/Pipeline/Pipeline->{closure:{closure:Illuminate/Pipeline/Pipeline::carry():184}:185}(Object(Illuminate/Http/Request))
#36 C:/Users/Dicky/Documents/PROJEK/juaravibecoding/app_build/backend/vendor/laravel/framework/src/Illuminate/Foundation/Http/Middleware/TrimStrings.php(51): Illuminate/Foundation/Http/Middleware/TransformsRequest->handle(Object(Illuminate/Http/Request), Object(Closure))
#37 C:/Users/Dicky/Documents/PROJEK/juaravibecoding/app_build/backend/vendor/laravel/framework/src/Illuminate/Pipeline/Pipeline.php(209): Illuminate/Foundation/Http/Middleware/TrimStrings->handle(Object(Illuminate/Http/Request), Object(Closure))
#38 C:/Users/Dicky/Documents/PROJEK/juaravibecoding/app_build/backend/vendor/laravel/framework/src/Illuminate/Http/Middleware/ValidatePostSize.php(27): Illuminate/Pipeline/Pipeline->{closure:{closure:Illuminate/Pipeline/Pipeline::carry():184}:185}(Object(Illuminate/Http/Request))
#39 C:/Users/Dicky/Documents/PROJEK/juaravibecoding/app_build/backend/vendor/laravel/framework/src/Illuminate/Pipeline/Pipeline.php(209): Illuminate/Http/Middleware/ValidatePostSize->handle(Object(Illuminate/Http/Request), Object(Closure))
#40 C:/Users/Dicky/Documents/PROJEK/juaravibecoding/app_build/backend/vendor/laravel/framework/src/Illuminate/Foundation/Http/Middleware/PreventRequestsDuringMaintenance.php(110): Illuminate/Pipeline/Pipeline->{closure:{closure:Illuminate/Pipeline/Pipeline::carry():184}:185}(Object(Illuminate/Http/Request))
#41 C:/Users/Dicky/Documents/PROJEK/juaravibecoding/app_build/backend/vendor/laravel/framework/src/Illuminate/Pipeline/Pipeline.php(209): Illuminate/Foundation/Http/Middleware/PreventRequestsDuringMaintenance->handle(Object(Illuminate/Http/Request), Object(Closure))
#42 C:/Users/Dicky/Documents/PROJEK/juaravibecoding/app_build/backend/vendor/laravel/framework/src/Illuminate/Http/Middleware/HandleCors.php(62): Illuminate/Pipeline/Pipeline->{closure:{closure:Illuminate/Pipeline/Pipeline::carry():184}:185}(Object(Illuminate/Http/Request))
#43 C:/Users/Dicky/Documents/PROJEK/juaravibecoding/app_build/backend/vendor/laravel/framework/src/Illuminate/Pipeline/Pipeline.php(209): Illuminate/Http/Middleware/HandleCors->handle(Object(Illuminate/Http/Request), Object(Closure))
#44 C:/Users/Dicky/Documents/PROJEK/juaravibecoding/app_build/backend/vendor/laravel/framework/src/Illuminate/Http/Middleware/TrustProxies.php(58): Illuminate/Pipeline/Pipeline->{closure:{closure:Illuminate/Pipeline/Pipeline::carry():184}:185}(Object(Illuminate/Http/Request))
#45 C:/Users/Dicky/Documents/PROJEK/juaravibecoding/app_build/backend/vendor/laravel/framework/src/Illuminate/Pipeline/Pipeline.php(209): Illuminate/Http/Middleware/TrustProxies->handle(Object(Illuminate/Http/Request), Object(Closure))
#46 C:/Users/Dicky/Documents/PROJEK/juaravibecoding/app_build/backend/vendor/laravel/framework/src/Illuminate/Foundation/Http/Middleware/InvokeDeferredCallbacks.php(22): Illuminate/Pipeline/Pipeline->{closure:{closure:Illuminate/Pipeline/Pipeline::carry():184}:185}(Object(Illuminate/Http/Request))
#47 C:/Users/Dicky/Documents/PROJEK/juaravibecoding/app_build/backend/vendor/laravel/framework/src/Illuminate/Pipeline/Pipeline.php(209): Illuminate/Foundation/Http/Middleware/InvokeDeferredCallbacks->handle(Object(Illuminate/Http/Request), Object(Closure))
#48 C:/Users/Dicky/Documents/PROJEK/juaravibecoding/app_build/backend/vendor/laravel/framework/src/Illuminate/Pipeline/Pipeline.php(127): Illuminate/Pipeline/Pipeline->{closure:{closure:Illuminate/Pipeline/Pipeline::carry():184}:185}(Object(Illuminate/Http/Request))
#49 C:/Users/Dicky/Documents/PROJEK/juaravibecoding/app_build/backend/vendor/laravel/framework/src/Illuminate/Foundation/Http/Kernel.php(176): Illuminate/Pipeline/Pipeline->then(Object(Closure))
#50 C:/Users/Dicky/Documents/PROJEK/juaravibecoding/app_build/backend/vendor/laravel/framework/src/Illuminate/Foundation/Http/Kernel.php(145): Illuminate/Foundation/Http/Kernel->sendRequestThroughRouter(Object(Illuminate/Http/Request))
#51 C:/Users/Dicky/Documents/PROJEK/juaravibecoding/app_build/backend/vendor/laravel/framework/src/Illuminate/Foundation/Application.php(1220): Illuminate/Foundation/Http/Kernel->handle(Object(Illuminate/Http/Request))
#52 C:/Users/Dicky/Documents/PROJEK/juaravibecoding/app_build/backend/public/index.php(17): Illuminate/Foundation/Application->handleRequest(Object(Illuminate/Http/Request))
#53 {main}
"} 
[2026-05-28 10:59:12] local.ERROR: SQLSTATE[HY000]: General error: 1 no such function: FIELD (Connection: sqlite, SQL: select "id", "product_name", "quantity", "unit", "urgency_status", "expiration_date" from "food_items" where "user_id" = 1 order by FIELD(urgency_status, 'red', 'yellow', 'green')) {"userId":1,"exception":"[object] (Illuminate\\Database\\QueryException(code: HY000): SQLSTATE[HY000]: General error: 1 no such function: FIELD (Connection: sqlite, SQL: select \"id\", \"product_name\", \"quantity\", \"unit\", \"urgency_status\", \"expiration_date\" from \"food_items\" where \"user_id\" = 1 order by FIELD(urgency_status, 'red', 'yellow', 'green')) at C:/Users/Dicky/Documents/PROJEK/juaravibecoding/app_build/backend/vendor/laravel/framework/src/Illuminate/Database/Connection.php:825)
[stacktrace]
#0 C:/Users/Dicky/Documents/PROJEK/juaravibecoding/app_build/backend/vendor/laravel/framework/src/Illuminate/Database/Connection.php(779): Illuminate/Database/Connection->runQueryCallback('select \"id\", \"p...', Array, Object(Closure))
#1 C:/Users/Dicky/Documents/PROJEK/juaravibecoding/app_build/backend/vendor/laravel/framework/src/Illuminate/Database/Connection.php(398): Illuminate/Database/Connection->run('select \"id\", \"p...', Array, Object(Closure))
#2 C:/Users/Dicky/Documents/PROJEK/juaravibecoding/app_build/backend/vendor/laravel/framework/src/Illuminate/Database/Query/Builder.php(3106): Illuminate/Database/Connection->select('select \"id\", \"p...', Array, true)
#3 C:/Users/Dicky/Documents/PROJEK/juaravibecoding/app_build/backend/vendor/laravel/framework/src/Illuminate/Database/Query/Builder.php(3091): Illuminate/Database/Query/Builder->runSelect()
#4 C:/Users/Dicky/Documents/PROJEK/juaravibecoding/app_build/backend/vendor/laravel/framework/src/Illuminate/Database/Query/Builder.php(3676): Illuminate/Database/Query/Builder->{closure:Illuminate/Database/Query/Builder::get():3090}()
#5 C:/Users/Dicky/Documents/PROJEK/juaravibecoding/app_build/backend/vendor/laravel/framework/src/Illuminate/Database/Query/Builder.php(3090): Illuminate/Database/Query/Builder->onceWithColumns(Array, Object(Closure))
#6 C:/Users/Dicky/Documents/PROJEK/juaravibecoding/app_build/backend/vendor/laravel/framework/src/Illuminate/Database/Eloquent/Builder.php(811): Illuminate/Database/Query/Builder->get(Array)
#7 C:/Users/Dicky/Documents/PROJEK/juaravibecoding/app_build/backend/vendor/laravel/framework/src/Illuminate/Database/Eloquent/Builder.php(793): Illuminate/Database/Eloquent/Builder->getModels(Array)
#8 C:/Users/Dicky/Documents/PROJEK/juaravibecoding/app_build/backend/app/Http/Controllers/InventoryController.php(37): Illuminate/Database/Eloquent/Builder->get()
#9 C:/Users/Dicky/Documents/PROJEK/juaravibecoding/app_build/backend/vendor/laravel/framework/src/Illuminate/Routing/ControllerDispatcher.php(47): App/Http/Controllers/InventoryController->fridgeCheck(Object(Illuminate/Http/Request))
#10 C:/Users/Dicky/Documents/PROJEK/juaravibecoding/app_build/backend/vendor/laravel/framework/src/Illuminate/Routing/Route.php(266): Illuminate/Routing/ControllerDispatcher->dispatch(Object(Illuminate/Routing/Route), Object(App/Http/Controllers/InventoryController), 'fridgeCheck')
#11 C:/Users/Dicky/Documents/PROJEK/juaravibecoding/app_build/backend/vendor/laravel/framework/src/Illuminate/Routing/Route.php(212): Illuminate/Routing/Route->runController()
#12 C:/Users/Dicky/Documents/PROJEK/juaravibecoding/app_build/backend/vendor/laravel/framework/src/Illuminate/Routing/Router.php(808): Illuminate/Routing/Route->run()
#13 C:/Users/Dicky/Documents/PROJEK/juaravibecoding/app_build/backend/vendor/laravel/framework/src/Illuminate/Pipeline/Pipeline.php(170): Illuminate/Routing/Router->{closure:Illuminate/Routing/Router::runRouteWithinStack():807}(Object(Illuminate/Http/Request))
#14 C:/Users/Dicky/Documents/PROJEK/juaravibecoding/app_build/backend/vendor/laravel/framework/src/Illuminate/Routing/Middleware/SubstituteBindings.php(51): Illuminate/Pipeline/Pipeline->{closure:Illuminate/Pipeline/Pipeline::prepareDestination():168}(Object(Illuminate/Http/Request))
#15 C:/Users/Dicky/Documents/PROJEK/juaravibecoding/app_build/backend/vendor/laravel/framework/src/Illuminate/Pipeline/Pipeline.php(209): Illuminate/Routing/Middleware/SubstituteBindings->handle(Object(Illuminate/Http/Request), Object(Closure))
#16 C:/Users/Dicky/Documents/PROJEK/juaravibecoding/app_build/backend/vendor/laravel/framework/src/Illuminate/Auth/Middleware/Authenticate.php(64): Illuminate/Pipeline/Pipeline->{closure:{closure:Illuminate/Pipeline/Pipeline::carry():184}:185}(Object(Illuminate/Http/Request))
#17 C:/Users/Dicky/Documents/PROJEK/juaravibecoding/app_build/backend/vendor/laravel/framework/src/Illuminate/Pipeline/Pipeline.php(209): Illuminate/Auth/Middleware/Authenticate->handle(Object(Illuminate/Http/Request), Object(Closure), 'sanctum')
#18 C:/Users/Dicky/Documents/PROJEK/juaravibecoding/app_build/backend/vendor/laravel/sanctum/src/Http/Middleware/EnsureFrontendRequestsAreStateful.php(26): Illuminate/Pipeline/Pipeline->{closure:{closure:Illuminate/Pipeline/Pipeline::carry():184}:185}(Object(Illuminate/Http/Request))
#19 C:/Users/Dicky/Documents/PROJEK/juaravibecoding/app_build/backend/vendor/laravel/framework/src/Illuminate/Pipeline/Pipeline.php(170): Laravel/Sanctum/Http/Middleware/EnsureFrontendRequestsAreStateful->{closure:Laravel/Sanctum/Http/Middleware/EnsureFrontendRequestsAreStateful::handle():25}(Object(Illuminate/Http/Request))
#20 C:/Users/Dicky/Documents/PROJEK/juaravibecoding/app_build/backend/vendor/laravel/framework/src/Illuminate/Pipeline/Pipeline.php(127): Illuminate/Pipeline/Pipeline->{closure:Illuminate/Pipeline/Pipeline::prepareDestination():168}(Object(Illuminate/Http/Request))
#21 C:/Users/Dicky/Documents/PROJEK/juaravibecoding/app_build/backend/vendor/laravel/sanctum/src/Http/Middleware/EnsureFrontendRequestsAreStateful.php(25): Illuminate/Pipeline/Pipeline->then(Object(Closure))
#22 C:/Users/Dicky/Documents/PROJEK/juaravibecoding/app_build/backend/vendor/laravel/framework/src/Illuminate/Pipeline/Pipeline.php(209): Laravel/Sanctum/Http/Middleware/EnsureFrontendRequestsAreStateful->handle(Object(Illuminate/Http/Request), Object(Closure))
#23 C:/Users/Dicky/Documents/PROJEK/juaravibecoding/app_build/backend/vendor/laravel/framework/src/Illuminate/Pipeline/Pipeline.php(127): Illuminate/Pipeline/Pipeline->{closure:{closure:Illuminate/Pipeline/Pipeline::carry():184}:185}(Object(Illuminate/Http/Request))
#24 C:/Users/Dicky/Documents/PROJEK/juaravibecoding/app_build/backend/vendor/laravel/framework/src/Illuminate/Routing/Router.php(807): Illuminate/Pipeline/Pipeline->then(Object(Closure))
#25 C:/Users/Dicky/Documents/PROJEK/juaravibecoding/app_build/backend/vendor/laravel/framework/src/Illuminate/Routing/Router.php(786): Illuminate/Routing/Router->runRouteWithinStack(Object(Illuminate/Routing/Route), Object(Illuminate/Http/Request))
#26 C:/Users/Dicky/Documents/PROJEK/juaravibecoding/app_build/backend/vendor/laravel/framework/src/Illuminate/Routing/Router.php(750): Illuminate/Routing/Router->runRoute(Object(Illuminate/Http/Request), Object(Illuminate/Routing/Route))
#27 C:/Users/Dicky/Documents/PROJEK/juaravibecoding/app_build/backend/vendor/laravel/framework/src/Illuminate/Routing/Router.php(739): Illuminate/Routing/Router->dispatchToRoute(Object(Illuminate/Http/Request))
#28 C:/Users/Dicky/Documents/PROJEK/juaravibecoding/app_build/backend/vendor/laravel/framework/src/Illuminate/Foundation/Http/Kernel.php(201): Illuminate/Routing/Router->dispatch(Object(Illuminate/Http/Request))
#29 C:/Users/Dicky/Documents/PROJEK/juaravibecoding/app_build/backend/vendor/laravel/framework/src/Illuminate/Pipeline/Pipeline.php(170): Illuminate/Foundation/Http/Kernel->{closure:Illuminate/Foundation/Http/Kernel::dispatchToRouter():198}(Object(Illuminate/Http/Request))
#30 C:/Users/Dicky/Documents/PROJEK/juaravibecoding/app_build/backend/vendor/laravel/framework/src/Illuminate/Foundation/Http/Middleware/TransformsRequest.php(21): Illuminate/Pipeline/Pipeline->{closure:Illuminate/Pipeline/Pipeline::prepareDestination():168}(Object(Illuminate/Http/Request))
#31 C:/Users/Dicky/Documents/PROJEK/juaravibecoding/app_build/backend/vendor/laravel/framework/src/Illuminate/Foundation/Http/Middleware/ConvertEmptyStringsToNull.php(31): Illuminate/Foundation/Http/Middleware/TransformsRequest->handle(Object(Illuminate/Http/Request), Object(Closure))
#32 C:/Users/Dicky/Documents/PROJEK/juaravibecoding/app_build/backend/vendor/laravel/framework/src/Illuminate/Pipeline/Pipeline.php(209): Illuminate/Foundation/Http/Middleware/ConvertEmptyStringsToNull->handle(Object(Illuminate/Http/Request), Object(Closure))
#33 C:/Users/Dicky/Documents/PROJEK/juaravibecoding/app_build/backend/vendor/laravel/framework/src/Illuminate/Foundation/Http/Middleware/TransformsRequest.php(21): Illuminate/Pipeline/Pipeline->{closure:{closure:Illuminate/Pipeline/Pipeline::carry():184}:185}(Object(Illuminate/Http/Request))
#34 C:/Users/Dicky/Documents/PROJEK/juaravibecoding/app_build/backend/vendor/laravel/framework/src/Illuminate/Foundation/Http/Middleware/TrimStrings.php(51): Illuminate/Foundation/Http/Middleware/TransformsRequest->handle(Object(Illuminate/Http/Request), Object(Closure))
#35 C:/Users/Dicky/Documents/PROJEK/juaravibecoding/app_build/backend/vendor/laravel/framework/src/Illuminate/Pipeline/Pipeline.php(209): Illuminate/Foundation/Http/Middleware/TrimStrings->handle(Object(Illuminate/Http/Request), Object(Closure))
#36 C:/Users/Dicky/Documents/PROJEK/juaravibecoding/app_build/backend/vendor/laravel/framework/src/Illuminate/Http/Middleware/ValidatePostSize.php(27): Illuminate/Pipeline/Pipeline->{closure:{closure:Illuminate/Pipeline/Pipeline::carry():184}:185}(Object(Illuminate/Http/Request))
#37 C:/Users/Dicky/Documents/PROJEK/juaravibecoding/app_build/backend/vendor/laravel/framework/src/Illuminate/Pipeline/Pipeline.php(209): Illuminate/Http/Middleware/ValidatePostSize->handle(Object(Illuminate/Http/Request), Object(Closure))
#38 C:/Users/Dicky/Documents/PROJEK/juaravibecoding/app_build/backend/vendor/laravel/framework/src/Illuminate/Foundation/Http/Middleware/PreventRequestsDuringMaintenance.php(110): Illuminate/Pipeline/Pipeline->{closure:{closure:Illuminate/Pipeline/Pipeline::carry():184}:185}(Object(Illuminate/Http/Request))
#39 C:/Users/Dicky/Documents/PROJEK/juaravibecoding/app_build/backend/vendor/laravel/framework/src/Illuminate/Pipeline/Pipeline.php(209): Illuminate/Foundation/Http/Middleware/PreventRequestsDuringMaintenance->handle(Object(Illuminate/Http/Request), Object(Closure))
#40 C:/Users/Dicky/Documents/PROJEK/juaravibecoding/app_build/backend/vendor/laravel/framework/src/Illuminate/Http/Middleware/HandleCors.php(62): Illuminate/Pipeline/Pipeline->{closure:{closure:Illuminate/Pipeline/Pipeline::carry():184}:185}(Object(Illuminate/Http/Request))
#41 C:/Users/Dicky/Documents/PROJEK/juaravibecoding/app_build/backend/vendor/laravel/framework/src/Illuminate/Pipeline/Pipeline.php(209): Illuminate/Http/Middleware/HandleCors->handle(Object(Illuminate/Http/Request), Object(Closure))
#42 C:/Users/Dicky/Documents/PROJEK/juaravibecoding/app_build/backend/vendor/laravel/framework/src/Illuminate/Http/Middleware/TrustProxies.php(58): Illuminate/Pipeline/Pipeline->{closure:{closure:Illuminate/Pipeline/Pipeline::carry():184}:185}(Object(Illuminate/Http/Request))
#43 C:/Users/Dicky/Documents/PROJEK/juaravibecoding/app_build/backend/vendor/laravel/framework/src/Illuminate/Pipeline/Pipeline.php(209): Illuminate/Http/Middleware/TrustProxies->handle(Object(Illuminate/Http/Request), Object(Closure))
#44 C:/Users/Dicky/Documents/PROJEK/juaravibecoding/app_build/backend/vendor/laravel/framework/src/Illuminate/Foundation/Http/Middleware/InvokeDeferredCallbacks.php(22): Illuminate/Pipeline/Pipeline->{closure:{closure:Illuminate/Pipeline/Pipeline::carry():184}:185}(Object(Illuminate/Http/Request))
#45 C:/Users/Dicky/Documents/PROJEK/juaravibecoding/app_build/backend/vendor/laravel/framework/src/Illuminate/Pipeline/Pipeline.php(209): Illuminate/Foundation/Http/Middleware/InvokeDeferredCallbacks->handle(Object(Illuminate/Http/Request), Object(Closure))
#46 C:/Users/Dicky/Documents/PROJEK/juaravibecoding/app_build/backend/vendor/laravel/framework/src/Illuminate/Pipeline/Pipeline.php(127): Illuminate/Pipeline/Pipeline->{closure:{closure:Illuminate/Pipeline/Pipeline::carry():184}:185}(Object(Illuminate/Http/Request))
#47 C:/Users/Dicky/Documents/PROJEK/juaravibecoding/app_build/backend/vendor/laravel/framework/src/Illuminate/Foundation/Http/Kernel.php(176): Illuminate/Pipeline/Pipeline->then(Object(Closure))
#48 C:/Users/Dicky/Documents/PROJEK/juaravibecoding/app_build/backend/vendor/laravel/framework/src/Illuminate/Foundation/Http/Kernel.php(145): Illuminate/Foundation/Http/Kernel->sendRequestThroughRouter(Object(Illuminate/Http/Request))
#49 C:/Users/Dicky/Documents/PROJEK/juaravibecoding/app_build/backend/vendor/laravel/framework/src/Illuminate/Foundation/Application.php(1220): Illuminate/Foundation/Http/Kernel->handle(Object(Illuminate/Http/Request))
#50 C:/Users/Dicky/Documents/PROJEK/juaravibecoding/app_build/backend/public/index.php(17): Illuminate/Foundation/Application->handleRequest(Object(Illuminate/Http/Request))
#51 {main}

[previous exception] [object] (PDOException(code: HY000): SQLSTATE[HY000]: General error: 1 no such function: FIELD at C:/Users/Dicky/Documents/PROJEK/juaravibecoding/app_build/backend/vendor/laravel/framework/src/Illuminate/Database/Connection.php:407)
[stacktrace]
#0 C:/Users/Dicky/Documents/PROJEK/juaravibecoding/app_build/backend/vendor/laravel/framework/src/Illuminate/Database/Connection.php(407): PDO->prepare('select \"id\", \"p...')
#1 C:/Users/Dicky/Documents/PROJEK/juaravibecoding/app_build/backend/vendor/laravel/framework/src/Illuminate/Database/Connection.php(812): Illuminate/Database/Connection->{closure:Illuminate/Database/Connection::select():398}('select \"id\", \"p...', Array)
#2 C:/Users/Dicky/Documents/PROJEK/juaravibecoding/app_build/backend/vendor/laravel/framework/src/Illuminate/Database/Connection.php(779): Illuminate/Database/Connection->runQueryCallback('select \"id\", \"p...', Array, Object(Closure))
#3 C:/Users/Dicky/Documents/PROJEK/juaravibecoding/app_build/backend/vendor/laravel/framework/src/Illuminate/Database/Connection.php(398): Illuminate/Database/Connection->run('select \"id\", \"p...', Array, Object(Closure))
#4 C:/Users/Dicky/Documents/PROJEK/juaravibecoding/app_build/backend/vendor/laravel/framework/src/Illuminate/Database/Query/Builder.php(3106): Illuminate/Database/Connection->select('select \"id\", \"p...', Array, true)
#5 C:/Users/Dicky/Documents/PROJEK/juaravibecoding/app_build/backend/vendor/laravel/framework/src/Illuminate/Database/Query/Builder.php(3091): Illuminate/Database/Query/Builder->runSelect()
#6 C:/Users/Dicky/Documents/PROJEK/juaravibecoding/app_build/backend/vendor/laravel/framework/src/Illuminate/Database/Query/Builder.php(3676): Illuminate/Database/Query/Builder->{closure:Illuminate/Database/Query/Builder::get():3090}()
#7 C:/Users/Dicky/Documents/PROJEK/juaravibecoding/app_build/backend/vendor/laravel/framework/src/Illuminate/Database/Query/Builder.php(3090): Illuminate/Database/Query/Builder->onceWithColumns(Array, Object(Closure))
#8 C:/Users/Dicky/Documents/PROJEK/juaravibecoding/app_build/backend/vendor/laravel/framework/src/Illuminate/Database/Eloquent/Builder.php(811): Illuminate/Database/Query/Builder->get(Array)
#9 C:/Users/Dicky/Documents/PROJEK/juaravibecoding/app_build/backend/vendor/laravel/framework/src/Illuminate/Database/Eloquent/Builder.php(793): Illuminate/Database/Eloquent/Builder->getModels(Array)
#10 C:/Users/Dicky/Documents/PROJEK/juaravibecoding/app_build/backend/app/Http/Controllers/InventoryController.php(37): Illuminate/Database/Eloquent/Builder->get()
#11 C:/Users/Dicky/Documents/PROJEK/juaravibecoding/app_build/backend/vendor/laravel/framework/src/Illuminate/Routing/ControllerDispatcher.php(47): App/Http/Controllers/InventoryController->fridgeCheck(Object(Illuminate/Http/Request))
#12 C:/Users/Dicky/Documents/PROJEK/juaravibecoding/app_build/backend/vendor/laravel/framework/src/Illuminate/Routing/Route.php(266): Illuminate/Routing/ControllerDispatcher->dispatch(Object(Illuminate/Routing/Route), Object(App/Http/Controllers/InventoryController), 'fridgeCheck')
#13 C:/Users/Dicky/Documents/PROJEK/juaravibecoding/app_build/backend/vendor/laravel/framework/src/Illuminate/Routing/Route.php(212): Illuminate/Routing/Route->runController()
#14 C:/Users/Dicky/Documents/PROJEK/juaravibecoding/app_build/backend/vendor/laravel/framework/src/Illuminate/Routing/Router.php(808): Illuminate/Routing/Route->run()
#15 C:/Users/Dicky/Documents/PROJEK/juaravibecoding/app_build/backend/vendor/laravel/framework/src/Illuminate/Pipeline/Pipeline.php(170): Illuminate/Routing/Router->{closure:Illuminate/Routing/Router::runRouteWithinStack():807}(Object(Illuminate/Http/Request))
#16 C:/Users/Dicky/Documents/PROJEK/juaravibecoding/app_build/backend/vendor/laravel/framework/src/Illuminate/Routing/Middleware/SubstituteBindings.php(51): Illuminate/Pipeline/Pipeline->{closure:Illuminate/Pipeline/Pipeline::prepareDestination():168}(Object(Illuminate/Http/Request))
#17 C:/Users/Dicky/Documents/PROJEK/juaravibecoding/app_build/backend/vendor/laravel/framework/src/Illuminate/Pipeline/Pipeline.php(209): Illuminate/Routing/Middleware/SubstituteBindings->handle(Object(Illuminate/Http/Request), Object(Closure))
#18 C:/Users/Dicky/Documents/PROJEK/juaravibecoding/app_build/backend/vendor/laravel/framework/src/Illuminate/Auth/Middleware/Authenticate.php(64): Illuminate/Pipeline/Pipeline->{closure:{closure:Illuminate/Pipeline/Pipeline::carry():184}:185}(Object(Illuminate/Http/Request))
#19 C:/Users/Dicky/Documents/PROJEK/juaravibecoding/app_build/backend/vendor/laravel/framework/src/Illuminate/Pipeline/Pipeline.php(209): Illuminate/Auth/Middleware/Authenticate->handle(Object(Illuminate/Http/Request), Object(Closure), 'sanctum')
#20 C:/Users/Dicky/Documents/PROJEK/juaravibecoding/app_build/backend/vendor/laravel/sanctum/src/Http/Middleware/EnsureFrontendRequestsAreStateful.php(26): Illuminate/Pipeline/Pipeline->{closure:{closure:Illuminate/Pipeline/Pipeline::carry():184}:185}(Object(Illuminate/Http/Request))
#21 C:/Users/Dicky/Documents/PROJEK/juaravibecoding/app_build/backend/vendor/laravel/framework/src/Illuminate/Pipeline/Pipeline.php(170): Laravel/Sanctum/Http/Middleware/EnsureFrontendRequestsAreStateful->{closure:Laravel/Sanctum/Http/Middleware/EnsureFrontendRequestsAreStateful::handle():25}(Object(Illuminate/Http/Request))
#22 C:/Users/Dicky/Documents/PROJEK/juaravibecoding/app_build/backend/vendor/laravel/framework/src/Illuminate/Pipeline/Pipeline.php(127): Illuminate/Pipeline/Pipeline->{closure:Illuminate/Pipeline/Pipeline::prepareDestination():168}(Object(Illuminate/Http/Request))
#23 C:/Users/Dicky/Documents/PROJEK/juaravibecoding/app_build/backend/vendor/laravel/sanctum/src/Http/Middleware/EnsureFrontendRequestsAreStateful.php(25): Illuminate/Pipeline/Pipeline->then(Object(Closure))
#24 C:/Users/Dicky/Documents/PROJEK/juaravibecoding/app_build/backend/vendor/laravel/framework/src/Illuminate/Pipeline/Pipeline.php(209): Laravel/Sanctum/Http/Middleware/EnsureFrontendRequestsAreStateful->handle(Object(Illuminate/Http/Request), Object(Closure))
#25 C:/Users/Dicky/Documents/PROJEK/juaravibecoding/app_build/backend/vendor/laravel/framework/src/Illuminate/Pipeline/Pipeline.php(127): Illuminate/Pipeline/Pipeline->{closure:{closure:Illuminate/Pipeline/Pipeline::carry():184}:185}(Object(Illuminate/Http/Request))
#26 C:/Users/Dicky/Documents/PROJEK/juaravibecoding/app_build/backend/vendor/laravel/framework/src/Illuminate/Routing/Router.php(807): Illuminate/Pipeline/Pipeline->then(Object(Closure))
#27 C:/Users/Dicky/Documents/PROJEK/juaravibecoding/app_build/backend/vendor/laravel/framework/src/Illuminate/Routing/Router.php(786): Illuminate/Routing/Router->runRouteWithinStack(Object(Illuminate/Routing/Route), Object(Illuminate/Http/Request))
#28 C:/Users/Dicky/Documents/PROJEK/juaravibecoding/app_build/backend/vendor/laravel/framework/src/Illuminate/Routing/Router.php(750): Illuminate/Routing/Router->runRoute(Object(Illuminate/Http/Request), Object(Illuminate/Routing/Route))
#29 C:/Users/Dicky/Documents/PROJEK/juaravibecoding/app_build/backend/vendor/laravel/framework/src/Illuminate/Routing/Router.php(739): Illuminate/Routing/Router->dispatchToRoute(Object(Illuminate/Http/Request))
#30 C:/Users/Dicky/Documents/PROJEK/juaravibecoding/app_build/backend/vendor/laravel/framework/src/Illuminate/Foundation/Http/Kernel.php(201): Illuminate/Routing/Router->dispatch(Object(Illuminate/Http/Request))
#31 C:/Users/Dicky/Documents/PROJEK/juaravibecoding/app_build/backend/vendor/laravel/framework/src/Illuminate/Pipeline/Pipeline.php(170): Illuminate/Foundation/Http/Kernel->{closure:Illuminate/Foundation/Http/Kernel::dispatchToRouter():198}(Object(Illuminate/Http/Request))
#32 C:/Users/Dicky/Documents/PROJEK/juaravibecoding/app_build/backend/vendor/laravel/framework/src/Illuminate/Foundation/Http/Middleware/TransformsRequest.php(21): Illuminate/Pipeline/Pipeline->{closure:Illuminate/Pipeline/Pipeline::prepareDestination():168}(Object(Illuminate/Http/Request))
#33 C:/Users/Dicky/Documents/PROJEK/juaravibecoding/app_build/backend/vendor/laravel/framework/src/Illuminate/Foundation/Http/Middleware/ConvertEmptyStringsToNull.php(31): Illuminate/Foundation/Http/Middleware/TransformsRequest->handle(Object(Illuminate/Http/Request), Object(Closure))
#34 C:/Users/Dicky/Documents/PROJEK/juaravibecoding/app_build/backend/vendor/laravel/framework/src/Illuminate/Pipeline/Pipeline.php(209): Illuminate/Foundation/Http/Middleware/ConvertEmptyStringsToNull->handle(Object(Illuminate/Http/Request), Object(Closure))
#35 C:/Users/Dicky/Documents/PROJEK/juaravibecoding/app_build/backend/vendor/laravel/framework/src/Illuminate/Foundation/Http/Middleware/TransformsRequest.php(21): Illuminate/Pipeline/Pipeline->{closure:{closure:Illuminate/Pipeline/Pipeline::carry():184}:185}(Object(Illuminate/Http/Request))
#36 C:/Users/Dicky/Documents/PROJEK/juaravibecoding/app_build/backend/vendor/laravel/framework/src/Illuminate/Foundation/Http/Middleware/TrimStrings.php(51): Illuminate/Foundation/Http/Middleware/TransformsRequest->handle(Object(Illuminate/Http/Request), Object(Closure))
#37 C:/Users/Dicky/Documents/PROJEK/juaravibecoding/app_build/backend/vendor/laravel/framework/src/Illuminate/Pipeline/Pipeline.php(209): Illuminate/Foundation/Http/Middleware/TrimStrings->handle(Object(Illuminate/Http/Request), Object(Closure))
#38 C:/Users/Dicky/Documents/PROJEK/juaravibecoding/app_build/backend/vendor/laravel/framework/src/Illuminate/Http/Middleware/ValidatePostSize.php(27): Illuminate/Pipeline/Pipeline->{closure:{closure:Illuminate/Pipeline/Pipeline::carry():184}:185}(Object(Illuminate/Http/Request))
#39 C:/Users/Dicky/Documents/PROJEK/juaravibecoding/app_build/backend/vendor/laravel/framework/src/Illuminate/Pipeline/Pipeline.php(209): Illuminate/Http/Middleware/ValidatePostSize->handle(Object(Illuminate/Http/Request), Object(Closure))
#40 C:/Users/Dicky/Documents/PROJEK/juaravibecoding/app_build/backend/vendor/laravel/framework/src/Illuminate/Foundation/Http/Middleware/PreventRequestsDuringMaintenance.php(110): Illuminate/Pipeline/Pipeline->{closure:{closure:Illuminate/Pipeline/Pipeline::carry():184}:185}(Object(Illuminate/Http/Request))
#41 C:/Users/Dicky/Documents/PROJEK/juaravibecoding/app_build/backend/vendor/laravel/framework/src/Illuminate/Pipeline/Pipeline.php(209): Illuminate/Foundation/Http/Middleware/PreventRequestsDuringMaintenance->handle(Object(Illuminate/Http/Request), Object(Closure))
#42 C:/Users/Dicky/Documents/PROJEK/juaravibecoding/app_build/backend/vendor/laravel/framework/src/Illuminate/Http/Middleware/HandleCors.php(62): Illuminate/Pipeline/Pipeline->{closure:{closure:Illuminate/Pipeline/Pipeline::carry():184}:185}(Object(Illuminate/Http/Request))
#43 C:/Users/Dicky/Documents/PROJEK/juaravibecoding/app_build/backend/vendor/laravel/framework/src/Illuminate/Pipeline/Pipeline.php(209): Illuminate/Http/Middleware/HandleCors->handle(Object(Illuminate/Http/Request), Object(Closure))
#44 C:/Users/Dicky/Documents/PROJEK/juaravibecoding/app_build/backend/vendor/laravel/framework/src/Illuminate/Http/Middleware/TrustProxies.php(58): Illuminate/Pipeline/Pipeline->{closure:{closure:Illuminate/Pipeline/Pipeline::carry():184}:185}(Object(Illuminate/Http/Request))
#45 C:/Users/Dicky/Documents/PROJEK/juaravibecoding/app_build/backend/vendor/laravel/framework/src/Illuminate/Pipeline/Pipeline.php(209): Illuminate/Http/Middleware/TrustProxies->handle(Object(Illuminate/Http/Request), Object(Closure))
#46 C:/Users/Dicky/Documents/PROJEK/juaravibecoding/app_build/backend/vendor/laravel/framework/src/Illuminate/Foundation/Http/Middleware/InvokeDeferredCallbacks.php(22): Illuminate/Pipeline/Pipeline->{closure:{closure:Illuminate/Pipeline/Pipeline::carry():184}:185}(Object(Illuminate/Http/Request))
#47 C:/Users/Dicky/Documents/PROJEK/juaravibecoding/app_build/backend/vendor/laravel/framework/src/Illuminate/Pipeline/Pipeline.php(209): Illuminate/Foundation/Http/Middleware/InvokeDeferredCallbacks->handle(Object(Illuminate/Http/Request), Object(Closure))
#48 C:/Users/Dicky/Documents/PROJEK/juaravibecoding/app_build/backend/vendor/laravel/framework/src/Illuminate/Pipeline/Pipeline.php(127): Illuminate/Pipeline/Pipeline->{closure:{closure:Illuminate/Pipeline/Pipeline::carry():184}:185}(Object(Illuminate/Http/Request))
#49 C:/Users/Dicky/Documents/PROJEK/juaravibecoding/app_build/backend/vendor/laravel/framework/src/Illuminate/Foundation/Http/Kernel.php(176): Illuminate/Pipeline/Pipeline->then(Object(Closure))
#50 C:/Users/Dicky/Documents/PROJEK/juaravibecoding/app_build/backend/vendor/laravel/framework/src/Illuminate/Foundation/Http/Kernel.php(145): Illuminate/Foundation/Http/Kernel->sendRequestThroughRouter(Object(Illuminate/Http/Request))
#51 C:/Users/Dicky/Documents/PROJEK/juaravibecoding/app_build/backend/vendor/laravel/framework/src/Illuminate/Foundation/Application.php(1220): Illuminate/Foundation/Http/Kernel->handle(Object(Illuminate/Http/Request))
#52 C:/Users/Dicky/Documents/PROJEK/juaravibecoding/app_build/backend/public/index.php(17): Illuminate/Foundation/Application->handleRequest(Object(Illuminate/Http/Request))
#53 {main}
"} 
[2026-05-28 11:02:51] local.ERROR: SQLSTATE[HY000]: General error: 1 no such table: jobs (Connection: sqlite, SQL: insert into "jobs" ("queue", "attempts", "reserved_at", "available_at", "created_at", "payload") values (default, 0, ?, 1779966171, 1779966171, {"uuid":"090ce7ea-2080-4fc2-9d34-90d1c39c095f","displayName":"App\\Jobs\\ProcessReceiptOCR","job":"Illuminate\\Queue\\CallQueuedHandler@call","maxTries":3,"maxExceptions":null,"failOnTimeout":false,"backoff":null,"timeout":60,"retryUntil":null,"data":{"commandName":"App\\Jobs\\ProcessReceiptOCR","command":"O:26:\"App\\Jobs\\ProcessReceiptOCR\":2:{s:34:\"\u0000App\\Jobs\\ProcessReceiptOCR\u0000userId\";i:1;s:37:\"\u0000App\\Jobs\\ProcessReceiptOCR\u0000imagePath\";s:53:\"receipts\/ym6KAIM5rSldQCRnHR3sr76Jh32BUyQpzbv5Wtg8.jpg\";}"}})) {"userId":1,"exception":"[object] (Illuminate\\Database\\QueryException(code: HY000): SQLSTATE[HY000]: General error: 1 no such table: jobs (Connection: sqlite, SQL: insert into \"jobs\" (\"queue\", \"attempts\", \"reserved_at\", \"available_at\", \"created_at\", \"payload\") values (default, 0, ?, 1779966171, 1779966171, {\"uuid\":\"090ce7ea-2080-4fc2-9d34-90d1c39c095f\",\"displayName\":\"App\\\\Jobs\\\\ProcessReceiptOCR\",\"job\":\"Illuminate\\\\Queue\\\\CallQueuedHandler@call\",\"maxTries\":3,\"maxExceptions\":null,\"failOnTimeout\":false,\"backoff\":null,\"timeout\":60,\"retryUntil\":null,\"data\":{\"commandName\":\"App\\\\Jobs\\\\ProcessReceiptOCR\",\"command\":\"O:26:\\\"App\\\\Jobs\\\\ProcessReceiptOCR\\\":2:{s:34:\\\"\\u0000App\\\\Jobs\\\\ProcessReceiptOCR\\u0000userId\\\";i:1;s:37:\\\"\\u0000App\\\\Jobs\\\\ProcessReceiptOCR\\u0000imagePath\\\";s:53:\\\"receipts\\/ym6KAIM5rSldQCRnHR3sr76Jh32BUyQpzbv5Wtg8.jpg\\\";}\"}})) at C:/Users/Dicky/Documents/PROJEK/juaravibecoding/app_build/backend/vendor/laravel/framework/src/Illuminate/Database/Connection.php:825)
[stacktrace]
#0 C:/Users/Dicky/Documents/PROJEK/juaravibecoding/app_build/backend/vendor/laravel/framework/src/Illuminate/Database/Connection.php(779): Illuminate/Database/Connection->runQueryCallback('insert into \"jo...', Array, Object(Closure))
#1 C:/Users/Dicky/Documents/PROJEK/juaravibecoding/app_build/backend/vendor/laravel/framework/src/Illuminate/Database/Connection.php(560): Illuminate/Database/Connection->run('insert into \"jo...', Array, Object(Closure))
#2 C:/Users/Dicky/Documents/PROJEK/juaravibecoding/app_build/backend/vendor/laravel/framework/src/Illuminate/Database/Connection.php(524): Illuminate/Database/Connection->statement('insert into \"jo...', Array)
#3 C:/Users/Dicky/Documents/PROJEK/juaravibecoding/app_build/backend/vendor/laravel/framework/src/Illuminate/Database/Query/Processors/Processor.php(32): Illuminate/Database/Connection->insert('insert into \"jo...', Array)
#4 C:/Users/Dicky/Documents/PROJEK/juaravibecoding/app_build/backend/vendor/laravel/framework/src/Illuminate/Database/Query/Builder.php(3766): Illuminate/Database/Query/Processors/Processor->processInsertGetId(Object(Illuminate/Database/Query/Builder), 'insert into \"jo...', Array, NULL)
#5 C:/Users/Dicky/Documents/PROJEK/juaravibecoding/app_build/backend/vendor/laravel/framework/src/Illuminate/Queue/DatabaseQueue.php(188): Illuminate/Database/Query/Builder->insertGetId(Array)
#6 C:/Users/Dicky/Documents/PROJEK/juaravibecoding/app_build/backend/vendor/laravel/framework/src/Illuminate/Queue/DatabaseQueue.php(99): Illuminate/Queue/DatabaseQueue->pushToDatabase(NULL, '{\"uuid\":\"090ce7...')
#7 C:/Users/Dicky/Documents/PROJEK/juaravibecoding/app_build/backend/vendor/laravel/framework/src/Illuminate/Queue/Queue.php(338): Illuminate/Queue/DatabaseQueue->{closure:Illuminate/Queue/DatabaseQueue::push():98}('{\"uuid\":\"090ce7...', NULL, NULL)
#8 C:/Users/Dicky/Documents/PROJEK/juaravibecoding/app_build/backend/vendor/laravel/framework/src/Illuminate/Queue/DatabaseQueue.php(93): Illuminate/Queue/Queue->enqueueUsing(Object(App/Jobs/ProcessReceiptOCR), '{\"uuid\":\"090ce7...', NULL, NULL, Object(Closure))
#9 C:/Users/Dicky/Documents/PROJEK/juaravibecoding/app_build/backend/vendor/laravel/framework/src/Illuminate/Bus/Dispatcher.php(244): Illuminate/Queue/DatabaseQueue->push(Object(App/Jobs/ProcessReceiptOCR), '', NULL)
#10 C:/Users/Dicky/Documents/PROJEK/juaravibecoding/app_build/backend/vendor/laravel/framework/src/Illuminate/Bus/Dispatcher.php(228): Illuminate/Bus/Dispatcher->pushCommandToQueue(Object(Illuminate/Queue/DatabaseQueue), Object(App/Jobs/ProcessReceiptOCR))
#11 C:/Users/Dicky/Documents/PROJEK/juaravibecoding/app_build/backend/vendor/laravel/framework/src/Illuminate/Bus/Dispatcher.php(77): Illuminate/Bus/Dispatcher->dispatchToQueue(Object(App/Jobs/ProcessReceiptOCR))
#12 C:/Users/Dicky/Documents/PROJEK/juaravibecoding/app_build/backend/vendor/laravel/framework/src/Illuminate/Foundation/Bus/PendingDispatch.php(222): Illuminate/Bus/Dispatcher->dispatch(Object(App/Jobs/ProcessReceiptOCR))
#13 C:/Users/Dicky/Documents/PROJEK/juaravibecoding/app_build/backend/vendor/laravel/framework/src/Illuminate/Foundation/Bus/Dispatchable.php(19): Illuminate/Foundation/Bus/PendingDispatch->__destruct()
#14 C:/Users/Dicky/Documents/PROJEK/juaravibecoding/app_build/backend/app/Http/Controllers/InventoryController.php(60): App/Jobs/ProcessReceiptOCR::dispatch(1, 'receipts/ym6KAI...')
#15 C:/Users/Dicky/Documents/PROJEK/juaravibecoding/app_build/backend/vendor/laravel/framework/src/Illuminate/Routing/ControllerDispatcher.php(47): App/Http/Controllers/InventoryController->scan(Object(Illuminate/Http/Request))
#16 C:/Users/Dicky/Documents/PROJEK/juaravibecoding/app_build/backend/vendor/laravel/framework/src/Illuminate/Routing/Route.php(266): Illuminate/Routing/ControllerDispatcher->dispatch(Object(Illuminate/Routing/Route), Object(App/Http/Controllers/InventoryController), 'scan')
#17 C:/Users/Dicky/Documents/PROJEK/juaravibecoding/app_build/backend/vendor/laravel/framework/src/Illuminate/Routing/Route.php(212): Illuminate/Routing/Route->runController()
#18 C:/Users/Dicky/Documents/PROJEK/juaravibecoding/app_build/backend/vendor/laravel/framework/src/Illuminate/Routing/Router.php(808): Illuminate/Routing/Route->run()
#19 C:/Users/Dicky/Documents/PROJEK/juaravibecoding/app_build/backend/vendor/laravel/framework/src/Illuminate/Pipeline/Pipeline.php(170): Illuminate/Routing/Router->{closure:Illuminate/Routing/Router::runRouteWithinStack():807}(Object(Illuminate/Http/Request))
#20 C:/Users/Dicky/Documents/PROJEK/juaravibecoding/app_build/backend/app/Http/Middleware/PrivacyFilterMiddleware.php(44): Illuminate/Pipeline/Pipeline->{closure:Illuminate/Pipeline/Pipeline::prepareDestination():168}(Object(Illuminate/Http/Request))
#21 C:/Users/Dicky/Documents/PROJEK/juaravibecoding/app_build/backend/vendor/laravel/framework/src/Illuminate/Pipeline/Pipeline.php(209): App/Http/Middleware/PrivacyFilterMiddleware->handle(Object(Illuminate/Http/Request), Object(Closure))
#22 C:/Users/Dicky/Documents/PROJEK/juaravibecoding/app_build/backend/vendor/laravel/framework/src/Illuminate/Routing/Middleware/SubstituteBindings.php(51): Illuminate/Pipeline/Pipeline->{closure:{closure:Illuminate/Pipeline/Pipeline::carry():184}:185}(Object(Illuminate/Http/Request))
#23 C:/Users/Dicky/Documents/PROJEK/juaravibecoding/app_build/backend/vendor/laravel/framework/src/Illuminate/Pipeline/Pipeline.php(209): Illuminate/Routing/Middleware/SubstituteBindings->handle(Object(Illuminate/Http/Request), Object(Closure))
#24 C:/Users/Dicky/Documents/PROJEK/juaravibecoding/app_build/backend/vendor/laravel/framework/src/Illuminate/Auth/Middleware/Authenticate.php(64): Illuminate/Pipeline/Pipeline->{closure:{closure:Illuminate/Pipeline/Pipeline::carry():184}:185}(Object(Illuminate/Http/Request))
#25 C:/Users/Dicky/Documents/PROJEK/juaravibecoding/app_build/backend/vendor/laravel/framework/src/Illuminate/Pipeline/Pipeline.php(209): Illuminate/Auth/Middleware/Authenticate->handle(Object(Illuminate/Http/Request), Object(Closure), 'sanctum')
#26 C:/Users/Dicky/Documents/PROJEK/juaravibecoding/app_build/backend/vendor/laravel/sanctum/src/Http/Middleware/EnsureFrontendRequestsAreStateful.php(26): Illuminate/Pipeline/Pipeline->{closure:{closure:Illuminate/Pipeline/Pipeline::carry():184}:185}(Object(Illuminate/Http/Request))
#27 C:/Users/Dicky/Documents/PROJEK/juaravibecoding/app_build/backend/vendor/laravel/framework/src/Illuminate/Pipeline/Pipeline.php(170): Laravel/Sanctum/Http/Middleware/EnsureFrontendRequestsAreStateful->{closure:Laravel/Sanctum/Http/Middleware/EnsureFrontendRequestsAreStateful::handle():25}(Object(Illuminate/Http/Request))
#28 C:/Users/Dicky/Documents/PROJEK/juaravibecoding/app_build/backend/vendor/laravel/framework/src/Illuminate/Pipeline/Pipeline.php(127): Illuminate/Pipeline/Pipeline->{closure:Illuminate/Pipeline/Pipeline::prepareDestination():168}(Object(Illuminate/Http/Request))
#29 C:/Users/Dicky/Documents/PROJEK/juaravibecoding/app_build/backend/vendor/laravel/sanctum/src/Http/Middleware/EnsureFrontendRequestsAreStateful.php(25): Illuminate/Pipeline/Pipeline->then(Object(Closure))
#30 C:/Users/Dicky/Documents/PROJEK/juaravibecoding/app_build/backend/vendor/laravel/framework/src/Illuminate/Pipeline/Pipeline.php(209): Laravel/Sanctum/Http/Middleware/EnsureFrontendRequestsAreStateful->handle(Object(Illuminate/Http/Request), Object(Closure))
#31 C:/Users/Dicky/Documents/PROJEK/juaravibecoding/app_build/backend/vendor/laravel/framework/src/Illuminate/Pipeline/Pipeline.php(127): Illuminate/Pipeline/Pipeline->{closure:{closure:Illuminate/Pipeline/Pipeline::carry():184}:185}(Object(Illuminate/Http/Request))
#32 C:/Users/Dicky/Documents/PROJEK/juaravibecoding/app_build/backend/vendor/laravel/framework/src/Illuminate/Routing/Router.php(807): Illuminate/Pipeline/Pipeline->then(Object(Closure))
#33 C:/Users/Dicky/Documents/PROJEK/juaravibecoding/app_build/backend/vendor/laravel/framework/src/Illuminate/Routing/Router.php(786): Illuminate/Routing/Router->runRouteWithinStack(Object(Illuminate/Routing/Route), Object(Illuminate/Http/Request))
#34 C:/Users/Dicky/Documents/PROJEK/juaravibecoding/app_build/backend/vendor/laravel/framework/src/Illuminate/Routing/Router.php(750): Illuminate/Routing/Router->runRoute(Object(Illuminate/Http/Request), Object(Illuminate/Routing/Route))
#35 C:/Users/Dicky/Documents/PROJEK/juaravibecoding/app_build/backend/vendor/laravel/framework/src/Illuminate/Routing/Router.php(739): Illuminate/Routing/Router->dispatchToRoute(Object(Illuminate/Http/Request))
#36 C:/Users/Dicky/Documents/PROJEK/juaravibecoding/app_build/backend/vendor/laravel/framework/src/Illuminate/Foundation/Http/Kernel.php(201): Illuminate/Routing/Router->dispatch(Object(Illuminate/Http/Request))
#37 C:/Users/Dicky/Documents/PROJEK/juaravibecoding/app_build/backend/vendor/laravel/framework/src/Illuminate/Pipeline/Pipeline.php(170): Illuminate/Foundation/Http/Kernel->{closure:Illuminate/Foundation/Http/Kernel::dispatchToRouter():198}(Object(Illuminate/Http/Request))
#38 C:/Users/Dicky/Documents/PROJEK/juaravibecoding/app_build/backend/vendor/laravel/framework/src/Illuminate/Foundation/Http/Middleware/TransformsRequest.php(21): Illuminate/Pipeline/Pipeline->{closure:Illuminate/Pipeline/Pipeline::prepareDestination():168}(Object(Illuminate/Http/Request))
#39 C:/Users/Dicky/Documents/PROJEK/juaravibecoding/app_build/backend/vendor/laravel/framework/src/Illuminate/Foundation/Http/Middleware/ConvertEmptyStringsToNull.php(31): Illuminate/Foundation/Http/Middleware/TransformsRequest->handle(Object(Illuminate/Http/Request), Object(Closure))
#40 C:/Users/Dicky/Documents/PROJEK/juaravibecoding/app_build/backend/vendor/laravel/framework/src/Illuminate/Pipeline/Pipeline.php(209): Illuminate/Foundation/Http/Middleware/ConvertEmptyStringsToNull->handle(Object(Illuminate/Http/Request), Object(Closure))
#41 C:/Users/Dicky/Documents/PROJEK/juaravibecoding/app_build/backend/vendor/laravel/framework/src/Illuminate/Foundation/Http/Middleware/TransformsRequest.php(21): Illuminate/Pipeline/Pipeline->{closure:{closure:Illuminate/Pipeline/Pipeline::carry():184}:185}(Object(Illuminate/Http/Request))
#42 C:/Users/Dicky/Documents/PROJEK/juaravibecoding/app_build/backend/vendor/laravel/framework/src/Illuminate/Foundation/Http/Middleware/TrimStrings.php(51): Illuminate/Foundation/Http/Middleware/TransformsRequest->handle(Object(Illuminate/Http/Request), Object(Closure))
#43 C:/Users/Dicky/Documents/PROJEK/juaravibecoding/app_build/backend/vendor/laravel/framework/src/Illuminate/Pipeline/Pipeline.php(209): Illuminate/Foundation/Http/Middleware/TrimStrings->handle(Object(Illuminate/Http/Request), Object(Closure))
#44 C:/Users/Dicky/Documents/PROJEK/juaravibecoding/app_build/backend/vendor/laravel/framework/src/Illuminate/Http/Middleware/ValidatePostSize.php(27): Illuminate/Pipeline/Pipeline->{closure:{closure:Illuminate/Pipeline/Pipeline::carry():184}:185}(Object(Illuminate/Http/Request))
#45 C:/Users/Dicky/Documents/PROJEK/juaravibecoding/app_build/backend/vendor/laravel/framework/src/Illuminate/Pipeline/Pipeline.php(209): Illuminate/Http/Middleware/ValidatePostSize->handle(Object(Illuminate/Http/Request), Object(Closure))
#46 C:/Users/Dicky/Documents/PROJEK/juaravibecoding/app_build/backend/vendor/laravel/framework/src/Illuminate/Foundation/Http/Middleware/PreventRequestsDuringMaintenance.php(110): Illuminate/Pipeline/Pipeline->{closure:{closure:Illuminate/Pipeline/Pipeline::carry():184}:185}(Object(Illuminate/Http/Request))
#47 C:/Users/Dicky/Documents/PROJEK/juaravibecoding/app_build/backend/vendor/laravel/framework/src/Illuminate/Pipeline/Pipeline.php(209): Illuminate/Foundation/Http/Middleware/PreventRequestsDuringMaintenance->handle(Object(Illuminate/Http/Request), Object(Closure))
#48 C:/Users/Dicky/Documents/PROJEK/juaravibecoding/app_build/backend/vendor/laravel/framework/src/Illuminate/Http/Middleware/HandleCors.php(62): Illuminate/Pipeline/Pipeline->{closure:{closure:Illuminate/Pipeline/Pipeline::carry():184}:185}(Object(Illuminate/Http/Request))
#49 C:/Users/Dicky/Documents/PROJEK/juaravibecoding/app_build/backend/vendor/laravel/framework/src/Illuminate/Pipeline/Pipeline.php(209): Illuminate/Http/Middleware/HandleCors->handle(Object(Illuminate/Http/Request), Object(Closure))
#50 C:/Users/Dicky/Documents/PROJEK/juaravibecoding/app_build/backend/vendor/laravel/framework/src/Illuminate/Http/Middleware/TrustProxies.php(58): Illuminate/Pipeline/Pipeline->{closure:{closure:Illuminate/Pipeline/Pipeline::carry():184}:185}(Object(Illuminate/Http/Request))
#51 C:/Users/Dicky/Documents/PROJEK/juaravibecoding/app_build/backend/vendor/laravel/framework/src/Illuminate/Pipeline/Pipeline.php(209): Illuminate/Http/Middleware/TrustProxies->handle(Object(Illuminate/Http/Request), Object(Closure))
#52 C:/Users/Dicky/Documents/PROJEK/juaravibecoding/app_build/backend/vendor/laravel/framework/src/Illuminate/Foundation/Http/Middleware/InvokeDeferredCallbacks.php(22): Illuminate/Pipeline/Pipeline->{closure:{closure:Illuminate/Pipeline/Pipeline::carry():184}:185}(Object(Illuminate/Http/Request))
#53 C:/Users/Dicky/Documents/PROJEK/juaravibecoding/app_build/backend/vendor/laravel/framework/src/Illuminate/Pipeline/Pipeline.php(209): Illuminate/Foundation/Http/Middleware/InvokeDeferredCallbacks->handle(Object(Illuminate/Http/Request), Object(Closure))
#54 C:/Users/Dicky/Documents/PROJEK/juaravibecoding/app_build/backend/vendor/laravel/framework/src/Illuminate/Pipeline/Pipeline.php(127): Illuminate/Pipeline/Pipeline->{closure:{closure:Illuminate/Pipeline/Pipeline::carry():184}:185}(Object(Illuminate/Http/Request))
#55 C:/Users/Dicky/Documents/PROJEK/juaravibecoding/app_build/backend/vendor/laravel/framework/src/Illuminate/Foundation/Http/Kernel.php(176): Illuminate/Pipeline/Pipeline->then(Object(Closure))
#56 C:/Users/Dicky/Documents/PROJEK/juaravibecoding/app_build/backend/vendor/laravel/framework/src/Illuminate/Foundation/Http/Kernel.php(145): Illuminate/Foundation/Http/Kernel->sendRequestThroughRouter(Object(Illuminate/Http/Request))
#57 C:/Users/Dicky/Documents/PROJEK/juaravibecoding/app_build/backend/vendor/laravel/framework/src/Illuminate/Foundation/Application.php(1220): Illuminate/Foundation/Http/Kernel->handle(Object(Illuminate/Http/Request))
#58 C:/Users/Dicky/Documents/PROJEK/juaravibecoding/app_build/backend/public/index.php(17): Illuminate/Foundation/Application->handleRequest(Object(Illuminate/Http/Request))
#59 {main}

[previous exception] [object] (PDOException(code: HY000): SQLSTATE[HY000]: General error: 1 no such table: jobs at C:/Users/Dicky/Documents/PROJEK/juaravibecoding/app_build/backend/vendor/laravel/framework/src/Illuminate/Database/Connection.php:565)
[stacktrace]
#0 C:/Users/Dicky/Documents/PROJEK/juaravibecoding/app_build/backend/vendor/laravel/framework/src/Illuminate/Database/Connection.php(565): PDO->prepare('insert into \"jo...')
#1 C:/Users/Dicky/Documents/PROJEK/juaravibecoding/app_build/backend/vendor/laravel/framework/src/Illuminate/Database/Connection.php(812): Illuminate/Database/Connection->{closure:Illuminate/Database/Connection::statement():560}('insert into \"jo...', Array)
#2 C:/Users/Dicky/Documents/PROJEK/juaravibecoding/app_build/backend/vendor/laravel/framework/src/Illuminate/Database/Connection.php(779): Illuminate/Database/Connection->runQueryCallback('insert into \"jo...', Array, Object(Closure))
#3 C:/Users/Dicky/Documents/PROJEK/juaravibecoding/app_build/backend/vendor/laravel/framework/src/Illuminate/Database/Connection.php(560): Illuminate/Database/Connection->run('insert into \"jo...', Array, Object(Closure))
#4 C:/Users/Dicky/Documents/PROJEK/juaravibecoding/app_build/backend/vendor/laravel/framework/src/Illuminate/Database/Connection.php(524): Illuminate/Database/Connection->statement('insert into \"jo...', Array)
#5 C:/Users/Dicky/Documents/PROJEK/juaravibecoding/app_build/backend/vendor/laravel/framework/src/Illuminate/Database/Query/Processors/Processor.php(32): Illuminate/Database/Connection->insert('insert into \"jo...', Array)
#6 C:/Users/Dicky/Documents/PROJEK/juaravibecoding/app_build/backend/vendor/laravel/framework/src/Illuminate/Database/Query/Builder.php(3766): Illuminate/Database/Query/Processors/Processor->processInsertGetId(Object(Illuminate/Database/Query/Builder), 'insert into \"jo...', Array, NULL)
#7 C:/Users/Dicky/Documents/PROJEK/juaravibecoding/app_build/backend/vendor/laravel/framework/src/Illuminate/Queue/DatabaseQueue.php(188): Illuminate/Database/Query/Builder->insertGetId(Array)
#8 C:/Users/Dicky/Documents/PROJEK/juaravibecoding/app_build/backend/vendor/laravel/framework/src/Illuminate/Queue/DatabaseQueue.php(99): Illuminate/Queue/DatabaseQueue->pushToDatabase(NULL, '{\"uuid\":\"090ce7...')
#9 C:/Users/Dicky/Documents/PROJEK/juaravibecoding/app_build/backend/vendor/laravel/framework/src/Illuminate/Queue/Queue.php(338): Illuminate/Queue/DatabaseQueue->{closure:Illuminate/Queue/DatabaseQueue::push():98}('{\"uuid\":\"090ce7...', NULL, NULL)
#10 C:/Users/Dicky/Documents/PROJEK/juaravibecoding/app_build/backend/vendor/laravel/framework/src/Illuminate/Queue/DatabaseQueue.php(93): Illuminate/Queue/Queue->enqueueUsing(Object(App/Jobs/ProcessReceiptOCR), '{\"uuid\":\"090ce7...', NULL, NULL, Object(Closure))
#11 C:/Users/Dicky/Documents/PROJEK/juaravibecoding/app_build/backend/vendor/laravel/framework/src/Illuminate/Bus/Dispatcher.php(244): Illuminate/Queue/DatabaseQueue->push(Object(App/Jobs/ProcessReceiptOCR), '', NULL)
#12 C:/Users/Dicky/Documents/PROJEK/juaravibecoding/app_build/backend/vendor/laravel/framework/src/Illuminate/Bus/Dispatcher.php(228): Illuminate/Bus/Dispatcher->pushCommandToQueue(Object(Illuminate/Queue/DatabaseQueue), Object(App/Jobs/ProcessReceiptOCR))
#13 C:/Users/Dicky/Documents/PROJEK/juaravibecoding/app_build/backend/vendor/laravel/framework/src/Illuminate/Bus/Dispatcher.php(77): Illuminate/Bus/Dispatcher->dispatchToQueue(Object(App/Jobs/ProcessReceiptOCR))
#14 C:/Users/Dicky/Documents/PROJEK/juaravibecoding/app_build/backend/vendor/laravel/framework/src/Illuminate/Foundation/Bus/PendingDispatch.php(222): Illuminate/Bus/Dispatcher->dispatch(Object(App/Jobs/ProcessReceiptOCR))
#15 C:/Users/Dicky/Documents/PROJEK/juaravibecoding/app_build/backend/vendor/laravel/framework/src/Illuminate/Foundation/Bus/Dispatchable.php(19): Illuminate/Foundation/Bus/PendingDispatch->__destruct()
#16 C:/Users/Dicky/Documents/PROJEK/juaravibecoding/app_build/backend/app/Http/Controllers/InventoryController.php(60): App/Jobs/ProcessReceiptOCR::dispatch(1, 'receipts/ym6KAI...')
#17 C:/Users/Dicky/Documents/PROJEK/juaravibecoding/app_build/backend/vendor/laravel/framework/src/Illuminate/Routing/ControllerDispatcher.php(47): App/Http/Controllers/InventoryController->scan(Object(Illuminate/Http/Request))
#18 C:/Users/Dicky/Documents/PROJEK/juaravibecoding/app_build/backend/vendor/laravel/framework/src/Illuminate/Routing/Route.php(266): Illuminate/Routing/ControllerDispatcher->dispatch(Object(Illuminate/Routing/Route), Object(App/Http/Controllers/InventoryController), 'scan')
#19 C:/Users/Dicky/Documents/PROJEK/juaravibecoding/app_build/backend/vendor/laravel/framework/src/Illuminate/Routing/Route.php(212): Illuminate/Routing/Route->runController()
#20 C:/Users/Dicky/Documents/PROJEK/juaravibecoding/app_build/backend/vendor/laravel/framework/src/Illuminate/Routing/Router.php(808): Illuminate/Routing/Route->run()
#21 C:/Users/Dicky/Documents/PROJEK/juaravibecoding/app_build/backend/vendor/laravel/framework/src/Illuminate/Pipeline/Pipeline.php(170): Illuminate/Routing/Router->{closure:Illuminate/Routing/Router::runRouteWithinStack():807}(Object(Illuminate/Http/Request))
#22 C:/Users/Dicky/Documents/PROJEK/juaravibecoding/app_build/backend/app/Http/Middleware/PrivacyFilterMiddleware.php(44): Illuminate/Pipeline/Pipeline->{closure:Illuminate/Pipeline/Pipeline::prepareDestination():168}(Object(Illuminate/Http/Request))
#23 C:/Users/Dicky/Documents/PROJEK/juaravibecoding/app_build/backend/vendor/laravel/framework/src/Illuminate/Pipeline/Pipeline.php(209): App/Http/Middleware/PrivacyFilterMiddleware->handle(Object(Illuminate/Http/Request), Object(Closure))
#24 C:/Users/Dicky/Documents/PROJEK/juaravibecoding/app_build/backend/vendor/laravel/framework/src/Illuminate/Routing/Middleware/SubstituteBindings.php(51): Illuminate/Pipeline/Pipeline->{closure:{closure:Illuminate/Pipeline/Pipeline::carry():184}:185}(Object(Illuminate/Http/Request))
#25 C:/Users/Dicky/Documents/PROJEK/juaravibecoding/app_build/backend/vendor/laravel/framework/src/Illuminate/Pipeline/Pipeline.php(209): Illuminate/Routing/Middleware/SubstituteBindings->handle(Object(Illuminate/Http/Request), Object(Closure))
#26 C:/Users/Dicky/Documents/PROJEK/juaravibecoding/app_build/backend/vendor/laravel/framework/src/Illuminate/Auth/Middleware/Authenticate.php(64): Illuminate/Pipeline/Pipeline->{closure:{closure:Illuminate/Pipeline/Pipeline::carry():184}:185}(Object(Illuminate/Http/Request))
#27 C:/Users/Dicky/Documents/PROJEK/juaravibecoding/app_build/backend/vendor/laravel/framework/src/Illuminate/Pipeline/Pipeline.php(209): Illuminate/Auth/Middleware/Authenticate->handle(Object(Illuminate/Http/Request), Object(Closure), 'sanctum')
#28 C:/Users/Dicky/Documents/PROJEK/juaravibecoding/app_build/backend/vendor/laravel/sanctum/src/Http/Middleware/EnsureFrontendRequestsAreStateful.php(26): Illuminate/Pipeline/Pipeline->{closure:{closure:Illuminate/Pipeline/Pipeline::carry():184}:185}(Object(Illuminate/Http/Request))
#29 C:/Users/Dicky/Documents/PROJEK/juaravibecoding/app_build/backend/vendor/laravel/framework/src/Illuminate/Pipeline/Pipeline.php(170): Laravel/Sanctum/Http/Middleware/EnsureFrontendRequestsAreStateful->{closure:Laravel/Sanctum/Http/Middleware/EnsureFrontendRequestsAreStateful::handle():25}(Object(Illuminate/Http/Request))
#30 C:/Users/Dicky/Documents/PROJEK/juaravibecoding/app_build/backend/vendor/laravel/framework/src/Illuminate/Pipeline/Pipeline.php(127): Illuminate/Pipeline/Pipeline->{closure:Illuminate/Pipeline/Pipeline::prepareDestination():168}(Object(Illuminate/Http/Request))
#31 C:/Users/Dicky/Documents/PROJEK/juaravibecoding/app_build/backend/vendor/laravel/sanctum/src/Http/Middleware/EnsureFrontendRequestsAreStateful.php(25): Illuminate/Pipeline/Pipeline->then(Object(Closure))
#32 C:/Users/Dicky/Documents/PROJEK/juaravibecoding/app_build/backend/vendor/laravel/framework/src/Illuminate/Pipeline/Pipeline.php(209): Laravel/Sanctum/Http/Middleware/EnsureFrontendRequestsAreStateful->handle(Object(Illuminate/Http/Request), Object(Closure))
#33 C:/Users/Dicky/Documents/PROJEK/juaravibecoding/app_build/backend/vendor/laravel/framework/src/Illuminate/Pipeline/Pipeline.php(127): Illuminate/Pipeline/Pipeline->{closure:{closure:Illuminate/Pipeline/Pipeline::carry():184}:185}(Object(Illuminate/Http/Request))
#34 C:/Users/Dicky/Documents/PROJEK/juaravibecoding/app_build/backend/vendor/laravel/framework/src/Illuminate/Routing/Router.php(807): Illuminate/Pipeline/Pipeline->then(Object(Closure))
#35 C:/Users/Dicky/Documents/PROJEK/juaravibecoding/app_build/backend/vendor/laravel/framework/src/Illuminate/Routing/Router.php(786): Illuminate/Routing/Router->runRouteWithinStack(Object(Illuminate/Routing/Route), Object(Illuminate/Http/Request))
#36 C:/Users/Dicky/Documents/PROJEK/juaravibecoding/app_build/backend/vendor/laravel/framework/src/Illuminate/Routing/Router.php(750): Illuminate/Routing/Router->runRoute(Object(Illuminate/Http/Request), Object(Illuminate/Routing/Route))
#37 C:/Users/Dicky/Documents/PROJEK/juaravibecoding/app_build/backend/vendor/laravel/framework/src/Illuminate/Routing/Router.php(739): Illuminate/Routing/Router->dispatchToRoute(Object(Illuminate/Http/Request))
#38 C:/Users/Dicky/Documents/PROJEK/juaravibecoding/app_build/backend/vendor/laravel/framework/src/Illuminate/Foundation/Http/Kernel.php(201): Illuminate/Routing/Router->dispatch(Object(Illuminate/Http/Request))
#39 C:/Users/Dicky/Documents/PROJEK/juaravibecoding/app_build/backend/vendor/laravel/framework/src/Illuminate/Pipeline/Pipeline.php(170): Illuminate/Foundation/Http/Kernel->{closure:Illuminate/Foundation/Http/Kernel::dispatchToRouter():198}(Object(Illuminate/Http/Request))
#40 C:/Users/Dicky/Documents/PROJEK/juaravibecoding/app_build/backend/vendor/laravel/framework/src/Illuminate/Foundation/Http/Middleware/TransformsRequest.php(21): Illuminate/Pipeline/Pipeline->{closure:Illuminate/Pipeline/Pipeline::prepareDestination():168}(Object(Illuminate/Http/Request))
#41 C:/Users/Dicky/Documents/PROJEK/juaravibecoding/app_build/backend/vendor/laravel/framework/src/Illuminate/Foundation/Http/Middleware/ConvertEmptyStringsToNull.php(31): Illuminate/Foundation/Http/Middleware/TransformsRequest->handle(Object(Illuminate/Http/Request), Object(Closure))
#42 C:/Users/Dicky/Documents/PROJEK/juaravibecoding/app_build/backend/vendor/laravel/framework/src/Illuminate/Pipeline/Pipeline.php(209): Illuminate/Foundation/Http/Middleware/ConvertEmptyStringsToNull->handle(Object(Illuminate/Http/Request), Object(Closure))
#43 C:/Users/Dicky/Documents/PROJEK/juaravibecoding/app_build/backend/vendor/laravel/framework/src/Illuminate/Foundation/Http/Middleware/TransformsRequest.php(21): Illuminate/Pipeline/Pipeline->{closure:{closure:Illuminate/Pipeline/Pipeline::carry():184}:185}(Object(Illuminate/Http/Request))
#44 C:/Users/Dicky/Documents/PROJEK/juaravibecoding/app_build/backend/vendor/laravel/framework/src/Illuminate/Foundation/Http/Middleware/TrimStrings.php(51): Illuminate/Foundation/Http/Middleware/TransformsRequest->handle(Object(Illuminate/Http/Request), Object(Closure))
#45 C:/Users/Dicky/Documents/PROJEK/juaravibecoding/app_build/backend/vendor/laravel/framework/src/Illuminate/Pipeline/Pipeline.php(209): Illuminate/Foundation/Http/Middleware/TrimStrings->handle(Object(Illuminate/Http/Request), Object(Closure))
#46 C:/Users/Dicky/Documents/PROJEK/juaravibecoding/app_build/backend/vendor/laravel/framework/src/Illuminate/Http/Middleware/ValidatePostSize.php(27): Illuminate/Pipeline/Pipeline->{closure:{closure:Illuminate/Pipeline/Pipeline::carry():184}:185}(Object(Illuminate/Http/Request))
#47 C:/Users/Dicky/Documents/PROJEK/juaravibecoding/app_build/backend/vendor/laravel/framework/src/Illuminate/Pipeline/Pipeline.php(209): Illuminate/Http/Middleware/ValidatePostSize->handle(Object(Illuminate/Http/Request), Object(Closure))
#48 C:/Users/Dicky/Documents/PROJEK/juaravibecoding/app_build/backend/vendor/laravel/framework/src/Illuminate/Foundation/Http/Middleware/PreventRequestsDuringMaintenance.php(110): Illuminate/Pipeline/Pipeline->{closure:{closure:Illuminate/Pipeline/Pipeline::carry():184}:185}(Object(Illuminate/Http/Request))
#49 C:/Users/Dicky/Documents/PROJEK/juaravibecoding/app_build/backend/vendor/laravel/framework/src/Illuminate/Pipeline/Pipeline.php(209): Illuminate/Foundation/Http/Middleware/PreventRequestsDuringMaintenance->handle(Object(Illuminate/Http/Request), Object(Closure))
#50 C:/Users/Dicky/Documents/PROJEK/juaravibecoding/app_build/backend/vendor/laravel/framework/src/Illuminate/Http/Middleware/HandleCors.php(62): Illuminate/Pipeline/Pipeline->{closure:{closure:Illuminate/Pipeline/Pipeline::carry():184}:185}(Object(Illuminate/Http/Request))
#51 C:/Users/Dicky/Documents/PROJEK/juaravibecoding/app_build/backend/vendor/laravel/framework/src/Illuminate/Pipeline/Pipeline.php(209): Illuminate/Http/Middleware/HandleCors->handle(Object(Illuminate/Http/Request), Object(Closure))
#52 C:/Users/Dicky/Documents/PROJEK/juaravibecoding/app_build/backend/vendor/laravel/framework/src/Illuminate/Http/Middleware/TrustProxies.php(58): Illuminate/Pipeline/Pipeline->{closure:{closure:Illuminate/Pipeline/Pipeline::carry():184}:185}(Object(Illuminate/Http/Request))
#53 C:/Users/Dicky/Documents/PROJEK/juaravibecoding/app_build/backend/vendor/laravel/framework/src/Illuminate/Pipeline/Pipeline.php(209): Illuminate/Http/Middleware/TrustProxies->handle(Object(Illuminate/Http/Request), Object(Closure))
#54 C:/Users/Dicky/Documents/PROJEK/juaravibecoding/app_build/backend/vendor/laravel/framework/src/Illuminate/Foundation/Http/Middleware/InvokeDeferredCallbacks.php(22): Illuminate/Pipeline/Pipeline->{closure:{closure:Illuminate/Pipeline/Pipeline::carry():184}:185}(Object(Illuminate/Http/Request))
#55 C:/Users/Dicky/Documents/PROJEK/juaravibecoding/app_build/backend/vendor/laravel/framework/src/Illuminate/Pipeline/Pipeline.php(209): Illuminate/Foundation/Http/Middleware/InvokeDeferredCallbacks->handle(Object(Illuminate/Http/Request), Object(Closure))
#56 C:/Users/Dicky/Documents/PROJEK/juaravibecoding/app_build/backend/vendor/laravel/framework/src/Illuminate/Pipeline/Pipeline.php(127): Illuminate/Pipeline/Pipeline->{closure:{closure:Illuminate/Pipeline/Pipeline::carry():184}:185}(Object(Illuminate/Http/Request))
#57 C:/Users/Dicky/Documents/PROJEK/juaravibecoding/app_build/backend/vendor/laravel/framework/src/Illuminate/Foundation/Http/Kernel.php(176): Illuminate/Pipeline/Pipeline->then(Object(Closure))
#58 C:/Users/Dicky/Documents/PROJEK/juaravibecoding/app_build/backend/vendor/laravel/framework/src/Illuminate/Foundation/Http/Kernel.php(145): Illuminate/Foundation/Http/Kernel->sendRequestThroughRouter(Object(Illuminate/Http/Request))
#59 C:/Users/Dicky/Documents/PROJEK/juaravibecoding/app_build/backend/vendor/laravel/framework/src/Illuminate/Foundation/Application.php(1220): Illuminate/Foundation/Http/Kernel->handle(Object(Illuminate/Http/Request))
#60 C:/Users/Dicky/Documents/PROJEK/juaravibecoding/app_build/backend/public/index.php(17): Illuminate/Foundation/Application->handleRequest(Object(Illuminate/Http/Request))
#61 {main}
"} 
[2026-05-28 11:02:55] local.ERROR: SQLSTATE[HY000]: General error: 1 no such table: jobs (Connection: sqlite, SQL: insert into "jobs" ("queue", "attempts", "reserved_at", "available_at", "created_at", "payload") values (default, 0, ?, 1779966175, 1779966175, {"uuid":"5d051caf-2dfb-4120-ae19-cf4c4784fbdb","displayName":"App\\Jobs\\ProcessReceiptOCR","job":"Illuminate\\Queue\\CallQueuedHandler@call","maxTries":3,"maxExceptions":null,"failOnTimeout":false,"backoff":null,"timeout":60,"retryUntil":null,"data":{"commandName":"App\\Jobs\\ProcessReceiptOCR","command":"O:26:\"App\\Jobs\\ProcessReceiptOCR\":2:{s:34:\"\u0000App\\Jobs\\ProcessReceiptOCR\u0000userId\";i:1;s:37:\"\u0000App\\Jobs\\ProcessReceiptOCR\u0000imagePath\";s:53:\"receipts\/EJa0j8kd5qNQzdC1ZCjwUOCu2WgOLJIfVvsIbqiQ.jpg\";}"}})) {"userId":1,"exception":"[object] (Illuminate\\Database\\QueryException(code: HY000): SQLSTATE[HY000]: General error: 1 no such table: jobs (Connection: sqlite, SQL: insert into \"jobs\" (\"queue\", \"attempts\", \"reserved_at\", \"available_at\", \"created_at\", \"payload\") values (default, 0, ?, 1779966175, 1779966175, {\"uuid\":\"5d051caf-2dfb-4120-ae19-cf4c4784fbdb\",\"displayName\":\"App\\\\Jobs\\\\ProcessReceiptOCR\",\"job\":\"Illuminate\\\\Queue\\\\CallQueuedHandler@call\",\"maxTries\":3,\"maxExceptions\":null,\"failOnTimeout\":false,\"backoff\":null,\"timeout\":60,\"retryUntil\":null,\"data\":{\"commandName\":\"App\\\\Jobs\\\\ProcessReceiptOCR\",\"command\":\"O:26:\\\"App\\\\Jobs\\\\ProcessReceiptOCR\\\":2:{s:34:\\\"\\u0000App\\\\Jobs\\\\ProcessReceiptOCR\\u0000userId\\\";i:1;s:37:\\\"\\u0000App\\\\Jobs\\\\ProcessReceiptOCR\\u0000imagePath\\\";s:53:\\\"receipts\\/EJa0j8kd5qNQzdC1ZCjwUOCu2WgOLJIfVvsIbqiQ.jpg\\\";}\"}})) at C:/Users/Dicky/Documents/PROJEK/juaravibecoding/app_build/backend/vendor/laravel/framework/src/Illuminate/Database/Connection.php:825)
[stacktrace]
#0 C:/Users/Dicky/Documents/PROJEK/juaravibecoding/app_build/backend/vendor/laravel/framework/src/Illuminate/Database/Connection.php(779): Illuminate/Database/Connection->runQueryCallback('insert into \"jo...', Array, Object(Closure))
#1 C:/Users/Dicky/Documents/PROJEK/juaravibecoding/app_build/backend/vendor/laravel/framework/src/Illuminate/Database/Connection.php(560): Illuminate/Database/Connection->run('insert into \"jo...', Array, Object(Closure))
#2 C:/Users/Dicky/Documents/PROJEK/juaravibecoding/app_build/backend/vendor/laravel/framework/src/Illuminate/Database/Connection.php(524): Illuminate/Database/Connection->statement('insert into \"jo...', Array)
#3 C:/Users/Dicky/Documents/PROJEK/juaravibecoding/app_build/backend/vendor/laravel/framework/src/Illuminate/Database/Query/Processors/Processor.php(32): Illuminate/Database/Connection->insert('insert into \"jo...', Array)
#4 C:/Users/Dicky/Documents/PROJEK/juaravibecoding/app_build/backend/vendor/laravel/framework/src/Illuminate/Database/Query/Builder.php(3766): Illuminate/Database/Query/Processors/Processor->processInsertGetId(Object(Illuminate/Database/Query/Builder), 'insert into \"jo...', Array, NULL)
#5 C:/Users/Dicky/Documents/PROJEK/juaravibecoding/app_build/backend/vendor/laravel/framework/src/Illuminate/Queue/DatabaseQueue.php(188): Illuminate/Database/Query/Builder->insertGetId(Array)
#6 C:/Users/Dicky/Documents/PROJEK/juaravibecoding/app_build/backend/vendor/laravel/framework/src/Illuminate/Queue/DatabaseQueue.php(99): Illuminate/Queue/DatabaseQueue->pushToDatabase(NULL, '{\"uuid\":\"5d051c...')
#7 C:/Users/Dicky/Documents/PROJEK/juaravibecoding/app_build/backend/vendor/laravel/framework/src/Illuminate/Queue/Queue.php(338): Illuminate/Queue/DatabaseQueue->{closure:Illuminate/Queue/DatabaseQueue::push():98}('{\"uuid\":\"5d051c...', NULL, NULL)
#8 C:/Users/Dicky/Documents/PROJEK/juaravibecoding/app_build/backend/vendor/laravel/framework/src/Illuminate/Queue/DatabaseQueue.php(93): Illuminate/Queue/Queue->enqueueUsing(Object(App/Jobs/ProcessReceiptOCR), '{\"uuid\":\"5d051c...', NULL, NULL, Object(Closure))
#9 C:/Users/Dicky/Documents/PROJEK/juaravibecoding/app_build/backend/vendor/laravel/framework/src/Illuminate/Bus/Dispatcher.php(244): Illuminate/Queue/DatabaseQueue->push(Object(App/Jobs/ProcessReceiptOCR), '', NULL)
#10 C:/Users/Dicky/Documents/PROJEK/juaravibecoding/app_build/backend/vendor/laravel/framework/src/Illuminate/Bus/Dispatcher.php(228): Illuminate/Bus/Dispatcher->pushCommandToQueue(Object(Illuminate/Queue/DatabaseQueue), Object(App/Jobs/ProcessReceiptOCR))
#11 C:/Users/Dicky/Documents/PROJEK/juaravibecoding/app_build/backend/vendor/laravel/framework/src/Illuminate/Bus/Dispatcher.php(77): Illuminate/Bus/Dispatcher->dispatchToQueue(Object(App/Jobs/ProcessReceiptOCR))
#12 C:/Users/Dicky/Documents/PROJEK/juaravibecoding/app_build/backend/vendor/laravel/framework/src/Illuminate/Foundation/Bus/PendingDispatch.php(222): Illuminate/Bus/Dispatcher->dispatch(Object(App/Jobs/ProcessReceiptOCR))
#13 C:/Users/Dicky/Documents/PROJEK/juaravibecoding/app_build/backend/vendor/laravel/framework/src/Illuminate/Foundation/Bus/Dispatchable.php(19): Illuminate/Foundation/Bus/PendingDispatch->__destruct()
#14 C:/Users/Dicky/Documents/PROJEK/juaravibecoding/app_build/backend/app/Http/Controllers/InventoryController.php(60): App/Jobs/ProcessReceiptOCR::dispatch(1, 'receipts/EJa0j8...')
#15 C:/Users/Dicky/Documents/PROJEK/juaravibecoding/app_build/backend/vendor/laravel/framework/src/Illuminate/Routing/ControllerDispatcher.php(47): App/Http/Controllers/InventoryController->scan(Object(Illuminate/Http/Request))
#16 C:/Users/Dicky/Documents/PROJEK/juaravibecoding/app_build/backend/vendor/laravel/framework/src/Illuminate/Routing/Route.php(266): Illuminate/Routing/ControllerDispatcher->dispatch(Object(Illuminate/Routing/Route), Object(App/Http/Controllers/InventoryController), 'scan')
#17 C:/Users/Dicky/Documents/PROJEK/juaravibecoding/app_build/backend/vendor/laravel/framework/src/Illuminate/Routing/Route.php(212): Illuminate/Routing/Route->runController()
#18 C:/Users/Dicky/Documents/PROJEK/juaravibecoding/app_build/backend/vendor/laravel/framework/src/Illuminate/Routing/Router.php(808): Illuminate/Routing/Route->run()
#19 C:/Users/Dicky/Documents/PROJEK/juaravibecoding/app_build/backend/vendor/laravel/framework/src/Illuminate/Pipeline/Pipeline.php(170): Illuminate/Routing/Router->{closure:Illuminate/Routing/Router::runRouteWithinStack():807}(Object(Illuminate/Http/Request))
#20 C:/Users/Dicky/Documents/PROJEK/juaravibecoding/app_build/backend/app/Http/Middleware/PrivacyFilterMiddleware.php(44): Illuminate/Pipeline/Pipeline->{closure:Illuminate/Pipeline/Pipeline::prepareDestination():168}(Object(Illuminate/Http/Request))
#21 C:/Users/Dicky/Documents/PROJEK/juaravibecoding/app_build/backend/vendor/laravel/framework/src/Illuminate/Pipeline/Pipeline.php(209): App/Http/Middleware/PrivacyFilterMiddleware->handle(Object(Illuminate/Http/Request), Object(Closure))
#22 C:/Users/Dicky/Documents/PROJEK/juaravibecoding/app_build/backend/vendor/laravel/framework/src/Illuminate/Routing/Middleware/SubstituteBindings.php(51): Illuminate/Pipeline/Pipeline->{closure:{closure:Illuminate/Pipeline/Pipeline::carry():184}:185}(Object(Illuminate/Http/Request))
#23 C:/Users/Dicky/Documents/PROJEK/juaravibecoding/app_build/backend/vendor/laravel/framework/src/Illuminate/Pipeline/Pipeline.php(209): Illuminate/Routing/Middleware/SubstituteBindings->handle(Object(Illuminate/Http/Request), Object(Closure))
#24 C:/Users/Dicky/Documents/PROJEK/juaravibecoding/app_build/backend/vendor/laravel/framework/src/Illuminate/Auth/Middleware/Authenticate.php(64): Illuminate/Pipeline/Pipeline->{closure:{closure:Illuminate/Pipeline/Pipeline::carry():184}:185}(Object(Illuminate/Http/Request))
#25 C:/Users/Dicky/Documents/PROJEK/juaravibecoding/app_build/backend/vendor/laravel/framework/src/Illuminate/Pipeline/Pipeline.php(209): Illuminate/Auth/Middleware/Authenticate->handle(Object(Illuminate/Http/Request), Object(Closure), 'sanctum')
#26 C:/Users/Dicky/Documents/PROJEK/juaravibecoding/app_build/backend/vendor/laravel/sanctum/src/Http/Middleware/EnsureFrontendRequestsAreStateful.php(26): Illuminate/Pipeline/Pipeline->{closure:{closure:Illuminate/Pipeline/Pipeline::carry():184}:185}(Object(Illuminate/Http/Request))
#27 C:/Users/Dicky/Documents/PROJEK/juaravibecoding/app_build/backend/vendor/laravel/framework/src/Illuminate/Pipeline/Pipeline.php(170): Laravel/Sanctum/Http/Middleware/EnsureFrontendRequestsAreStateful->{closure:Laravel/Sanctum/Http/Middleware/EnsureFrontendRequestsAreStateful::handle():25}(Object(Illuminate/Http/Request))
#28 C:/Users/Dicky/Documents/PROJEK/juaravibecoding/app_build/backend/vendor/laravel/framework/src/Illuminate/Pipeline/Pipeline.php(127): Illuminate/Pipeline/Pipeline->{closure:Illuminate/Pipeline/Pipeline::prepareDestination():168}(Object(Illuminate/Http/Request))
#29 C:/Users/Dicky/Documents/PROJEK/juaravibecoding/app_build/backend/vendor/laravel/sanctum/src/Http/Middleware/EnsureFrontendRequestsAreStateful.php(25): Illuminate/Pipeline/Pipeline->then(Object(Closure))
#30 C:/Users/Dicky/Documents/PROJEK/juaravibecoding/app_build/backend/vendor/laravel/framework/src/Illuminate/Pipeline/Pipeline.php(209): Laravel/Sanctum/Http/Middleware/EnsureFrontendRequestsAreStateful->handle(Object(Illuminate/Http/Request), Object(Closure))
#31 C:/Users/Dicky/Documents/PROJEK/juaravibecoding/app_build/backend/vendor/laravel/framework/src/Illuminate/Pipeline/Pipeline.php(127): Illuminate/Pipeline/Pipeline->{closure:{closure:Illuminate/Pipeline/Pipeline::carry():184}:185}(Object(Illuminate/Http/Request))
#32 C:/Users/Dicky/Documents/PROJEK/juaravibecoding/app_build/backend/vendor/laravel/framework/src/Illuminate/Routing/Router.php(807): Illuminate/Pipeline/Pipeline->then(Object(Closure))
#33 C:/Users/Dicky/Documents/PROJEK/juaravibecoding/app_build/backend/vendor/laravel/framework/src/Illuminate/Routing/Router.php(786): Illuminate/Routing/Router->runRouteWithinStack(Object(Illuminate/Routing/Route), Object(Illuminate/Http/Request))
#34 C:/Users/Dicky/Documents/PROJEK/juaravibecoding/app_build/backend/vendor/laravel/framework/src/Illuminate/Routing/Router.php(750): Illuminate/Routing/Router->runRoute(Object(Illuminate/Http/Request), Object(Illuminate/Routing/Route))
#35 C:/Users/Dicky/Documents/PROJEK/juaravibecoding/app_build/backend/vendor/laravel/framework/src/Illuminate/Routing/Router.php(739): Illuminate/Routing/Router->dispatchToRoute(Object(Illuminate/Http/Request))
#36 C:/Users/Dicky/Documents/PROJEK/juaravibecoding/app_build/backend/vendor/laravel/framework/src/Illuminate/Foundation/Http/Kernel.php(201): Illuminate/Routing/Router->dispatch(Object(Illuminate/Http/Request))
#37 C:/Users/Dicky/Documents/PROJEK/juaravibecoding/app_build/backend/vendor/laravel/framework/src/Illuminate/Pipeline/Pipeline.php(170): Illuminate/Foundation/Http/Kernel->{closure:Illuminate/Foundation/Http/Kernel::dispatchToRouter():198}(Object(Illuminate/Http/Request))
#38 C:/Users/Dicky/Documents/PROJEK/juaravibecoding/app_build/backend/vendor/laravel/framework/src/Illuminate/Foundation/Http/Middleware/TransformsRequest.php(21): Illuminate/Pipeline/Pipeline->{closure:Illuminate/Pipeline/Pipeline::prepareDestination():168}(Object(Illuminate/Http/Request))
#39 C:/Users/Dicky/Documents/PROJEK/juaravibecoding/app_build/backend/vendor/laravel/framework/src/Illuminate/Foundation/Http/Middleware/ConvertEmptyStringsToNull.php(31): Illuminate/Foundation/Http/Middleware/TransformsRequest->handle(Object(Illuminate/Http/Request), Object(Closure))
#40 C:/Users/Dicky/Documents/PROJEK/juaravibecoding/app_build/backend/vendor/laravel/framework/src/Illuminate/Pipeline/Pipeline.php(209): Illuminate/Foundation/Http/Middleware/ConvertEmptyStringsToNull->handle(Object(Illuminate/Http/Request), Object(Closure))
#41 C:/Users/Dicky/Documents/PROJEK/juaravibecoding/app_build/backend/vendor/laravel/framework/src/Illuminate/Foundation/Http/Middleware/TransformsRequest.php(21): Illuminate/Pipeline/Pipeline->{closure:{closure:Illuminate/Pipeline/Pipeline::carry():184}:185}(Object(Illuminate/Http/Request))
#42 C:/Users/Dicky/Documents/PROJEK/juaravibecoding/app_build/backend/vendor/laravel/framework/src/Illuminate/Foundation/Http/Middleware/TrimStrings.php(51): Illuminate/Foundation/Http/Middleware/TransformsRequest->handle(Object(Illuminate/Http/Request), Object(Closure))
#43 C:/Users/Dicky/Documents/PROJEK/juaravibecoding/app_build/backend/vendor/laravel/framework/src/Illuminate/Pipeline/Pipeline.php(209): Illuminate/Foundation/Http/Middleware/TrimStrings->handle(Object(Illuminate/Http/Request), Object(Closure))
#44 C:/Users/Dicky/Documents/PROJEK/juaravibecoding/app_build/backend/vendor/laravel/framework/src/Illuminate/Http/Middleware/ValidatePostSize.php(27): Illuminate/Pipeline/Pipeline->{closure:{closure:Illuminate/Pipeline/Pipeline::carry():184}:185}(Object(Illuminate/Http/Request))
#45 C:/Users/Dicky/Documents/PROJEK/juaravibecoding/app_build/backend/vendor/laravel/framework/src/Illuminate/Pipeline/Pipeline.php(209): Illuminate/Http/Middleware/ValidatePostSize->handle(Object(Illuminate/Http/Request), Object(Closure))
#46 C:/Users/Dicky/Documents/PROJEK/juaravibecoding/app_build/backend/vendor/laravel/framework/src/Illuminate/Foundation/Http/Middleware/PreventRequestsDuringMaintenance.php(110): Illuminate/Pipeline/Pipeline->{closure:{closure:Illuminate/Pipeline/Pipeline::carry():184}:185}(Object(Illuminate/Http/Request))
#47 C:/Users/Dicky/Documents/PROJEK/juaravibecoding/app_build/backend/vendor/laravel/framework/src/Illuminate/Pipeline/Pipeline.php(209): Illuminate/Foundation/Http/Middleware/PreventRequestsDuringMaintenance->handle(Object(Illuminate/Http/Request), Object(Closure))
#48 C:/Users/Dicky/Documents/PROJEK/juaravibecoding/app_build/backend/vendor/laravel/framework/src/Illuminate/Http/Middleware/HandleCors.php(62): Illuminate/Pipeline/Pipeline->{closure:{closure:Illuminate/Pipeline/Pipeline::carry():184}:185}(Object(Illuminate/Http/Request))
#49 C:/Users/Dicky/Documents/PROJEK/juaravibecoding/app_build/backend/vendor/laravel/framework/src/Illuminate/Pipeline/Pipeline.php(209): Illuminate/Http/Middleware/HandleCors->handle(Object(Illuminate/Http/Request), Object(Closure))
#50 C:/Users/Dicky/Documents/PROJEK/juaravibecoding/app_build/backend/vendor/laravel/framework/src/Illuminate/Http/Middleware/TrustProxies.php(58): Illuminate/Pipeline/Pipeline->{closure:{closure:Illuminate/Pipeline/Pipeline::carry():184}:185}(Object(Illuminate/Http/Request))
#51 C:/Users/Dicky/Documents/PROJEK/juaravibecoding/app_build/backend/vendor/laravel/framework/src/Illuminate/Pipeline/Pipeline.php(209): Illuminate/Http/Middleware/TrustProxies->handle(Object(Illuminate/Http/Request), Object(Closure))
#52 C:/Users/Dicky/Documents/PROJEK/juaravibecoding/app_build/backend/vendor/laravel/framework/src/Illuminate/Foundation/Http/Middleware/InvokeDeferredCallbacks.php(22): Illuminate/Pipeline/Pipeline->{closure:{closure:Illuminate/Pipeline/Pipeline::carry():184}:185}(Object(Illuminate/Http/Request))
#53 C:/Users/Dicky/Documents/PROJEK/juaravibecoding/app_build/backend/vendor/laravel/framework/src/Illuminate/Pipeline/Pipeline.php(209): Illuminate/Foundation/Http/Middleware/InvokeDeferredCallbacks->handle(Object(Illuminate/Http/Request), Object(Closure))
#54 C:/Users/Dicky/Documents/PROJEK/juaravibecoding/app_build/backend/vendor/laravel/framework/src/Illuminate/Pipeline/Pipeline.php(127): Illuminate/Pipeline/Pipeline->{closure:{closure:Illuminate/Pipeline/Pipeline::carry():184}:185}(Object(Illuminate/Http/Request))
#55 C:/Users/Dicky/Documents/PROJEK/juaravibecoding/app_build/backend/vendor/laravel/framework/src/Illuminate/Foundation/Http/Kernel.php(176): Illuminate/Pipeline/Pipeline->then(Object(Closure))
#56 C:/Users/Dicky/Documents/PROJEK/juaravibecoding/app_build/backend/vendor/laravel/framework/src/Illuminate/Foundation/Http/Kernel.php(145): Illuminate/Foundation/Http/Kernel->sendRequestThroughRouter(Object(Illuminate/Http/Request))
#57 C:/Users/Dicky/Documents/PROJEK/juaravibecoding/app_build/backend/vendor/laravel/framework/src/Illuminate/Foundation/Application.php(1220): Illuminate/Foundation/Http/Kernel->handle(Object(Illuminate/Http/Request))
#58 C:/Users/Dicky/Documents/PROJEK/juaravibecoding/app_build/backend/public/index.php(17): Illuminate/Foundation/Application->handleRequest(Object(Illuminate/Http/Request))
#59 {main}

[previous exception] [object] (PDOException(code: HY000): SQLSTATE[HY000]: General error: 1 no such table: jobs at C:/Users/Dicky/Documents/PROJEK/juaravibecoding/app_build/backend/vendor/laravel/framework/src/Illuminate/Database/Connection.php:565)
[stacktrace]
#0 C:/Users/Dicky/Documents/PROJEK/juaravibecoding/app_build/backend/vendor/laravel/framework/src/Illuminate/Database/Connection.php(565): PDO->prepare('insert into \"jo...')
#1 C:/Users/Dicky/Documents/PROJEK/juaravibecoding/app_build/backend/vendor/laravel/framework/src/Illuminate/Database/Connection.php(812): Illuminate/Database/Connection->{closure:Illuminate/Database/Connection::statement():560}('insert into \"jo...', Array)
#2 C:/Users/Dicky/Documents/PROJEK/juaravibecoding/app_build/backend/vendor/laravel/framework/src/Illuminate/Database/Connection.php(779): Illuminate/Database/Connection->runQueryCallback('insert into \"jo...', Array, Object(Closure))
#3 C:/Users/Dicky/Documents/PROJEK/juaravibecoding/app_build/backend/vendor/laravel/framework/src/Illuminate/Database/Connection.php(560): Illuminate/Database/Connection->run('insert into \"jo...', Array, Object(Closure))
#4 C:/Users/Dicky/Documents/PROJEK/juaravibecoding/app_build/backend/vendor/laravel/framework/src/Illuminate/Database/Connection.php(524): Illuminate/Database/Connection->statement('insert into \"jo...', Array)
#5 C:/Users/Dicky/Documents/PROJEK/juaravibecoding/app_build/backend/vendor/laravel/framework/src/Illuminate/Database/Query/Processors/Processor.php(32): Illuminate/Database/Connection->insert('insert into \"jo...', Array)
#6 C:/Users/Dicky/Documents/PROJEK/juaravibecoding/app_build/backend/vendor/laravel/framework/src/Illuminate/Database/Query/Builder.php(3766): Illuminate/Database/Query/Processors/Processor->processInsertGetId(Object(Illuminate/Database/Query/Builder), 'insert into \"jo...', Array, NULL)
#7 C:/Users/Dicky/Documents/PROJEK/juaravibecoding/app_build/backend/vendor/laravel/framework/src/Illuminate/Queue/DatabaseQueue.php(188): Illuminate/Database/Query/Builder->insertGetId(Array)
#8 C:/Users/Dicky/Documents/PROJEK/juaravibecoding/app_build/backend/vendor/laravel/framework/src/Illuminate/Queue/DatabaseQueue.php(99): Illuminate/Queue/DatabaseQueue->pushToDatabase(NULL, '{\"uuid\":\"5d051c...')
#9 C:/Users/Dicky/Documents/PROJEK/juaravibecoding/app_build/backend/vendor/laravel/framework/src/Illuminate/Queue/Queue.php(338): Illuminate/Queue/DatabaseQueue->{closure:Illuminate/Queue/DatabaseQueue::push():98}('{\"uuid\":\"5d051c...', NULL, NULL)
#10 C:/Users/Dicky/Documents/PROJEK/juaravibecoding/app_build/backend/vendor/laravel/framework/src/Illuminate/Queue/DatabaseQueue.php(93): Illuminate/Queue/Queue->enqueueUsing(Object(App/Jobs/ProcessReceiptOCR), '{\"uuid\":\"5d051c...', NULL, NULL, Object(Closure))
#11 C:/Users/Dicky/Documents/PROJEK/juaravibecoding/app_build/backend/vendor/laravel/framework/src/Illuminate/Bus/Dispatcher.php(244): Illuminate/Queue/DatabaseQueue->push(Object(App/Jobs/ProcessReceiptOCR), '', NULL)
#12 C:/Users/Dicky/Documents/PROJEK/juaravibecoding/app_build/backend/vendor/laravel/framework/src/Illuminate/Bus/Dispatcher.php(228): Illuminate/Bus/Dispatcher->pushCommandToQueue(Object(Illuminate/Queue/DatabaseQueue), Object(App/Jobs/ProcessReceiptOCR))
#13 C:/Users/Dicky/Documents/PROJEK/juaravibecoding/app_build/backend/vendor/laravel/framework/src/Illuminate/Bus/Dispatcher.php(77): Illuminate/Bus/Dispatcher->dispatchToQueue(Object(App/Jobs/ProcessReceiptOCR))
#14 C:/Users/Dicky/Documents/PROJEK/juaravibecoding/app_build/backend/vendor/laravel/framework/src/Illuminate/Foundation/Bus/PendingDispatch.php(222): Illuminate/Bus/Dispatcher->dispatch(Object(App/Jobs/ProcessReceiptOCR))
#15 C:/Users/Dicky/Documents/PROJEK/juaravibecoding/app_build/backend/vendor/laravel/framework/src/Illuminate/Foundation/Bus/Dispatchable.php(19): Illuminate/Foundation/Bus/PendingDispatch->__destruct()
#16 C:/Users/Dicky/Documents/PROJEK/juaravibecoding/app_build/backend/app/Http/Controllers/InventoryController.php(60): App/Jobs/ProcessReceiptOCR::dispatch(1, 'receipts/EJa0j8...')
#17 C:/Users/Dicky/Documents/PROJEK/juaravibecoding/app_build/backend/vendor/laravel/framework/src/Illuminate/Routing/ControllerDispatcher.php(47): App/Http/Controllers/InventoryController->scan(Object(Illuminate/Http/Request))
#18 C:/Users/Dicky/Documents/PROJEK/juaravibecoding/app_build/backend/vendor/laravel/framework/src/Illuminate/Routing/Route.php(266): Illuminate/Routing/ControllerDispatcher->dispatch(Object(Illuminate/Routing/Route), Object(App/Http/Controllers/InventoryController), 'scan')
#19 C:/Users/Dicky/Documents/PROJEK/juaravibecoding/app_build/backend/vendor/laravel/framework/src/Illuminate/Routing/Route.php(212): Illuminate/Routing/Route->runController()
#20 C:/Users/Dicky/Documents/PROJEK/juaravibecoding/app_build/backend/vendor/laravel/framework/src/Illuminate/Routing/Router.php(808): Illuminate/Routing/Route->run()
#21 C:/Users/Dicky/Documents/PROJEK/juaravibecoding/app_build/backend/vendor/laravel/framework/src/Illuminate/Pipeline/Pipeline.php(170): Illuminate/Routing/Router->{closure:Illuminate/Routing/Router::runRouteWithinStack():807}(Object(Illuminate/Http/Request))
#22 C:/Users/Dicky/Documents/PROJEK/juaravibecoding/app_build/backend/app/Http/Middleware/PrivacyFilterMiddleware.php(44): Illuminate/Pipeline/Pipeline->{closure:Illuminate/Pipeline/Pipeline::prepareDestination():168}(Object(Illuminate/Http/Request))
#23 C:/Users/Dicky/Documents/PROJEK/juaravibecoding/app_build/backend/vendor/laravel/framework/src/Illuminate/Pipeline/Pipeline.php(209): App/Http/Middleware/PrivacyFilterMiddleware->handle(Object(Illuminate/Http/Request), Object(Closure))
#24 C:/Users/Dicky/Documents/PROJEK/juaravibecoding/app_build/backend/vendor/laravel/framework/src/Illuminate/Routing/Middleware/SubstituteBindings.php(51): Illuminate/Pipeline/Pipeline->{closure:{closure:Illuminate/Pipeline/Pipeline::carry():184}:185}(Object(Illuminate/Http/Request))
#25 C:/Users/Dicky/Documents/PROJEK/juaravibecoding/app_build/backend/vendor/laravel/framework/src/Illuminate/Pipeline/Pipeline.php(209): Illuminate/Routing/Middleware/SubstituteBindings->handle(Object(Illuminate/Http/Request), Object(Closure))
#26 C:/Users/Dicky/Documents/PROJEK/juaravibecoding/app_build/backend/vendor/laravel/framework/src/Illuminate/Auth/Middleware/Authenticate.php(64): Illuminate/Pipeline/Pipeline->{closure:{closure:Illuminate/Pipeline/Pipeline::carry():184}:185}(Object(Illuminate/Http/Request))
#27 C:/Users/Dicky/Documents/PROJEK/juaravibecoding/app_build/backend/vendor/laravel/framework/src/Illuminate/Pipeline/Pipeline.php(209): Illuminate/Auth/Middleware/Authenticate->handle(Object(Illuminate/Http/Request), Object(Closure), 'sanctum')
#28 C:/Users/Dicky/Documents/PROJEK/juaravibecoding/app_build/backend/vendor/laravel/sanctum/src/Http/Middleware/EnsureFrontendRequestsAreStateful.php(26): Illuminate/Pipeline/Pipeline->{closure:{closure:Illuminate/Pipeline/Pipeline::carry():184}:185}(Object(Illuminate/Http/Request))
#29 C:/Users/Dicky/Documents/PROJEK/juaravibecoding/app_build/backend/vendor/laravel/framework/src/Illuminate/Pipeline/Pipeline.php(170): Laravel/Sanctum/Http/Middleware/EnsureFrontendRequestsAreStateful->{closure:Laravel/Sanctum/Http/Middleware/EnsureFrontendRequestsAreStateful::handle():25}(Object(Illuminate/Http/Request))
#30 C:/Users/Dicky/Documents/PROJEK/juaravibecoding/app_build/backend/vendor/laravel/framework/src/Illuminate/Pipeline/Pipeline.php(127): Illuminate/Pipeline/Pipeline->{closure:Illuminate/Pipeline/Pipeline::prepareDestination():168}(Object(Illuminate/Http/Request))
#31 C:/Users/Dicky/Documents/PROJEK/juaravibecoding/app_build/backend/vendor/laravel/sanctum/src/Http/Middleware/EnsureFrontendRequestsAreStateful.php(25): Illuminate/Pipeline/Pipeline->then(Object(Closure))
#32 C:/Users/Dicky/Documents/PROJEK/juaravibecoding/app_build/backend/vendor/laravel/framework/src/Illuminate/Pipeline/Pipeline.php(209): Laravel/Sanctum/Http/Middleware/EnsureFrontendRequestsAreStateful->handle(Object(Illuminate/Http/Request), Object(Closure))
#33 C:/Users/Dicky/Documents/PROJEK/juaravibecoding/app_build/backend/vendor/laravel/framework/src/Illuminate/Pipeline/Pipeline.php(127): Illuminate/Pipeline/Pipeline->{closure:{closure:Illuminate/Pipeline/Pipeline::carry():184}:185}(Object(Illuminate/Http/Request))
#34 C:/Users/Dicky/Documents/PROJEK/juaravibecoding/app_build/backend/vendor/laravel/framework/src/Illuminate/Routing/Router.php(807): Illuminate/Pipeline/Pipeline->then(Object(Closure))
#35 C:/Users/Dicky/Documents/PROJEK/juaravibecoding/app_build/backend/vendor/laravel/framework/src/Illuminate/Routing/Router.php(786): Illuminate/Routing/Router->runRouteWithinStack(Object(Illuminate/Routing/Route), Object(Illuminate/Http/Request))
#36 C:/Users/Dicky/Documents/PROJEK/juaravibecoding/app_build/backend/vendor/laravel/framework/src/Illuminate/Routing/Router.php(750): Illuminate/Routing/Router->runRoute(Object(Illuminate/Http/Request), Object(Illuminate/Routing/Route))
#37 C:/Users/Dicky/Documents/PROJEK/juaravibecoding/app_build/backend/vendor/laravel/framework/src/Illuminate/Routing/Router.php(739): Illuminate/Routing/Router->dispatchToRoute(Object(Illuminate/Http/Request))
#38 C:/Users/Dicky/Documents/PROJEK/juaravibecoding/app_build/backend/vendor/laravel/framework/src/Illuminate/Foundation/Http/Kernel.php(201): Illuminate/Routing/Router->dispatch(Object(Illuminate/Http/Request))
#39 C:/Users/Dicky/Documents/PROJEK/juaravibecoding/app_build/backend/vendor/laravel/framework/src/Illuminate/Pipeline/Pipeline.php(170): Illuminate/Foundation/Http/Kernel->{closure:Illuminate/Foundation/Http/Kernel::dispatchToRouter():198}(Object(Illuminate/Http/Request))
#40 C:/Users/Dicky/Documents/PROJEK/juaravibecoding/app_build/backend/vendor/laravel/framework/src/Illuminate/Foundation/Http/Middleware/TransformsRequest.php(21): Illuminate/Pipeline/Pipeline->{closure:Illuminate/Pipeline/Pipeline::prepareDestination():168}(Object(Illuminate/Http/Request))
#41 C:/Users/Dicky/Documents/PROJEK/juaravibecoding/app_build/backend/vendor/laravel/framework/src/Illuminate/Foundation/Http/Middleware/ConvertEmptyStringsToNull.php(31): Illuminate/Foundation/Http/Middleware/TransformsRequest->handle(Object(Illuminate/Http/Request), Object(Closure))
#42 C:/Users/Dicky/Documents/PROJEK/juaravibecoding/app_build/backend/vendor/laravel/framework/src/Illuminate/Pipeline/Pipeline.php(209): Illuminate/Foundation/Http/Middleware/ConvertEmptyStringsToNull->handle(Object(Illuminate/Http/Request), Object(Closure))
#43 C:/Users/Dicky/Documents/PROJEK/juaravibecoding/app_build/backend/vendor/laravel/framework/src/Illuminate/Foundation/Http/Middleware/TransformsRequest.php(21): Illuminate/Pipeline/Pipeline->{closure:{closure:Illuminate/Pipeline/Pipeline::carry():184}:185}(Object(Illuminate/Http/Request))
#44 C:/Users/Dicky/Documents/PROJEK/juaravibecoding/app_build/backend/vendor/laravel/framework/src/Illuminate/Foundation/Http/Middleware/TrimStrings.php(51): Illuminate/Foundation/Http/Middleware/TransformsRequest->handle(Object(Illuminate/Http/Request), Object(Closure))
#45 C:/Users/Dicky/Documents/PROJEK/juaravibecoding/app_build/backend/vendor/laravel/framework/src/Illuminate/Pipeline/Pipeline.php(209): Illuminate/Foundation/Http/Middleware/TrimStrings->handle(Object(Illuminate/Http/Request), Object(Closure))
#46 C:/Users/Dicky/Documents/PROJEK/juaravibecoding/app_build/backend/vendor/laravel/framework/src/Illuminate/Http/Middleware/ValidatePostSize.php(27): Illuminate/Pipeline/Pipeline->{closure:{closure:Illuminate/Pipeline/Pipeline::carry():184}:185}(Object(Illuminate/Http/Request))
#47 C:/Users/Dicky/Documents/PROJEK/juaravibecoding/app_build/backend/vendor/laravel/framework/src/Illuminate/Pipeline/Pipeline.php(209): Illuminate/Http/Middleware/ValidatePostSize->handle(Object(Illuminate/Http/Request), Object(Closure))
#48 C:/Users/Dicky/Documents/PROJEK/juaravibecoding/app_build/backend/vendor/laravel/framework/src/Illuminate/Foundation/Http/Middleware/PreventRequestsDuringMaintenance.php(110): Illuminate/Pipeline/Pipeline->{closure:{closure:Illuminate/Pipeline/Pipeline::carry():184}:185}(Object(Illuminate/Http/Request))
#49 C:/Users/Dicky/Documents/PROJEK/juaravibecoding/app_build/backend/vendor/laravel/framework/src/Illuminate/Pipeline/Pipeline.php(209): Illuminate/Foundation/Http/Middleware/PreventRequestsDuringMaintenance->handle(Object(Illuminate/Http/Request), Object(Closure))
#50 C:/Users/Dicky/Documents/PROJEK/juaravibecoding/app_build/backend/vendor/laravel/framework/src/Illuminate/Http/Middleware/HandleCors.php(62): Illuminate/Pipeline/Pipeline->{closure:{closure:Illuminate/Pipeline/Pipeline::carry():184}:185}(Object(Illuminate/Http/Request))
#51 C:/Users/Dicky/Documents/PROJEK/juaravibecoding/app_build/backend/vendor/laravel/framework/src/Illuminate/Pipeline/Pipeline.php(209): Illuminate/Http/Middleware/HandleCors->handle(Object(Illuminate/Http/Request), Object(Closure))
#52 C:/Users/Dicky/Documents/PROJEK/juaravibecoding/app_build/backend/vendor/laravel/framework/src/Illuminate/Http/Middleware/TrustProxies.php(58): Illuminate/Pipeline/Pipeline->{closure:{closure:Illuminate/Pipeline/Pipeline::carry():184}:185}(Object(Illuminate/Http/Request))
#53 C:/Users/Dicky/Documents/PROJEK/juaravibecoding/app_build/backend/vendor/laravel/framework/src/Illuminate/Pipeline/Pipeline.php(209): Illuminate/Http/Middleware/TrustProxies->handle(Object(Illuminate/Http/Request), Object(Closure))
#54 C:/Users/Dicky/Documents/PROJEK/juaravibecoding/app_build/backend/vendor/laravel/framework/src/Illuminate/Foundation/Http/Middleware/InvokeDeferredCallbacks.php(22): Illuminate/Pipeline/Pipeline->{closure:{closure:Illuminate/Pipeline/Pipeline::carry():184}:185}(Object(Illuminate/Http/Request))
#55 C:/Users/Dicky/Documents/PROJEK/juaravibecoding/app_build/backend/vendor/laravel/framework/src/Illuminate/Pipeline/Pipeline.php(209): Illuminate/Foundation/Http/Middleware/InvokeDeferredCallbacks->handle(Object(Illuminate/Http/Request), Object(Closure))
#56 C:/Users/Dicky/Documents/PROJEK/juaravibecoding/app_build/backend/vendor/laravel/framework/src/Illuminate/Pipeline/Pipeline.php(127): Illuminate/Pipeline/Pipeline->{closure:{closure:Illuminate/Pipeline/Pipeline::carry():184}:185}(Object(Illuminate/Http/Request))
#57 C:/Users/Dicky/Documents/PROJEK/juaravibecoding/app_build/backend/vendor/laravel/framework/src/Illuminate/Foundation/Http/Kernel.php(176): Illuminate/Pipeline/Pipeline->then(Object(Closure))
#58 C:/Users/Dicky/Documents/PROJEK/juaravibecoding/app_build/backend/vendor/laravel/framework/src/Illuminate/Foundation/Http/Kernel.php(145): Illuminate/Foundation/Http/Kernel->sendRequestThroughRouter(Object(Illuminate/Http/Request))
#59 C:/Users/Dicky/Documents/PROJEK/juaravibecoding/app_build/backend/vendor/laravel/framework/src/Illuminate/Foundation/Application.php(1220): Illuminate/Foundation/Http/Kernel->handle(Object(Illuminate/Http/Request))
#60 C:/Users/Dicky/Documents/PROJEK/juaravibecoding/app_build/backend/public/index.php(17): Illuminate/Foundation/Application->handleRequest(Object(Illuminate/Http/Request))
#61 {main}
"} 
[2026-05-28 11:03:03] local.ERROR: SQLSTATE[HY000]: General error: 1 no such function: FIELD (Connection: sqlite, SQL: select "id", "product_name", "quantity", "unit", "urgency_status", "expiration_date" from "food_items" where "user_id" = 1 order by FIELD(urgency_status, 'red', 'yellow', 'green')) {"userId":1,"exception":"[object] (Illuminate\\Database\\QueryException(code: HY000): SQLSTATE[HY000]: General error: 1 no such function: FIELD (Connection: sqlite, SQL: select \"id\", \"product_name\", \"quantity\", \"unit\", \"urgency_status\", \"expiration_date\" from \"food_items\" where \"user_id\" = 1 order by FIELD(urgency_status, 'red', 'yellow', 'green')) at C:/Users/Dicky/Documents/PROJEK/juaravibecoding/app_build/backend/vendor/laravel/framework/src/Illuminate/Database/Connection.php:825)
[stacktrace]
#0 C:/Users/Dicky/Documents/PROJEK/juaravibecoding/app_build/backend/vendor/laravel/framework/src/Illuminate/Database/Connection.php(779): Illuminate/Database/Connection->runQueryCallback('select \"id\", \"p...', Array, Object(Closure))
#1 C:/Users/Dicky/Documents/PROJEK/juaravibecoding/app_build/backend/vendor/laravel/framework/src/Illuminate/Database/Connection.php(398): Illuminate/Database/Connection->run('select \"id\", \"p...', Array, Object(Closure))
#2 C:/Users/Dicky/Documents/PROJEK/juaravibecoding/app_build/backend/vendor/laravel/framework/src/Illuminate/Database/Query/Builder.php(3106): Illuminate/Database/Connection->select('select \"id\", \"p...', Array, true)
#3 C:/Users/Dicky/Documents/PROJEK/juaravibecoding/app_build/backend/vendor/laravel/framework/src/Illuminate/Database/Query/Builder.php(3091): Illuminate/Database/Query/Builder->runSelect()
#4 C:/Users/Dicky/Documents/PROJEK/juaravibecoding/app_build/backend/vendor/laravel/framework/src/Illuminate/Database/Query/Builder.php(3676): Illuminate/Database/Query/Builder->{closure:Illuminate/Database/Query/Builder::get():3090}()
#5 C:/Users/Dicky/Documents/PROJEK/juaravibecoding/app_build/backend/vendor/laravel/framework/src/Illuminate/Database/Query/Builder.php(3090): Illuminate/Database/Query/Builder->onceWithColumns(Array, Object(Closure))
#6 C:/Users/Dicky/Documents/PROJEK/juaravibecoding/app_build/backend/vendor/laravel/framework/src/Illuminate/Database/Eloquent/Builder.php(811): Illuminate/Database/Query/Builder->get(Array)
#7 C:/Users/Dicky/Documents/PROJEK/juaravibecoding/app_build/backend/vendor/laravel/framework/src/Illuminate/Database/Eloquent/Builder.php(793): Illuminate/Database/Eloquent/Builder->getModels(Array)
#8 C:/Users/Dicky/Documents/PROJEK/juaravibecoding/app_build/backend/app/Http/Controllers/InventoryController.php(37): Illuminate/Database/Eloquent/Builder->get()
#9 C:/Users/Dicky/Documents/PROJEK/juaravibecoding/app_build/backend/vendor/laravel/framework/src/Illuminate/Routing/ControllerDispatcher.php(47): App/Http/Controllers/InventoryController->fridgeCheck(Object(Illuminate/Http/Request))
#10 C:/Users/Dicky/Documents/PROJEK/juaravibecoding/app_build/backend/vendor/laravel/framework/src/Illuminate/Routing/Route.php(266): Illuminate/Routing/ControllerDispatcher->dispatch(Object(Illuminate/Routing/Route), Object(App/Http/Controllers/InventoryController), 'fridgeCheck')
#11 C:/Users/Dicky/Documents/PROJEK/juaravibecoding/app_build/backend/vendor/laravel/framework/src/Illuminate/Routing/Route.php(212): Illuminate/Routing/Route->runController()
#12 C:/Users/Dicky/Documents/PROJEK/juaravibecoding/app_build/backend/vendor/laravel/framework/src/Illuminate/Routing/Router.php(808): Illuminate/Routing/Route->run()
#13 C:/Users/Dicky/Documents/PROJEK/juaravibecoding/app_build/backend/vendor/laravel/framework/src/Illuminate/Pipeline/Pipeline.php(170): Illuminate/Routing/Router->{closure:Illuminate/Routing/Router::runRouteWithinStack():807}(Object(Illuminate/Http/Request))
#14 C:/Users/Dicky/Documents/PROJEK/juaravibecoding/app_build/backend/vendor/laravel/framework/src/Illuminate/Routing/Middleware/SubstituteBindings.php(51): Illuminate/Pipeline/Pipeline->{closure:Illuminate/Pipeline/Pipeline::prepareDestination():168}(Object(Illuminate/Http/Request))
#15 C:/Users/Dicky/Documents/PROJEK/juaravibecoding/app_build/backend/vendor/laravel/framework/src/Illuminate/Pipeline/Pipeline.php(209): Illuminate/Routing/Middleware/SubstituteBindings->handle(Object(Illuminate/Http/Request), Object(Closure))
#16 C:/Users/Dicky/Documents/PROJEK/juaravibecoding/app_build/backend/vendor/laravel/framework/src/Illuminate/Auth/Middleware/Authenticate.php(64): Illuminate/Pipeline/Pipeline->{closure:{closure:Illuminate/Pipeline/Pipeline::carry():184}:185}(Object(Illuminate/Http/Request))
#17 C:/Users/Dicky/Documents/PROJEK/juaravibecoding/app_build/backend/vendor/laravel/framework/src/Illuminate/Pipeline/Pipeline.php(209): Illuminate/Auth/Middleware/Authenticate->handle(Object(Illuminate/Http/Request), Object(Closure), 'sanctum')
#18 C:/Users/Dicky/Documents/PROJEK/juaravibecoding/app_build/backend/vendor/laravel/sanctum/src/Http/Middleware/EnsureFrontendRequestsAreStateful.php(26): Illuminate/Pipeline/Pipeline->{closure:{closure:Illuminate/Pipeline/Pipeline::carry():184}:185}(Object(Illuminate/Http/Request))
#19 C:/Users/Dicky/Documents/PROJEK/juaravibecoding/app_build/backend/vendor/laravel/framework/src/Illuminate/Pipeline/Pipeline.php(170): Laravel/Sanctum/Http/Middleware/EnsureFrontendRequestsAreStateful->{closure:Laravel/Sanctum/Http/Middleware/EnsureFrontendRequestsAreStateful::handle():25}(Object(Illuminate/Http/Request))
#20 C:/Users/Dicky/Documents/PROJEK/juaravibecoding/app_build/backend/vendor/laravel/framework/src/Illuminate/Pipeline/Pipeline.php(127): Illuminate/Pipeline/Pipeline->{closure:Illuminate/Pipeline/Pipeline::prepareDestination():168}(Object(Illuminate/Http/Request))
#21 C:/Users/Dicky/Documents/PROJEK/juaravibecoding/app_build/backend/vendor/laravel/sanctum/src/Http/Middleware/EnsureFrontendRequestsAreStateful.php(25): Illuminate/Pipeline/Pipeline->then(Object(Closure))
#22 C:/Users/Dicky/Documents/PROJEK/juaravibecoding/app_build/backend/vendor/laravel/framework/src/Illuminate/Pipeline/Pipeline.php(209): Laravel/Sanctum/Http/Middleware/EnsureFrontendRequestsAreStateful->handle(Object(Illuminate/Http/Request), Object(Closure))
#23 C:/Users/Dicky/Documents/PROJEK/juaravibecoding/app_build/backend/vendor/laravel/framework/src/Illuminate/Pipeline/Pipeline.php(127): Illuminate/Pipeline/Pipeline->{closure:{closure:Illuminate/Pipeline/Pipeline::carry():184}:185}(Object(Illuminate/Http/Request))
#24 C:/Users/Dicky/Documents/PROJEK/juaravibecoding/app_build/backend/vendor/laravel/framework/src/Illuminate/Routing/Router.php(807): Illuminate/Pipeline/Pipeline->then(Object(Closure))
#25 C:/Users/Dicky/Documents/PROJEK/juaravibecoding/app_build/backend/vendor/laravel/framework/src/Illuminate/Routing/Router.php(786): Illuminate/Routing/Router->runRouteWithinStack(Object(Illuminate/Routing/Route), Object(Illuminate/Http/Request))
#26 C:/Users/Dicky/Documents/PROJEK/juaravibecoding/app_build/backend/vendor/laravel/framework/src/Illuminate/Routing/Router.php(750): Illuminate/Routing/Router->runRoute(Object(Illuminate/Http/Request), Object(Illuminate/Routing/Route))
#27 C:/Users/Dicky/Documents/PROJEK/juaravibecoding/app_build/backend/vendor/laravel/framework/src/Illuminate/Routing/Router.php(739): Illuminate/Routing/Router->dispatchToRoute(Object(Illuminate/Http/Request))
#28 C:/Users/Dicky/Documents/PROJEK/juaravibecoding/app_build/backend/vendor/laravel/framework/src/Illuminate/Foundation/Http/Kernel.php(201): Illuminate/Routing/Router->dispatch(Object(Illuminate/Http/Request))
#29 C:/Users/Dicky/Documents/PROJEK/juaravibecoding/app_build/backend/vendor/laravel/framework/src/Illuminate/Pipeline/Pipeline.php(170): Illuminate/Foundation/Http/Kernel->{closure:Illuminate/Foundation/Http/Kernel::dispatchToRouter():198}(Object(Illuminate/Http/Request))
#30 C:/Users/Dicky/Documents/PROJEK/juaravibecoding/app_build/backend/vendor/laravel/framework/src/Illuminate/Foundation/Http/Middleware/TransformsRequest.php(21): Illuminate/Pipeline/Pipeline->{closure:Illuminate/Pipeline/Pipeline::prepareDestination():168}(Object(Illuminate/Http/Request))
#31 C:/Users/Dicky/Documents/PROJEK/juaravibecoding/app_build/backend/vendor/laravel/framework/src/Illuminate/Foundation/Http/Middleware/ConvertEmptyStringsToNull.php(31): Illuminate/Foundation/Http/Middleware/TransformsRequest->handle(Object(Illuminate/Http/Request), Object(Closure))
#32 C:/Users/Dicky/Documents/PROJEK/juaravibecoding/app_build/backend/vendor/laravel/framework/src/Illuminate/Pipeline/Pipeline.php(209): Illuminate/Foundation/Http/Middleware/ConvertEmptyStringsToNull->handle(Object(Illuminate/Http/Request), Object(Closure))
#33 C:/Users/Dicky/Documents/PROJEK/juaravibecoding/app_build/backend/vendor/laravel/framework/src/Illuminate/Foundation/Http/Middleware/TransformsRequest.php(21): Illuminate/Pipeline/Pipeline->{closure:{closure:Illuminate/Pipeline/Pipeline::carry():184}:185}(Object(Illuminate/Http/Request))
#34 C:/Users/Dicky/Documents/PROJEK/juaravibecoding/app_build/backend/vendor/laravel/framework/src/Illuminate/Foundation/Http/Middleware/TrimStrings.php(51): Illuminate/Foundation/Http/Middleware/TransformsRequest->handle(Object(Illuminate/Http/Request), Object(Closure))
#35 C:/Users/Dicky/Documents/PROJEK/juaravibecoding/app_build/backend/vendor/laravel/framework/src/Illuminate/Pipeline/Pipeline.php(209): Illuminate/Foundation/Http/Middleware/TrimStrings->handle(Object(Illuminate/Http/Request), Object(Closure))
#36 C:/Users/Dicky/Documents/PROJEK/juaravibecoding/app_build/backend/vendor/laravel/framework/src/Illuminate/Http/Middleware/ValidatePostSize.php(27): Illuminate/Pipeline/Pipeline->{closure:{closure:Illuminate/Pipeline/Pipeline::carry():184}:185}(Object(Illuminate/Http/Request))
#37 C:/Users/Dicky/Documents/PROJEK/juaravibecoding/app_build/backend/vendor/laravel/framework/src/Illuminate/Pipeline/Pipeline.php(209): Illuminate/Http/Middleware/ValidatePostSize->handle(Object(Illuminate/Http/Request), Object(Closure))
#38 C:/Users/Dicky/Documents/PROJEK/juaravibecoding/app_build/backend/vendor/laravel/framework/src/Illuminate/Foundation/Http/Middleware/PreventRequestsDuringMaintenance.php(110): Illuminate/Pipeline/Pipeline->{closure:{closure:Illuminate/Pipeline/Pipeline::carry():184}:185}(Object(Illuminate/Http/Request))
#39 C:/Users/Dicky/Documents/PROJEK/juaravibecoding/app_build/backend/vendor/laravel/framework/src/Illuminate/Pipeline/Pipeline.php(209): Illuminate/Foundation/Http/Middleware/PreventRequestsDuringMaintenance->handle(Object(Illuminate/Http/Request), Object(Closure))
#40 C:/Users/Dicky/Documents/PROJEK/juaravibecoding/app_build/backend/vendor/laravel/framework/src/Illuminate/Http/Middleware/HandleCors.php(62): Illuminate/Pipeline/Pipeline->{closure:{closure:Illuminate/Pipeline/Pipeline::carry():184}:185}(Object(Illuminate/Http/Request))
#41 C:/Users/Dicky/Documents/PROJEK/juaravibecoding/app_build/backend/vendor/laravel/framework/src/Illuminate/Pipeline/Pipeline.php(209): Illuminate/Http/Middleware/HandleCors->handle(Object(Illuminate/Http/Request), Object(Closure))
#42 C:/Users/Dicky/Documents/PROJEK/juaravibecoding/app_build/backend/vendor/laravel/framework/src/Illuminate/Http/Middleware/TrustProxies.php(58): Illuminate/Pipeline/Pipeline->{closure:{closure:Illuminate/Pipeline/Pipeline::carry():184}:185}(Object(Illuminate/Http/Request))
#43 C:/Users/Dicky/Documents/PROJEK/juaravibecoding/app_build/backend/vendor/laravel/framework/src/Illuminate/Pipeline/Pipeline.php(209): Illuminate/Http/Middleware/TrustProxies->handle(Object(Illuminate/Http/Request), Object(Closure))
#44 C:/Users/Dicky/Documents/PROJEK/juaravibecoding/app_build/backend/vendor/laravel/framework/src/Illuminate/Foundation/Http/Middleware/InvokeDeferredCallbacks.php(22): Illuminate/Pipeline/Pipeline->{closure:{closure:Illuminate/Pipeline/Pipeline::carry():184}:185}(Object(Illuminate/Http/Request))
#45 C:/Users/Dicky/Documents/PROJEK/juaravibecoding/app_build/backend/vendor/laravel/framework/src/Illuminate/Pipeline/Pipeline.php(209): Illuminate/Foundation/Http/Middleware/InvokeDeferredCallbacks->handle(Object(Illuminate/Http/Request), Object(Closure))
#46 C:/Users/Dicky/Documents/PROJEK/juaravibecoding/app_build/backend/vendor/laravel/framework/src/Illuminate/Pipeline/Pipeline.php(127): Illuminate/Pipeline/Pipeline->{closure:{closure:Illuminate/Pipeline/Pipeline::carry():184}:185}(Object(Illuminate/Http/Request))
#47 C:/Users/Dicky/Documents/PROJEK/juaravibecoding/app_build/backend/vendor/laravel/framework/src/Illuminate/Foundation/Http/Kernel.php(176): Illuminate/Pipeline/Pipeline->then(Object(Closure))
#48 C:/Users/Dicky/Documents/PROJEK/juaravibecoding/app_build/backend/vendor/laravel/framework/src/Illuminate/Foundation/Http/Kernel.php(145): Illuminate/Foundation/Http/Kernel->sendRequestThroughRouter(Object(Illuminate/Http/Request))
#49 C:/Users/Dicky/Documents/PROJEK/juaravibecoding/app_build/backend/vendor/laravel/framework/src/Illuminate/Foundation/Application.php(1220): Illuminate/Foundation/Http/Kernel->handle(Object(Illuminate/Http/Request))
#50 C:/Users/Dicky/Documents/PROJEK/juaravibecoding/app_build/backend/public/index.php(17): Illuminate/Foundation/Application->handleRequest(Object(Illuminate/Http/Request))
#51 {main}

[previous exception] [object] (PDOException(code: HY000): SQLSTATE[HY000]: General error: 1 no such function: FIELD at C:/Users/Dicky/Documents/PROJEK/juaravibecoding/app_build/backend/vendor/laravel/framework/src/Illuminate/Database/Connection.php:407)
[stacktrace]
#0 C:/Users/Dicky/Documents/PROJEK/juaravibecoding/app_build/backend/vendor/laravel/framework/src/Illuminate/Database/Connection.php(407): PDO->prepare('select \"id\", \"p...')
#1 C:/Users/Dicky/Documents/PROJEK/juaravibecoding/app_build/backend/vendor/laravel/framework/src/Illuminate/Database/Connection.php(812): Illuminate/Database/Connection->{closure:Illuminate/Database/Connection::select():398}('select \"id\", \"p...', Array)
#2 C:/Users/Dicky/Documents/PROJEK/juaravibecoding/app_build/backend/vendor/laravel/framework/src/Illuminate/Database/Connection.php(779): Illuminate/Database/Connection->runQueryCallback('select \"id\", \"p...', Array, Object(Closure))
#3 C:/Users/Dicky/Documents/PROJEK/juaravibecoding/app_build/backend/vendor/laravel/framework/src/Illuminate/Database/Connection.php(398): Illuminate/Database/Connection->run('select \"id\", \"p...', Array, Object(Closure))
#4 C:/Users/Dicky/Documents/PROJEK/juaravibecoding/app_build/backend/vendor/laravel/framework/src/Illuminate/Database/Query/Builder.php(3106): Illuminate/Database/Connection->select('select \"id\", \"p...', Array, true)
#5 C:/Users/Dicky/Documents/PROJEK/juaravibecoding/app_build/backend/vendor/laravel/framework/src/Illuminate/Database/Query/Builder.php(3091): Illuminate/Database/Query/Builder->runSelect()
#6 C:/Users/Dicky/Documents/PROJEK/juaravibecoding/app_build/backend/vendor/laravel/framework/src/Illuminate/Database/Query/Builder.php(3676): Illuminate/Database/Query/Builder->{closure:Illuminate/Database/Query/Builder::get():3090}()
#7 C:/Users/Dicky/Documents/PROJEK/juaravibecoding/app_build/backend/vendor/laravel/framework/src/Illuminate/Database/Query/Builder.php(3090): Illuminate/Database/Query/Builder->onceWithColumns(Array, Object(Closure))
#8 C:/Users/Dicky/Documents/PROJEK/juaravibecoding/app_build/backend/vendor/laravel/framework/src/Illuminate/Database/Eloquent/Builder.php(811): Illuminate/Database/Query/Builder->get(Array)
#9 C:/Users/Dicky/Documents/PROJEK/juaravibecoding/app_build/backend/vendor/laravel/framework/src/Illuminate/Database/Eloquent/Builder.php(793): Illuminate/Database/Eloquent/Builder->getModels(Array)
#10 C:/Users/Dicky/Documents/PROJEK/juaravibecoding/app_build/backend/app/Http/Controllers/InventoryController.php(37): Illuminate/Database/Eloquent/Builder->get()
#11 C:/Users/Dicky/Documents/PROJEK/juaravibecoding/app_build/backend/vendor/laravel/framework/src/Illuminate/Routing/ControllerDispatcher.php(47): App/Http/Controllers/InventoryController->fridgeCheck(Object(Illuminate/Http/Request))
#12 C:/Users/Dicky/Documents/PROJEK/juaravibecoding/app_build/backend/vendor/laravel/framework/src/Illuminate/Routing/Route.php(266): Illuminate/Routing/ControllerDispatcher->dispatch(Object(Illuminate/Routing/Route), Object(App/Http/Controllers/InventoryController), 'fridgeCheck')
#13 C:/Users/Dicky/Documents/PROJEK/juaravibecoding/app_build/backend/vendor/laravel/framework/src/Illuminate/Routing/Route.php(212): Illuminate/Routing/Route->runController()
#14 C:/Users/Dicky/Documents/PROJEK/juaravibecoding/app_build/backend/vendor/laravel/framework/src/Illuminate/Routing/Router.php(808): Illuminate/Routing/Route->run()
#15 C:/Users/Dicky/Documents/PROJEK/juaravibecoding/app_build/backend/vendor/laravel/framework/src/Illuminate/Pipeline/Pipeline.php(170): Illuminate/Routing/Router->{closure:Illuminate/Routing/Router::runRouteWithinStack():807}(Object(Illuminate/Http/Request))
#16 C:/Users/Dicky/Documents/PROJEK/juaravibecoding/app_build/backend/vendor/laravel/framework/src/Illuminate/Routing/Middleware/SubstituteBindings.php(51): Illuminate/Pipeline/Pipeline->{closure:Illuminate/Pipeline/Pipeline::prepareDestination():168}(Object(Illuminate/Http/Request))
#17 C:/Users/Dicky/Documents/PROJEK/juaravibecoding/app_build/backend/vendor/laravel/framework/src/Illuminate/Pipeline/Pipeline.php(209): Illuminate/Routing/Middleware/SubstituteBindings->handle(Object(Illuminate/Http/Request), Object(Closure))
#18 C:/Users/Dicky/Documents/PROJEK/juaravibecoding/app_build/backend/vendor/laravel/framework/src/Illuminate/Auth/Middleware/Authenticate.php(64): Illuminate/Pipeline/Pipeline->{closure:{closure:Illuminate/Pipeline/Pipeline::carry():184}:185}(Object(Illuminate/Http/Request))
#19 C:/Users/Dicky/Documents/PROJEK/juaravibecoding/app_build/backend/vendor/laravel/framework/src/Illuminate/Pipeline/Pipeline.php(209): Illuminate/Auth/Middleware/Authenticate->handle(Object(Illuminate/Http/Request), Object(Closure), 'sanctum')
#20 C:/Users/Dicky/Documents/PROJEK/juaravibecoding/app_build/backend/vendor/laravel/sanctum/src/Http/Middleware/EnsureFrontendRequestsAreStateful.php(26): Illuminate/Pipeline/Pipeline->{closure:{closure:Illuminate/Pipeline/Pipeline::carry():184}:185}(Object(Illuminate/Http/Request))
#21 C:/Users/Dicky/Documents/PROJEK/juaravibecoding/app_build/backend/vendor/laravel/framework/src/Illuminate/Pipeline/Pipeline.php(170): Laravel/Sanctum/Http/Middleware/EnsureFrontendRequestsAreStateful->{closure:Laravel/Sanctum/Http/Middleware/EnsureFrontendRequestsAreStateful::handle():25}(Object(Illuminate/Http/Request))
#22 C:/Users/Dicky/Documents/PROJEK/juaravibecoding/app_build/backend/vendor/laravel/framework/src/Illuminate/Pipeline/Pipeline.php(127): Illuminate/Pipeline/Pipeline->{closure:Illuminate/Pipeline/Pipeline::prepareDestination():168}(Object(Illuminate/Http/Request))
#23 C:/Users/Dicky/Documents/PROJEK/juaravibecoding/app_build/backend/vendor/laravel/sanctum/src/Http/Middleware/EnsureFrontendRequestsAreStateful.php(25): Illuminate/Pipeline/Pipeline->then(Object(Closure))
#24 C:/Users/Dicky/Documents/PROJEK/juaravibecoding/app_build/backend/vendor/laravel/framework/src/Illuminate/Pipeline/Pipeline.php(209): Laravel/Sanctum/Http/Middleware/EnsureFrontendRequestsAreStateful->handle(Object(Illuminate/Http/Request), Object(Closure))
#25 C:/Users/Dicky/Documents/PROJEK/juaravibecoding/app_build/backend/vendor/laravel/framework/src/Illuminate/Pipeline/Pipeline.php(127): Illuminate/Pipeline/Pipeline->{closure:{closure:Illuminate/Pipeline/Pipeline::carry():184}:185}(Object(Illuminate/Http/Request))
#26 C:/Users/Dicky/Documents/PROJEK/juaravibecoding/app_build/backend/vendor/laravel/framework/src/Illuminate/Routing/Router.php(807): Illuminate/Pipeline/Pipeline->then(Object(Closure))
#27 C:/Users/Dicky/Documents/PROJEK/juaravibecoding/app_build/backend/vendor/laravel/framework/src/Illuminate/Routing/Router.php(786): Illuminate/Routing/Router->runRouteWithinStack(Object(Illuminate/Routing/Route), Object(Illuminate/Http/Request))
#28 C:/Users/Dicky/Documents/PROJEK/juaravibecoding/app_build/backend/vendor/laravel/framework/src/Illuminate/Routing/Router.php(750): Illuminate/Routing/Router->runRoute(Object(Illuminate/Http/Request), Object(Illuminate/Routing/Route))
#29 C:/Users/Dicky/Documents/PROJEK/juaravibecoding/app_build/backend/vendor/laravel/framework/src/Illuminate/Routing/Router.php(739): Illuminate/Routing/Router->dispatchToRoute(Object(Illuminate/Http/Request))
#30 C:/Users/Dicky/Documents/PROJEK/juaravibecoding/app_build/backend/vendor/laravel/framework/src/Illuminate/Foundation/Http/Kernel.php(201): Illuminate/Routing/Router->dispatch(Object(Illuminate/Http/Request))
#31 C:/Users/Dicky/Documents/PROJEK/juaravibecoding/app_build/backend/vendor/laravel/framework/src/Illuminate/Pipeline/Pipeline.php(170): Illuminate/Foundation/Http/Kernel->{closure:Illuminate/Foundation/Http/Kernel::dispatchToRouter():198}(Object(Illuminate/Http/Request))
#32 C:/Users/Dicky/Documents/PROJEK/juaravibecoding/app_build/backend/vendor/laravel/framework/src/Illuminate/Foundation/Http/Middleware/TransformsRequest.php(21): Illuminate/Pipeline/Pipeline->{closure:Illuminate/Pipeline/Pipeline::prepareDestination():168}(Object(Illuminate/Http/Request))
#33 C:/Users/Dicky/Documents/PROJEK/juaravibecoding/app_build/backend/vendor/laravel/framework/src/Illuminate/Foundation/Http/Middleware/ConvertEmptyStringsToNull.php(31): Illuminate/Foundation/Http/Middleware/TransformsRequest->handle(Object(Illuminate/Http/Request), Object(Closure))
#34 C:/Users/Dicky/Documents/PROJEK/juaravibecoding/app_build/backend/vendor/laravel/framework/src/Illuminate/Pipeline/Pipeline.php(209): Illuminate/Foundation/Http/Middleware/ConvertEmptyStringsToNull->handle(Object(Illuminate/Http/Request), Object(Closure))
#35 C:/Users/Dicky/Documents/PROJEK/juaravibecoding/app_build/backend/vendor/laravel/framework/src/Illuminate/Foundation/Http/Middleware/TransformsRequest.php(21): Illuminate/Pipeline/Pipeline->{closure:{closure:Illuminate/Pipeline/Pipeline::carry():184}:185}(Object(Illuminate/Http/Request))
#36 C:/Users/Dicky/Documents/PROJEK/juaravibecoding/app_build/backend/vendor/laravel/framework/src/Illuminate/Foundation/Http/Middleware/TrimStrings.php(51): Illuminate/Foundation/Http/Middleware/TransformsRequest->handle(Object(Illuminate/Http/Request), Object(Closure))
#37 C:/Users/Dicky/Documents/PROJEK/juaravibecoding/app_build/backend/vendor/laravel/framework/src/Illuminate/Pipeline/Pipeline.php(209): Illuminate/Foundation/Http/Middleware/TrimStrings->handle(Object(Illuminate/Http/Request), Object(Closure))
#38 C:/Users/Dicky/Documents/PROJEK/juaravibecoding/app_build/backend/vendor/laravel/framework/src/Illuminate/Http/Middleware/ValidatePostSize.php(27): Illuminate/Pipeline/Pipeline->{closure:{closure:Illuminate/Pipeline/Pipeline::carry():184}:185}(Object(Illuminate/Http/Request))
#39 C:/Users/Dicky/Documents/PROJEK/juaravibecoding/app_build/backend/vendor/laravel/framework/src/Illuminate/Pipeline/Pipeline.php(209): Illuminate/Http/Middleware/ValidatePostSize->handle(Object(Illuminate/Http/Request), Object(Closure))
#40 C:/Users/Dicky/Documents/PROJEK/juaravibecoding/app_build/backend/vendor/laravel/framework/src/Illuminate/Foundation/Http/Middleware/PreventRequestsDuringMaintenance.php(110): Illuminate/Pipeline/Pipeline->{closure:{closure:Illuminate/Pipeline/Pipeline::carry():184}:185}(Object(Illuminate/Http/Request))
#41 C:/Users/Dicky/Documents/PROJEK/juaravibecoding/app_build/backend/vendor/laravel/framework/src/Illuminate/Pipeline/Pipeline.php(209): Illuminate/Foundation/Http/Middleware/PreventRequestsDuringMaintenance->handle(Object(Illuminate/Http/Request), Object(Closure))
#42 C:/Users/Dicky/Documents/PROJEK/juaravibecoding/app_build/backend/vendor/laravel/framework/src/Illuminate/Http/Middleware/HandleCors.php(62): Illuminate/Pipeline/Pipeline->{closure:{closure:Illuminate/Pipeline/Pipeline::carry():184}:185}(Object(Illuminate/Http/Request))
#43 C:/Users/Dicky/Documents/PROJEK/juaravibecoding/app_build/backend/vendor/laravel/framework/src/Illuminate/Pipeline/Pipeline.php(209): Illuminate/Http/Middleware/HandleCors->handle(Object(Illuminate/Http/Request), Object(Closure))
#44 C:/Users/Dicky/Documents/PROJEK/juaravibecoding/app_build/backend/vendor/laravel/framework/src/Illuminate/Http/Middleware/TrustProxies.php(58): Illuminate/Pipeline/Pipeline->{closure:{closure:Illuminate/Pipeline/Pipeline::carry():184}:185}(Object(Illuminate/Http/Request))
#45 C:/Users/Dicky/Documents/PROJEK/juaravibecoding/app_build/backend/vendor/laravel/framework/src/Illuminate/Pipeline/Pipeline.php(209): Illuminate/Http/Middleware/TrustProxies->handle(Object(Illuminate/Http/Request), Object(Closure))
#46 C:/Users/Dicky/Documents/PROJEK/juaravibecoding/app_build/backend/vendor/laravel/framework/src/Illuminate/Foundation/Http/Middleware/InvokeDeferredCallbacks.php(22): Illuminate/Pipeline/Pipeline->{closure:{closure:Illuminate/Pipeline/Pipeline::carry():184}:185}(Object(Illuminate/Http/Request))
#47 C:/Users/Dicky/Documents/PROJEK/juaravibecoding/app_build/backend/vendor/laravel/framework/src/Illuminate/Pipeline/Pipeline.php(209): Illuminate/Foundation/Http/Middleware/InvokeDeferredCallbacks->handle(Object(Illuminate/Http/Request), Object(Closure))
#48 C:/Users/Dicky/Documents/PROJEK/juaravibecoding/app_build/backend/vendor/laravel/framework/src/Illuminate/Pipeline/Pipeline.php(127): Illuminate/Pipeline/Pipeline->{closure:{closure:Illuminate/Pipeline/Pipeline::carry():184}:185}(Object(Illuminate/Http/Request))
#49 C:/Users/Dicky/Documents/PROJEK/juaravibecoding/app_build/backend/vendor/laravel/framework/src/Illuminate/Foundation/Http/Kernel.php(176): Illuminate/Pipeline/Pipeline->then(Object(Closure))
#50 C:/Users/Dicky/Documents/PROJEK/juaravibecoding/app_build/backend/vendor/laravel/framework/src/Illuminate/Foundation/Http/Kernel.php(145): Illuminate/Foundation/Http/Kernel->sendRequestThroughRouter(Object(Illuminate/Http/Request))
#51 C:/Users/Dicky/Documents/PROJEK/juaravibecoding/app_build/backend/vendor/laravel/framework/src/Illuminate/Foundation/Application.php(1220): Illuminate/Foundation/Http/Kernel->handle(Object(Illuminate/Http/Request))
#52 C:/Users/Dicky/Documents/PROJEK/juaravibecoding/app_build/backend/public/index.php(17): Illuminate/Foundation/Application->handleRequest(Object(Illuminate/Http/Request))
#53 {main}
"} 
[2026-05-28 11:54:33] local.ERROR: Route [login] not defined. {"exception":"[object] (Symfony\\Component\\Routing\\Exception\\RouteNotFoundException(code: 0): Route [login] not defined. at C:/Users/Dicky/Documents/PROJEK/juaravibecoding/app_build/backend/vendor/laravel/framework/src/Illuminate/Routing/UrlGenerator.php:517)
[stacktrace]
#0 C:/Users/Dicky/Documents/PROJEK/juaravibecoding/app_build/backend/vendor/laravel/framework/src/Illuminate/Foundation/helpers.php(853): Illuminate/Routing/UrlGenerator->route('login', Array, true)
#1 C:/Users/Dicky/Documents/PROJEK/juaravibecoding/app_build/backend/vendor/laravel/framework/src/Illuminate/Foundation/Configuration/ApplicationBuilder.php(278): route('login')
#2 [internal function]: Illuminate/Foundation/Configuration/ApplicationBuilder->{closure:{closure:Illuminate/Foundation/Configuration/ApplicationBuilder::withMiddleware():276}:278}(Object(Illuminate/Http/Request))
#3 C:/Users/Dicky/Documents/PROJEK/juaravibecoding/app_build/backend/vendor/laravel/framework/src/Illuminate/Auth/Middleware/Authenticate.php(118): call_user_func(Object(Closure), Object(Illuminate/Http/Request))
#4 C:/Users/Dicky/Documents/PROJEK/juaravibecoding/app_build/backend/vendor/laravel/framework/src/Illuminate/Auth/Middleware/Authenticate.php(105): Illuminate/Auth/Middleware/Authenticate->redirectTo(Object(Illuminate/Http/Request))
#5 C:/Users/Dicky/Documents/PROJEK/juaravibecoding/app_build/backend/vendor/laravel/framework/src/Illuminate/Auth/Middleware/Authenticate.php(88): Illuminate/Auth/Middleware/Authenticate->unauthenticated(Object(Illuminate/Http/Request), Array)
#6 C:/Users/Dicky/Documents/PROJEK/juaravibecoding/app_build/backend/vendor/laravel/framework/src/Illuminate/Auth/Middleware/Authenticate.php(62): Illuminate/Auth/Middleware/Authenticate->authenticate(Object(Illuminate/Http/Request), Array)
#7 C:/Users/Dicky/Documents/PROJEK/juaravibecoding/app_build/backend/vendor/laravel/framework/src/Illuminate/Pipeline/Pipeline.php(209): Illuminate/Auth/Middleware/Authenticate->handle(Object(Illuminate/Http/Request), Object(Closure), 'sanctum')
#8 C:/Users/Dicky/Documents/PROJEK/juaravibecoding/app_build/backend/vendor/laravel/sanctum/src/Http/Middleware/EnsureFrontendRequestsAreStateful.php(26): Illuminate/Pipeline/Pipeline->{closure:{closure:Illuminate/Pipeline/Pipeline::carry():184}:185}(Object(Illuminate/Http/Request))
#9 C:/Users/Dicky/Documents/PROJEK/juaravibecoding/app_build/backend/vendor/laravel/framework/src/Illuminate/Pipeline/Pipeline.php(170): Laravel/Sanctum/Http/Middleware/EnsureFrontendRequestsAreStateful->{closure:Laravel/Sanctum/Http/Middleware/EnsureFrontendRequestsAreStateful::handle():25}(Object(Illuminate/Http/Request))
#10 C:/Users/Dicky/Documents/PROJEK/juaravibecoding/app_build/backend/vendor/laravel/framework/src/Illuminate/Pipeline/Pipeline.php(127): Illuminate/Pipeline/Pipeline->{closure:Illuminate/Pipeline/Pipeline::prepareDestination():168}(Object(Illuminate/Http/Request))
#11 C:/Users/Dicky/Documents/PROJEK/juaravibecoding/app_build/backend/vendor/laravel/sanctum/src/Http/Middleware/EnsureFrontendRequestsAreStateful.php(25): Illuminate/Pipeline/Pipeline->then(Object(Closure))
#12 C:/Users/Dicky/Documents/PROJEK/juaravibecoding/app_build/backend/vendor/laravel/framework/src/Illuminate/Pipeline/Pipeline.php(209): Laravel/Sanctum/Http/Middleware/EnsureFrontendRequestsAreStateful->handle(Object(Illuminate/Http/Request), Object(Closure))
#13 C:/Users/Dicky/Documents/PROJEK/juaravibecoding/app_build/backend/vendor/laravel/framework/src/Illuminate/Pipeline/Pipeline.php(127): Illuminate/Pipeline/Pipeline->{closure:{closure:Illuminate/Pipeline/Pipeline::carry():184}:185}(Object(Illuminate/Http/Request))
#14 C:/Users/Dicky/Documents/PROJEK/juaravibecoding/app_build/backend/vendor/laravel/framework/src/Illuminate/Routing/Router.php(807): Illuminate/Pipeline/Pipeline->then(Object(Closure))
#15 C:/Users/Dicky/Documents/PROJEK/juaravibecoding/app_build/backend/vendor/laravel/framework/src/Illuminate/Routing/Router.php(786): Illuminate/Routing/Router->runRouteWithinStack(Object(Illuminate/Routing/Route), Object(Illuminate/Http/Request))
#16 C:/Users/Dicky/Documents/PROJEK/juaravibecoding/app_build/backend/vendor/laravel/framework/src/Illuminate/Routing/Router.php(750): Illuminate/Routing/Router->runRoute(Object(Illuminate/Http/Request), Object(Illuminate/Routing/Route))
#17 C:/Users/Dicky/Documents/PROJEK/juaravibecoding/app_build/backend/vendor/laravel/framework/src/Illuminate/Routing/Router.php(739): Illuminate/Routing/Router->dispatchToRoute(Object(Illuminate/Http/Request))
#18 C:/Users/Dicky/Documents/PROJEK/juaravibecoding/app_build/backend/vendor/laravel/framework/src/Illuminate/Foundation/Http/Kernel.php(201): Illuminate/Routing/Router->dispatch(Object(Illuminate/Http/Request))
#19 C:/Users/Dicky/Documents/PROJEK/juaravibecoding/app_build/backend/vendor/laravel/framework/src/Illuminate/Pipeline/Pipeline.php(170): Illuminate/Foundation/Http/Kernel->{closure:Illuminate/Foundation/Http/Kernel::dispatchToRouter():198}(Object(Illuminate/Http/Request))
#20 C:/Users/Dicky/Documents/PROJEK/juaravibecoding/app_build/backend/vendor/laravel/framework/src/Illuminate/Foundation/Http/Middleware/TransformsRequest.php(21): Illuminate/Pipeline/Pipeline->{closure:Illuminate/Pipeline/Pipeline::prepareDestination():168}(Object(Illuminate/Http/Request))
#21 C:/Users/Dicky/Documents/PROJEK/juaravibecoding/app_build/backend/vendor/laravel/framework/src/Illuminate/Foundation/Http/Middleware/ConvertEmptyStringsToNull.php(31): Illuminate/Foundation/Http/Middleware/TransformsRequest->handle(Object(Illuminate/Http/Request), Object(Closure))
#22 C:/Users/Dicky/Documents/PROJEK/juaravibecoding/app_build/backend/vendor/laravel/framework/src/Illuminate/Pipeline/Pipeline.php(209): Illuminate/Foundation/Http/Middleware/ConvertEmptyStringsToNull->handle(Object(Illuminate/Http/Request), Object(Closure))
#23 C:/Users/Dicky/Documents/PROJEK/juaravibecoding/app_build/backend/vendor/laravel/framework/src/Illuminate/Foundation/Http/Middleware/TransformsRequest.php(21): Illuminate/Pipeline/Pipeline->{closure:{closure:Illuminate/Pipeline/Pipeline::carry():184}:185}(Object(Illuminate/Http/Request))
#24 C:/Users/Dicky/Documents/PROJEK/juaravibecoding/app_build/backend/vendor/laravel/framework/src/Illuminate/Foundation/Http/Middleware/TrimStrings.php(51): Illuminate/Foundation/Http/Middleware/TransformsRequest->handle(Object(Illuminate/Http/Request), Object(Closure))
#25 C:/Users/Dicky/Documents/PROJEK/juaravibecoding/app_build/backend/vendor/laravel/framework/src/Illuminate/Pipeline/Pipeline.php(209): Illuminate/Foundation/Http/Middleware/TrimStrings->handle(Object(Illuminate/Http/Request), Object(Closure))
#26 C:/Users/Dicky/Documents/PROJEK/juaravibecoding/app_build/backend/vendor/laravel/framework/src/Illuminate/Http/Middleware/ValidatePostSize.php(27): Illuminate/Pipeline/Pipeline->{closure:{closure:Illuminate/Pipeline/Pipeline::carry():184}:185}(Object(Illuminate/Http/Request))
#27 C:/Users/Dicky/Documents/PROJEK/juaravibecoding/app_build/backend/vendor/laravel/framework/src/Illuminate/Pipeline/Pipeline.php(209): Illuminate/Http/Middleware/ValidatePostSize->handle(Object(Illuminate/Http/Request), Object(Closure))
#28 C:/Users/Dicky/Documents/PROJEK/juaravibecoding/app_build/backend/vendor/laravel/framework/src/Illuminate/Foundation/Http/Middleware/PreventRequestsDuringMaintenance.php(110): Illuminate/Pipeline/Pipeline->{closure:{closure:Illuminate/Pipeline/Pipeline::carry():184}:185}(Object(Illuminate/Http/Request))
#29 C:/Users/Dicky/Documents/PROJEK/juaravibecoding/app_build/backend/vendor/laravel/framework/src/Illuminate/Pipeline/Pipeline.php(209): Illuminate/Foundation/Http/Middleware/PreventRequestsDuringMaintenance->handle(Object(Illuminate/Http/Request), Object(Closure))
#30 C:/Users/Dicky/Documents/PROJEK/juaravibecoding/app_build/backend/vendor/laravel/framework/src/Illuminate/Http/Middleware/HandleCors.php(62): Illuminate/Pipeline/Pipeline->{closure:{closure:Illuminate/Pipeline/Pipeline::carry():184}:185}(Object(Illuminate/Http/Request))
#31 C:/Users/Dicky/Documents/PROJEK/juaravibecoding/app_build/backend/vendor/laravel/framework/src/Illuminate/Pipeline/Pipeline.php(209): Illuminate/Http/Middleware/HandleCors->handle(Object(Illuminate/Http/Request), Object(Closure))
#32 C:/Users/Dicky/Documents/PROJEK/juaravibecoding/app_build/backend/vendor/laravel/framework/src/Illuminate/Http/Middleware/TrustProxies.php(58): Illuminate/Pipeline/Pipeline->{closure:{closure:Illuminate/Pipeline/Pipeline::carry():184}:185}(Object(Illuminate/Http/Request))
#33 C:/Users/Dicky/Documents/PROJEK/juaravibecoding/app_build/backend/vendor/laravel/framework/src/Illuminate/Pipeline/Pipeline.php(209): Illuminate/Http/Middleware/TrustProxies->handle(Object(Illuminate/Http/Request), Object(Closure))
#34 C:/Users/Dicky/Documents/PROJEK/juaravibecoding/app_build/backend/vendor/laravel/framework/src/Illuminate/Foundation/Http/Middleware/InvokeDeferredCallbacks.php(22): Illuminate/Pipeline/Pipeline->{closure:{closure:Illuminate/Pipeline/Pipeline::carry():184}:185}(Object(Illuminate/Http/Request))
#35 C:/Users/Dicky/Documents/PROJEK/juaravibecoding/app_build/backend/vendor/laravel/framework/src/Illuminate/Pipeline/Pipeline.php(209): Illuminate/Foundation/Http/Middleware/InvokeDeferredCallbacks->handle(Object(Illuminate/Http/Request), Object(Closure))
#36 C:/Users/Dicky/Documents/PROJEK/juaravibecoding/app_build/backend/vendor/laravel/framework/src/Illuminate/Pipeline/Pipeline.php(127): Illuminate/Pipeline/Pipeline->{closure:{closure:Illuminate/Pipeline/Pipeline::carry():184}:185}(Object(Illuminate/Http/Request))
#37 C:/Users/Dicky/Documents/PROJEK/juaravibecoding/app_build/backend/vendor/laravel/framework/src/Illuminate/Foundation/Http/Kernel.php(176): Illuminate/Pipeline/Pipeline->then(Object(Closure))
#38 C:/Users/Dicky/Documents/PROJEK/juaravibecoding/app_build/backend/vendor/laravel/framework/src/Illuminate/Foundation/Http/Kernel.php(145): Illuminate/Foundation/Http/Kernel->sendRequestThroughRouter(Object(Illuminate/Http/Request))
#39 C:/Users/Dicky/Documents/PROJEK/juaravibecoding/app_build/backend/vendor/laravel/framework/src/Illuminate/Foundation/Application.php(1220): Illuminate/Foundation/Http/Kernel->handle(Object(Illuminate/Http/Request))
#40 C:/Users/Dicky/Documents/PROJEK/juaravibecoding/app_build/backend/public/index.php(17): Illuminate/Foundation/Application->handleRequest(Object(Illuminate/Http/Request))
#41 C:/Program Files/Herd/resources/app.asar.unpacked/resources/valet/server.php(139): require('C://Users//Dicky//...')
#42 {main}
"} 
[2026-05-28 11:58:24] local.ERROR: PHP Parse error: Syntax error, unexpected ',' on line 1 {"exception":"[object] (Psy\\Exception\\ParseErrorException(code: 0): PHP Parse error: Syntax error, unexpected ',' on line 1 at C:/Users/Dicky/Documents/PROJEK/juaravibecoding/app_build/backend/vendor/psy/psysh/src/Exception/ParseErrorException.php:44)
[stacktrace]
#0 C:/Users/Dicky/Documents/PROJEK/juaravibecoding/app_build/backend/vendor/psy/psysh/src/CodeCleaner.php(657): Psy/Exception/ParseErrorException::fromParseError(Object(PhpParser/Error))
#1 C:/Users/Dicky/Documents/PROJEK/juaravibecoding/app_build/backend/vendor/psy/psysh/src/CodeCleaner.php(273): Psy/CodeCleaner->parse('<?php print_r(D...', false)
#2 C:/Users/Dicky/Documents/PROJEK/juaravibecoding/app_build/backend/vendor/psy/psysh/src/Shell.php(1364): Psy/CodeCleaner->clean(Array, false)
#3 C:/Users/Dicky/Documents/PROJEK/juaravibecoding/app_build/backend/vendor/psy/psysh/src/Shell.php(1471): Psy/Shell->appendCode('print_r(DB::tab...', true, false)
#4 C:/Users/Dicky/Documents/PROJEK/juaravibecoding/app_build/backend/vendor/psy/psysh/src/Shell.php(2180): Psy/Shell->setCode('print_r(DB::tab...', true)
#5 C:/Users/Dicky/Documents/PROJEK/juaravibecoding/app_build/backend/vendor/laravel/tinker/src/Console/TinkerCommand.php(77): Psy/Shell->execute('print_r(DB::tab...')
#6 C:/Users/Dicky/Documents/PROJEK/juaravibecoding/app_build/backend/vendor/laravel/framework/src/Illuminate/Container/BoundMethod.php(36): Laravel/Tinker/Console/TinkerCommand->handle()
#7 C:/Users/Dicky/Documents/PROJEK/juaravibecoding/app_build/backend/vendor/laravel/framework/src/Illuminate/Container/Util.php(43): Illuminate/Container/BoundMethod::{closure:Illuminate/Container/BoundMethod::call():35}()
#8 C:/Users/Dicky/Documents/PROJEK/juaravibecoding/app_build/backend/vendor/laravel/framework/src/Illuminate/Container/BoundMethod.php(95): Illuminate/Container/Util::unwrapIfClosure(Object(Closure))
#9 C:/Users/Dicky/Documents/PROJEK/juaravibecoding/app_build/backend/vendor/laravel/framework/src/Illuminate/Container/BoundMethod.php(35): Illuminate/Container/BoundMethod::callBoundMethod(Object(Illuminate/Foundation/Application), Array, Object(Closure))
#10 C:/Users/Dicky/Documents/PROJEK/juaravibecoding/app_build/backend/vendor/laravel/framework/src/Illuminate/Container/Container.php(696): Illuminate/Container/BoundMethod::call(Object(Illuminate/Foundation/Application), Array, Array, NULL)
#11 C:/Users/Dicky/Documents/PROJEK/juaravibecoding/app_build/backend/vendor/laravel/framework/src/Illuminate/Console/Command.php(213): Illuminate/Container/Container->call(Array)
#12 C:/Users/Dicky/Documents/PROJEK/juaravibecoding/app_build/backend/vendor/symfony/console/Command/Command.php(341): Illuminate/Console/Command->execute(Object(Symfony/Component/Console/Input/ArgvInput), Object(Illuminate/Console/OutputStyle))
#13 C:/Users/Dicky/Documents/PROJEK/juaravibecoding/app_build/backend/vendor/laravel/framework/src/Illuminate/Console/Command.php(182): Symfony/Component/Console/Command/Command->run(Object(Symfony/Component/Console/Input/ArgvInput), Object(Illuminate/Console/OutputStyle))
#14 C:/Users/Dicky/Documents/PROJEK/juaravibecoding/app_build/backend/vendor/symfony/console/Application.php(1117): Illuminate/Console/Command->run(Object(Symfony/Component/Console/Input/ArgvInput), Object(Symfony/Component/Console/Output/ConsoleOutput))
#15 C:/Users/Dicky/Documents/PROJEK/juaravibecoding/app_build/backend/vendor/symfony/console/Application.php(356): Symfony/Component/Console/Application->doRunCommand(Object(Laravel/Tinker/Console/TinkerCommand), Object(Symfony/Component/Console/Input/ArgvInput), Object(Symfony/Component/Console/Output/ConsoleOutput))
#16 C:/Users/Dicky/Documents/PROJEK/juaravibecoding/app_build/backend/vendor/symfony/console/Application.php(195): Symfony/Component/Console/Application->doRun(Object(Symfony/Component/Console/Input/ArgvInput), Object(Symfony/Component/Console/Output/ConsoleOutput))
#17 C:/Users/Dicky/Documents/PROJEK/juaravibecoding/app_build/backend/vendor/laravel/framework/src/Illuminate/Foundation/Console/Kernel.php(198): Symfony/Component/Console/Application->run(Object(Symfony/Component/Console/Input/ArgvInput), Object(Symfony/Component/Console/Output/ConsoleOutput))
#18 C:/Users/Dicky/Documents/PROJEK/juaravibecoding/app_build/backend/vendor/laravel/framework/src/Illuminate/Foundation/Application.php(1235): Illuminate/Foundation/Console/Kernel->handle(Object(Symfony/Component/Console/Input/ArgvInput), Object(Symfony/Component/Console/Output/ConsoleOutput))
#19 C:/Users/Dicky/Documents/PROJEK/juaravibecoding/app_build/backend/artisan(16): Illuminate/Foundation/Application->handleCommand(Object(Symfony/Component/Console/Input/ArgvInput))
#20 {main}
"} 
[2026-05-28 12:12:02] local.ERROR: Route [login] not defined. {"exception":"[object] (Symfony\\Component\\Routing\\Exception\\RouteNotFoundException(code: 0): Route [login] not defined. at C:/Users/Dicky/Documents/PROJEK/juaravibecoding/app_build/backend/vendor/laravel/framework/src/Illuminate/Routing/UrlGenerator.php:517)
[stacktrace]
#0 C:/Users/Dicky/Documents/PROJEK/juaravibecoding/app_build/backend/vendor/laravel/framework/src/Illuminate/Foundation/helpers.php(853): Illuminate/Routing/UrlGenerator->route('login', Array, true)
#1 C:/Users/Dicky/Documents/PROJEK/juaravibecoding/app_build/backend/vendor/laravel/framework/src/Illuminate/Foundation/Configuration/ApplicationBuilder.php(278): route('login')
#2 [internal function]: Illuminate/Foundation/Configuration/ApplicationBuilder->{closure:{closure:Illuminate/Foundation/Configuration/ApplicationBuilder::withMiddleware():276}:278}(Object(Illuminate/Http/Request))
#3 C:/Users/Dicky/Documents/PROJEK/juaravibecoding/app_build/backend/vendor/laravel/framework/src/Illuminate/Auth/Middleware/Authenticate.php(118): call_user_func(Object(Closure), Object(Illuminate/Http/Request))
#4 C:/Users/Dicky/Documents/PROJEK/juaravibecoding/app_build/backend/vendor/laravel/framework/src/Illuminate/Auth/Middleware/Authenticate.php(105): Illuminate/Auth/Middleware/Authenticate->redirectTo(Object(Illuminate/Http/Request))
#5 C:/Users/Dicky/Documents/PROJEK/juaravibecoding/app_build/backend/vendor/laravel/framework/src/Illuminate/Auth/Middleware/Authenticate.php(88): Illuminate/Auth/Middleware/Authenticate->unauthenticated(Object(Illuminate/Http/Request), Array)
#6 C:/Users/Dicky/Documents/PROJEK/juaravibecoding/app_build/backend/vendor/laravel/framework/src/Illuminate/Auth/Middleware/Authenticate.php(62): Illuminate/Auth/Middleware/Authenticate->authenticate(Object(Illuminate/Http/Request), Array)
#7 C:/Users/Dicky/Documents/PROJEK/juaravibecoding/app_build/backend/vendor/laravel/framework/src/Illuminate/Pipeline/Pipeline.php(209): Illuminate/Auth/Middleware/Authenticate->handle(Object(Illuminate/Http/Request), Object(Closure), 'sanctum')
#8 C:/Users/Dicky/Documents/PROJEK/juaravibecoding/app_build/backend/vendor/laravel/sanctum/src/Http/Middleware/EnsureFrontendRequestsAreStateful.php(26): Illuminate/Pipeline/Pipeline->{closure:{closure:Illuminate/Pipeline/Pipeline::carry():184}:185}(Object(Illuminate/Http/Request))
#9 C:/Users/Dicky/Documents/PROJEK/juaravibecoding/app_build/backend/vendor/laravel/framework/src/Illuminate/Pipeline/Pipeline.php(170): Laravel/Sanctum/Http/Middleware/EnsureFrontendRequestsAreStateful->{closure:Laravel/Sanctum/Http/Middleware/EnsureFrontendRequestsAreStateful::handle():25}(Object(Illuminate/Http/Request))
#10 C:/Users/Dicky/Documents/PROJEK/juaravibecoding/app_build/backend/vendor/laravel/framework/src/Illuminate/Pipeline/Pipeline.php(127): Illuminate/Pipeline/Pipeline->{closure:Illuminate/Pipeline/Pipeline::prepareDestination():168}(Object(Illuminate/Http/Request))
#11 C:/Users/Dicky/Documents/PROJEK/juaravibecoding/app_build/backend/vendor/laravel/sanctum/src/Http/Middleware/EnsureFrontendRequestsAreStateful.php(25): Illuminate/Pipeline/Pipeline->then(Object(Closure))
#12 C:/Users/Dicky/Documents/PROJEK/juaravibecoding/app_build/backend/vendor/laravel/framework/src/Illuminate/Pipeline/Pipeline.php(209): Laravel/Sanctum/Http/Middleware/EnsureFrontendRequestsAreStateful->handle(Object(Illuminate/Http/Request), Object(Closure))
#13 C:/Users/Dicky/Documents/PROJEK/juaravibecoding/app_build/backend/vendor/laravel/framework/src/Illuminate/Pipeline/Pipeline.php(127): Illuminate/Pipeline/Pipeline->{closure:{closure:Illuminate/Pipeline/Pipeline::carry():184}:185}(Object(Illuminate/Http/Request))
#14 C:/Users/Dicky/Documents/PROJEK/juaravibecoding/app_build/backend/vendor/laravel/framework/src/Illuminate/Routing/Router.php(807): Illuminate/Pipeline/Pipeline->then(Object(Closure))
#15 C:/Users/Dicky/Documents/PROJEK/juaravibecoding/app_build/backend/vendor/laravel/framework/src/Illuminate/Routing/Router.php(786): Illuminate/Routing/Router->runRouteWithinStack(Object(Illuminate/Routing/Route), Object(Illuminate/Http/Request))
#16 C:/Users/Dicky/Documents/PROJEK/juaravibecoding/app_build/backend/vendor/laravel/framework/src/Illuminate/Routing/Router.php(750): Illuminate/Routing/Router->runRoute(Object(Illuminate/Http/Request), Object(Illuminate/Routing/Route))
#17 C:/Users/Dicky/Documents/PROJEK/juaravibecoding/app_build/backend/vendor/laravel/framework/src/Illuminate/Routing/Router.php(739): Illuminate/Routing/Router->dispatchToRoute(Object(Illuminate/Http/Request))
#18 C:/Users/Dicky/Documents/PROJEK/juaravibecoding/app_build/backend/vendor/laravel/framework/src/Illuminate/Foundation/Http/Kernel.php(201): Illuminate/Routing/Router->dispatch(Object(Illuminate/Http/Request))
#19 C:/Users/Dicky/Documents/PROJEK/juaravibecoding/app_build/backend/vendor/laravel/framework/src/Illuminate/Pipeline/Pipeline.php(170): Illuminate/Foundation/Http/Kernel->{closure:Illuminate/Foundation/Http/Kernel::dispatchToRouter():198}(Object(Illuminate/Http/Request))
#20 C:/Users/Dicky/Documents/PROJEK/juaravibecoding/app_build/backend/vendor/laravel/framework/src/Illuminate/Foundation/Http/Middleware/TransformsRequest.php(21): Illuminate/Pipeline/Pipeline->{closure:Illuminate/Pipeline/Pipeline::prepareDestination():168}(Object(Illuminate/Http/Request))
#21 C:/Users/Dicky/Documents/PROJEK/juaravibecoding/app_build/backend/vendor/laravel/framework/src/Illuminate/Foundation/Http/Middleware/ConvertEmptyStringsToNull.php(31): Illuminate/Foundation/Http/Middleware/TransformsRequest->handle(Object(Illuminate/Http/Request), Object(Closure))
#22 C:/Users/Dicky/Documents/PROJEK/juaravibecoding/app_build/backend/vendor/laravel/framework/src/Illuminate/Pipeline/Pipeline.php(209): Illuminate/Foundation/Http/Middleware/ConvertEmptyStringsToNull->handle(Object(Illuminate/Http/Request), Object(Closure))
#23 C:/Users/Dicky/Documents/PROJEK/juaravibecoding/app_build/backend/vendor/laravel/framework/src/Illuminate/Foundation/Http/Middleware/TransformsRequest.php(21): Illuminate/Pipeline/Pipeline->{closure:{closure:Illuminate/Pipeline/Pipeline::carry():184}:185}(Object(Illuminate/Http/Request))
#24 C:/Users/Dicky/Documents/PROJEK/juaravibecoding/app_build/backend/vendor/laravel/framework/src/Illuminate/Foundation/Http/Middleware/TrimStrings.php(51): Illuminate/Foundation/Http/Middleware/TransformsRequest->handle(Object(Illuminate/Http/Request), Object(Closure))
#25 C:/Users/Dicky/Documents/PROJEK/juaravibecoding/app_build/backend/vendor/laravel/framework/src/Illuminate/Pipeline/Pipeline.php(209): Illuminate/Foundation/Http/Middleware/TrimStrings->handle(Object(Illuminate/Http/Request), Object(Closure))
#26 C:/Users/Dicky/Documents/PROJEK/juaravibecoding/app_build/backend/vendor/laravel/framework/src/Illuminate/Http/Middleware/ValidatePostSize.php(27): Illuminate/Pipeline/Pipeline->{closure:{closure:Illuminate/Pipeline/Pipeline::carry():184}:185}(Object(Illuminate/Http/Request))
#27 C:/Users/Dicky/Documents/PROJEK/juaravibecoding/app_build/backend/vendor/laravel/framework/src/Illuminate/Pipeline/Pipeline.php(209): Illuminate/Http/Middleware/ValidatePostSize->handle(Object(Illuminate/Http/Request), Object(Closure))
#28 C:/Users/Dicky/Documents/PROJEK/juaravibecoding/app_build/backend/vendor/laravel/framework/src/Illuminate/Foundation/Http/Middleware/PreventRequestsDuringMaintenance.php(110): Illuminate/Pipeline/Pipeline->{closure:{closure:Illuminate/Pipeline/Pipeline::carry():184}:185}(Object(Illuminate/Http/Request))
#29 C:/Users/Dicky/Documents/PROJEK/juaravibecoding/app_build/backend/vendor/laravel/framework/src/Illuminate/Pipeline/Pipeline.php(209): Illuminate/Foundation/Http/Middleware/PreventRequestsDuringMaintenance->handle(Object(Illuminate/Http/Request), Object(Closure))
#30 C:/Users/Dicky/Documents/PROJEK/juaravibecoding/app_build/backend/vendor/laravel/framework/src/Illuminate/Http/Middleware/HandleCors.php(62): Illuminate/Pipeline/Pipeline->{closure:{closure:Illuminate/Pipeline/Pipeline::carry():184}:185}(Object(Illuminate/Http/Request))
#31 C:/Users/Dicky/Documents/PROJEK/juaravibecoding/app_build/backend/vendor/laravel/framework/src/Illuminate/Pipeline/Pipeline.php(209): Illuminate/Http/Middleware/HandleCors->handle(Object(Illuminate/Http/Request), Object(Closure))
#32 C:/Users/Dicky/Documents/PROJEK/juaravibecoding/app_build/backend/vendor/laravel/framework/src/Illuminate/Http/Middleware/TrustProxies.php(58): Illuminate/Pipeline/Pipeline->{closure:{closure:Illuminate/Pipeline/Pipeline::carry():184}:185}(Object(Illuminate/Http/Request))
#33 C:/Users/Dicky/Documents/PROJEK/juaravibecoding/app_build/backend/vendor/laravel/framework/src/Illuminate/Pipeline/Pipeline.php(209): Illuminate/Http/Middleware/TrustProxies->handle(Object(Illuminate/Http/Request), Object(Closure))
#34 C:/Users/Dicky/Documents/PROJEK/juaravibecoding/app_build/backend/vendor/laravel/framework/src/Illuminate/Foundation/Http/Middleware/InvokeDeferredCallbacks.php(22): Illuminate/Pipeline/Pipeline->{closure:{closure:Illuminate/Pipeline/Pipeline::carry():184}:185}(Object(Illuminate/Http/Request))
#35 C:/Users/Dicky/Documents/PROJEK/juaravibecoding/app_build/backend/vendor/laravel/framework/src/Illuminate/Pipeline/Pipeline.php(209): Illuminate/Foundation/Http/Middleware/InvokeDeferredCallbacks->handle(Object(Illuminate/Http/Request), Object(Closure))
#36 C:/Users/Dicky/Documents/PROJEK/juaravibecoding/app_build/backend/vendor/laravel/framework/src/Illuminate/Pipeline/Pipeline.php(127): Illuminate/Pipeline/Pipeline->{closure:{closure:Illuminate/Pipeline/Pipeline::carry():184}:185}(Object(Illuminate/Http/Request))
#37 C:/Users/Dicky/Documents/PROJEK/juaravibecoding/app_build/backend/vendor/laravel/framework/src/Illuminate/Foundation/Http/Kernel.php(176): Illuminate/Pipeline/Pipeline->then(Object(Closure))
#38 C:/Users/Dicky/Documents/PROJEK/juaravibecoding/app_build/backend/vendor/laravel/framework/src/Illuminate/Foundation/Http/Kernel.php(145): Illuminate/Foundation/Http/Kernel->sendRequestThroughRouter(Object(Illuminate/Http/Request))
#39 C:/Users/Dicky/Documents/PROJEK/juaravibecoding/app_build/backend/vendor/laravel/framework/src/Illuminate/Foundation/Application.php(1220): Illuminate/Foundation/Http/Kernel->handle(Object(Illuminate/Http/Request))
#40 C:/Users/Dicky/Documents/PROJEK/juaravibecoding/app_build/backend/public/index.php(17): Illuminate/Foundation/Application->handleRequest(Object(Illuminate/Http/Request))
#41 C:/Program Files/Herd/resources/app.asar.unpacked/resources/valet/server.php(139): require('C://Users//Dicky//...')
#42 {main}
"} 
[2026-06-05 09:28:44] local.ERROR: SQLSTATE[HY000]: General error: 1 no such table: cache (Connection: sqlite, SQL: delete from "cache") {"exception":"[object] (Illuminate\\Database\\QueryException(code: HY000): SQLSTATE[HY000]: General error: 1 no such table: cache (Connection: sqlite, SQL: delete from \"cache\") at C:/Users/Dicky/Documents/PROJEK/juaravibecoding/app_build/backend/vendor/laravel/framework/src/Illuminate/Database/Connection.php:825)
[stacktrace]
#0 C:/Users/Dicky/Documents/PROJEK/juaravibecoding/app_build/backend/vendor/laravel/framework/src/Illuminate/Database/Connection.php(779): Illuminate/Database/Connection->runQueryCallback('delete from \"ca...', Array, Object(Closure))
#1 C:/Users/Dicky/Documents/PROJEK/juaravibecoding/app_build/backend/vendor/laravel/framework/src/Illuminate/Database/Connection.php(584): Illuminate/Database/Connection->run('delete from \"ca...', Array, Object(Closure))
#2 C:/Users/Dicky/Documents/PROJEK/juaravibecoding/app_build/backend/vendor/laravel/framework/src/Illuminate/Database/Connection.php(548): Illuminate/Database/Connection->affectingStatement('delete from \"ca...', Array)
#3 C:/Users/Dicky/Documents/PROJEK/juaravibecoding/app_build/backend/vendor/laravel/framework/src/Illuminate/Database/Query/Builder.php(4024): Illuminate/Database/Connection->delete('delete from \"ca...', Array)
#4 C:/Users/Dicky/Documents/PROJEK/juaravibecoding/app_build/backend/vendor/laravel/framework/src/Illuminate/Cache/DatabaseStore.php(422): Illuminate/Database/Query/Builder->delete()
#5 C:/Users/Dicky/Documents/PROJEK/juaravibecoding/app_build/backend/vendor/laravel/framework/src/Illuminate/Cache/Repository.php(792): Illuminate/Cache/DatabaseStore->flush()
#6 C:/Users/Dicky/Documents/PROJEK/juaravibecoding/app_build/backend/vendor/laravel/framework/src/Illuminate/Cache/Console/ClearCommand.php(69): Illuminate/Cache/Repository->__call('flush', Array)
#7 C:/Users/Dicky/Documents/PROJEK/juaravibecoding/app_build/backend/vendor/laravel/framework/src/Illuminate/Container/BoundMethod.php(36): Illuminate/Cache/Console/ClearCommand->handle()
#8 C:/Users/Dicky/Documents/PROJEK/juaravibecoding/app_build/backend/vendor/laravel/framework/src/Illuminate/Container/Util.php(43): Illuminate/Container/BoundMethod::{closure:Illuminate/Container/BoundMethod::call():35}()
#9 C:/Users/Dicky/Documents/PROJEK/juaravibecoding/app_build/backend/vendor/laravel/framework/src/Illuminate/Container/BoundMethod.php(95): Illuminate/Container/Util::unwrapIfClosure(Object(Closure))
#10 C:/Users/Dicky/Documents/PROJEK/juaravibecoding/app_build/backend/vendor/laravel/framework/src/Illuminate/Container/BoundMethod.php(35): Illuminate/Container/BoundMethod::callBoundMethod(Object(Illuminate/Foundation/Application), Array, Object(Closure))
#11 C:/Users/Dicky/Documents/PROJEK/juaravibecoding/app_build/backend/vendor/laravel/framework/src/Illuminate/Container/Container.php(696): Illuminate/Container/BoundMethod::call(Object(Illuminate/Foundation/Application), Array, Array, NULL)
#12 C:/Users/Dicky/Documents/PROJEK/juaravibecoding/app_build/backend/vendor/laravel/framework/src/Illuminate/Console/Command.php(213): Illuminate/Container/Container->call(Array)
#13 C:/Users/Dicky/Documents/PROJEK/juaravibecoding/app_build/backend/vendor/symfony/console/Command/Command.php(341): Illuminate/Console/Command->execute(Object(Symfony/Component/Console/Input/ArgvInput), Object(Illuminate/Console/OutputStyle))
#14 C:/Users/Dicky/Documents/PROJEK/juaravibecoding/app_build/backend/vendor/laravel/framework/src/Illuminate/Console/Command.php(182): Symfony/Component/Console/Command/Command->run(Object(Symfony/Component/Console/Input/ArgvInput), Object(Illuminate/Console/OutputStyle))
#15 C:/Users/Dicky/Documents/PROJEK/juaravibecoding/app_build/backend/vendor/symfony/console/Application.php(1117): Illuminate/Console/Command->run(Object(Symfony/Component/Console/Input/ArgvInput), Object(Symfony/Component/Console/Output/ConsoleOutput))
#16 C:/Users/Dicky/Documents/PROJEK/juaravibecoding/app_build/backend/vendor/symfony/console/Application.php(356): Symfony/Component/Console/Application->doRunCommand(Object(Illuminate/Cache/Console/ClearCommand), Object(Symfony/Component/Console/Input/ArgvInput), Object(Symfony/Component/Console/Output/ConsoleOutput))
#17 C:/Users/Dicky/Documents/PROJEK/juaravibecoding/app_build/backend/vendor/symfony/console/Application.php(195): Symfony/Component/Console/Application->doRun(Object(Symfony/Component/Console/Input/ArgvInput), Object(Symfony/Component/Console/Output/ConsoleOutput))
#18 C:/Users/Dicky/Documents/PROJEK/juaravibecoding/app_build/backend/vendor/laravel/framework/src/Illuminate/Foundation/Console/Kernel.php(198): Symfony/Component/Console/Application->run(Object(Symfony/Component/Console/Input/ArgvInput), Object(Symfony/Component/Console/Output/ConsoleOutput))
#19 C:/Users/Dicky/Documents/PROJEK/juaravibecoding/app_build/backend/vendor/laravel/framework/src/Illuminate/Foundation/Application.php(1235): Illuminate/Foundation/Console/Kernel->handle(Object(Symfony/Component/Console/Input/ArgvInput), Object(Symfony/Component/Console/Output/ConsoleOutput))
#20 C:/Users/Dicky/Documents/PROJEK/juaravibecoding/app_build/backend/artisan(16): Illuminate/Foundation/Application->handleCommand(Object(Symfony/Component/Console/Input/ArgvInput))
#21 {main}

[previous exception] [object] (PDOException(code: HY000): SQLSTATE[HY000]: General error: 1 no such table: cache at C:/Users/Dicky/Documents/PROJEK/juaravibecoding/app_build/backend/vendor/laravel/framework/src/Illuminate/Database/Connection.php:592)
[stacktrace]
#0 C:/Users/Dicky/Documents/PROJEK/juaravibecoding/app_build/backend/vendor/laravel/framework/src/Illuminate/Database/Connection.php(592): PDO->prepare('delete from \"ca...')
#1 C:/Users/Dicky/Documents/PROJEK/juaravibecoding/app_build/backend/vendor/laravel/framework/src/Illuminate/Database/Connection.php(812): Illuminate/Database/Connection->{closure:Illuminate/Database/Connection::affectingStatement():584}('delete from \"ca...', Array)
#2 C:/Users/Dicky/Documents/PROJEK/juaravibecoding/app_build/backend/vendor/laravel/framework/src/Illuminate/Database/Connection.php(779): Illuminate/Database/Connection->runQueryCallback('delete from \"ca...', Array, Object(Closure))
#3 C:/Users/Dicky/Documents/PROJEK/juaravibecoding/app_build/backend/vendor/laravel/framework/src/Illuminate/Database/Connection.php(584): Illuminate/Database/Connection->run('delete from \"ca...', Array, Object(Closure))
#4 C:/Users/Dicky/Documents/PROJEK/juaravibecoding/app_build/backend/vendor/laravel/framework/src/Illuminate/Database/Connection.php(548): Illuminate/Database/Connection->affectingStatement('delete from \"ca...', Array)
#5 C:/Users/Dicky/Documents/PROJEK/juaravibecoding/app_build/backend/vendor/laravel/framework/src/Illuminate/Database/Query/Builder.php(4024): Illuminate/Database/Connection->delete('delete from \"ca...', Array)
#6 C:/Users/Dicky/Documents/PROJEK/juaravibecoding/app_build/backend/vendor/laravel/framework/src/Illuminate/Cache/DatabaseStore.php(422): Illuminate/Database/Query/Builder->delete()
#7 C:/Users/Dicky/Documents/PROJEK/juaravibecoding/app_build/backend/vendor/laravel/framework/src/Illuminate/Cache/Repository.php(792): Illuminate/Cache/DatabaseStore->flush()
#8 C:/Users/Dicky/Documents/PROJEK/juaravibecoding/app_build/backend/vendor/laravel/framework/src/Illuminate/Cache/Console/ClearCommand.php(69): Illuminate/Cache/Repository->__call('flush', Array)
#9 C:/Users/Dicky/Documents/PROJEK/juaravibecoding/app_build/backend/vendor/laravel/framework/src/Illuminate/Container/BoundMethod.php(36): Illuminate/Cache/Console/ClearCommand->handle()
#10 C:/Users/Dicky/Documents/PROJEK/juaravibecoding/app_build/backend/vendor/laravel/framework/src/Illuminate/Container/Util.php(43): Illuminate/Container/BoundMethod::{closure:Illuminate/Container/BoundMethod::call():35}()
#11 C:/Users/Dicky/Documents/PROJEK/juaravibecoding/app_build/backend/vendor/laravel/framework/src/Illuminate/Container/BoundMethod.php(95): Illuminate/Container/Util::unwrapIfClosure(Object(Closure))
#12 C:/Users/Dicky/Documents/PROJEK/juaravibecoding/app_build/backend/vendor/laravel/framework/src/Illuminate/Container/BoundMethod.php(35): Illuminate/Container/BoundMethod::callBoundMethod(Object(Illuminate/Foundation/Application), Array, Object(Closure))
#13 C:/Users/Dicky/Documents/PROJEK/juaravibecoding/app_build/backend/vendor/laravel/framework/src/Illuminate/Container/Container.php(696): Illuminate/Container/BoundMethod::call(Object(Illuminate/Foundation/Application), Array, Array, NULL)
#14 C:/Users/Dicky/Documents/PROJEK/juaravibecoding/app_build/backend/vendor/laravel/framework/src/Illuminate/Console/Command.php(213): Illuminate/Container/Container->call(Array)
#15 C:/Users/Dicky/Documents/PROJEK/juaravibecoding/app_build/backend/vendor/symfony/console/Command/Command.php(341): Illuminate/Console/Command->execute(Object(Symfony/Component/Console/Input/ArgvInput), Object(Illuminate/Console/OutputStyle))
#16 C:/Users/Dicky/Documents/PROJEK/juaravibecoding/app_build/backend/vendor/laravel/framework/src/Illuminate/Console/Command.php(182): Symfony/Component/Console/Command/Command->run(Object(Symfony/Component/Console/Input/ArgvInput), Object(Illuminate/Console/OutputStyle))
#17 C:/Users/Dicky/Documents/PROJEK/juaravibecoding/app_build/backend/vendor/symfony/console/Application.php(1117): Illuminate/Console/Command->run(Object(Symfony/Component/Console/Input/ArgvInput), Object(Symfony/Component/Console/Output/ConsoleOutput))
#18 C:/Users/Dicky/Documents/PROJEK/juaravibecoding/app_build/backend/vendor/symfony/console/Application.php(356): Symfony/Component/Console/Application->doRunCommand(Object(Illuminate/Cache/Console/ClearCommand), Object(Symfony/Component/Console/Input/ArgvInput), Object(Symfony/Component/Console/Output/ConsoleOutput))
#19 C:/Users/Dicky/Documents/PROJEK/juaravibecoding/app_build/backend/vendor/symfony/console/Application.php(195): Symfony/Component/Console/Application->doRun(Object(Symfony/Component/Console/Input/ArgvInput), Object(Symfony/Component/Console/Output/ConsoleOutput))
#20 C:/Users/Dicky/Documents/PROJEK/juaravibecoding/app_build/backend/vendor/laravel/framework/src/Illuminate/Foundation/Console/Kernel.php(198): Symfony/Component/Console/Application->run(Object(Symfony/Component/Console/Input/ArgvInput), Object(Symfony/Component/Console/Output/ConsoleOutput))
#21 C:/Users/Dicky/Documents/PROJEK/juaravibecoding/app_build/backend/vendor/laravel/framework/src/Illuminate/Foundation/Application.php(1235): Illuminate/Foundation/Console/Kernel->handle(Object(Symfony/Component/Console/Input/ArgvInput), Object(Symfony/Component/Console/Output/ConsoleOutput))
#22 C:/Users/Dicky/Documents/PROJEK/juaravibecoding/app_build/backend/artisan(16): Illuminate/Foundation/Application->handleCommand(Object(Symfony/Component/Console/Input/ArgvInput))
#23 {main}
"} 
[2026-06-05 09:29:12] local.ERROR: Target class [DatabaseSeeder] does not exist. {"exception":"[object] (Illuminate\\Contracts\\Container\\BindingResolutionException(code: 0): Target class [DatabaseSeeder] does not exist. at C:/Users/Dicky/Documents/PROJEK/juaravibecoding/app_build/backend/vendor/laravel/framework/src/Illuminate/Container/Container.php:961)
[stacktrace]
#0 C:/Users/Dicky/Documents/PROJEK/juaravibecoding/app_build/backend/vendor/laravel/framework/src/Illuminate/Container/Container.php(832): Illuminate/Container/Container->build('DatabaseSeeder')
#1 C:/Users/Dicky/Documents/PROJEK/juaravibecoding/app_build/backend/vendor/laravel/framework/src/Illuminate/Foundation/Application.php(1078): Illuminate/Container/Container->resolve('DatabaseSeeder', Array, true)
#2 C:/Users/Dicky/Documents/PROJEK/juaravibecoding/app_build/backend/vendor/laravel/framework/src/Illuminate/Container/Container.php(763): Illuminate/Foundation/Application->resolve('DatabaseSeeder', Array)
#3 C:/Users/Dicky/Documents/PROJEK/juaravibecoding/app_build/backend/vendor/laravel/framework/src/Illuminate/Foundation/Application.php(1058): Illuminate/Container/Container->make('DatabaseSeeder', Array)
#4 C:/Users/Dicky/Documents/PROJEK/juaravibecoding/app_build/backend/vendor/laravel/framework/src/Illuminate/Database/Console/Seeds/SeedCommand.php(98): Illuminate/Foundation/Application->make('DatabaseSeeder')
#5 C:/Users/Dicky/Documents/PROJEK/juaravibecoding/app_build/backend/vendor/laravel/framework/src/Illuminate/Database/Console/Seeds/SeedCommand.php(70): Illuminate/Database/Console/Seeds/SeedCommand->getSeeder()
#6 C:/Users/Dicky/Documents/PROJEK/juaravibecoding/app_build/backend/vendor/laravel/framework/src/Illuminate/Database/Eloquent/Concerns/GuardsAttributes.php(155): Illuminate/Database/Console/Seeds/SeedCommand->{closure:Illuminate/Database/Console/Seeds/SeedCommand::handle():69}()
#7 C:/Users/Dicky/Documents/PROJEK/juaravibecoding/app_build/backend/vendor/laravel/framework/src/Illuminate/Database/Console/Seeds/SeedCommand.php(69): Illuminate/Database/Eloquent/Model::unguarded(Object(Closure))
#8 C:/Users/Dicky/Documents/PROJEK/juaravibecoding/app_build/backend/vendor/laravel/framework/src/Illuminate/Container/BoundMethod.php(36): Illuminate/Database/Console/Seeds/SeedCommand->handle()
#9 C:/Users/Dicky/Documents/PROJEK/juaravibecoding/app_build/backend/vendor/laravel/framework/src/Illuminate/Container/Util.php(43): Illuminate/Container/BoundMethod::{closure:Illuminate/Container/BoundMethod::call():35}()
#10 C:/Users/Dicky/Documents/PROJEK/juaravibecoding/app_build/backend/vendor/laravel/framework/src/Illuminate/Container/BoundMethod.php(95): Illuminate/Container/Util::unwrapIfClosure(Object(Closure))
#11 C:/Users/Dicky/Documents/PROJEK/juaravibecoding/app_build/backend/vendor/laravel/framework/src/Illuminate/Container/BoundMethod.php(35): Illuminate/Container/BoundMethod::callBoundMethod(Object(Illuminate/Foundation/Application), Array, Object(Closure))
#12 C:/Users/Dicky/Documents/PROJEK/juaravibecoding/app_build/backend/vendor/laravel/framework/src/Illuminate/Container/Container.php(696): Illuminate/Container/BoundMethod::call(Object(Illuminate/Foundation/Application), Array, Array, NULL)
#13 C:/Users/Dicky/Documents/PROJEK/juaravibecoding/app_build/backend/vendor/laravel/framework/src/Illuminate/Console/Command.php(213): Illuminate/Container/Container->call(Array)
#14 C:/Users/Dicky/Documents/PROJEK/juaravibecoding/app_build/backend/vendor/symfony/console/Command/Command.php(341): Illuminate/Console/Command->execute(Object(Symfony/Component/Console/Input/ArgvInput), Object(Illuminate/Console/OutputStyle))
#15 C:/Users/Dicky/Documents/PROJEK/juaravibecoding/app_build/backend/vendor/laravel/framework/src/Illuminate/Console/Command.php(182): Symfony/Component/Console/Command/Command->run(Object(Symfony/Component/Console/Input/ArgvInput), Object(Illuminate/Console/OutputStyle))
#16 C:/Users/Dicky/Documents/PROJEK/juaravibecoding/app_build/backend/vendor/symfony/console/Application.php(1117): Illuminate/Console/Command->run(Object(Symfony/Component/Console/Input/ArgvInput), Object(Symfony/Component/Console/Output/ConsoleOutput))
#17 C:/Users/Dicky/Documents/PROJEK/juaravibecoding/app_build/backend/vendor/symfony/console/Application.php(356): Symfony/Component/Console/Application->doRunCommand(Object(Illuminate/Database/Console/Seeds/SeedCommand), Object(Symfony/Component/Console/Input/ArgvInput), Object(Symfony/Component/Console/Output/ConsoleOutput))
#18 C:/Users/Dicky/Documents/PROJEK/juaravibecoding/app_build/backend/vendor/symfony/console/Application.php(195): Symfony/Component/Console/Application->doRun(Object(Symfony/Component/Console/Input/ArgvInput), Object(Symfony/Component/Console/Output/ConsoleOutput))
#19 C:/Users/Dicky/Documents/PROJEK/juaravibecoding/app_build/backend/vendor/laravel/framework/src/Illuminate/Foundation/Console/Kernel.php(198): Symfony/Component/Console/Application->run(Object(Symfony/Component/Console/Input/ArgvInput), Object(Symfony/Component/Console/Output/ConsoleOutput))
#20 C:/Users/Dicky/Documents/PROJEK/juaravibecoding/app_build/backend/vendor/laravel/framework/src/Illuminate/Foundation/Application.php(1235): Illuminate/Foundation/Console/Kernel->handle(Object(Symfony/Component/Console/Input/ArgvInput), Object(Symfony/Component/Console/Output/ConsoleOutput))
#21 C:/Users/Dicky/Documents/PROJEK/juaravibecoding/app_build/backend/artisan(16): Illuminate/Foundation/Application->handleCommand(Object(Symfony/Component/Console/Input/ArgvInput))
#22 {main}

[previous exception] [object] (ReflectionException(code: -1): Class \"DatabaseSeeder\" does not exist at C:/Users/Dicky/Documents/PROJEK/juaravibecoding/app_build/backend/vendor/laravel/framework/src/Illuminate/Container/Container.php:959)
[stacktrace]
#0 C:/Users/Dicky/Documents/PROJEK/juaravibecoding/app_build/backend/vendor/laravel/framework/src/Illuminate/Container/Container.php(959): ReflectionClass->__construct('DatabaseSeeder')
#1 C:/Users/Dicky/Documents/PROJEK/juaravibecoding/app_build/backend/vendor/laravel/framework/src/Illuminate/Container/Container.php(832): Illuminate/Container/Container->build('DatabaseSeeder')
#2 C:/Users/Dicky/Documents/PROJEK/juaravibecoding/app_build/backend/vendor/laravel/framework/src/Illuminate/Foundation/Application.php(1078): Illuminate/Container/Container->resolve('DatabaseSeeder', Array, true)
#3 C:/Users/Dicky/Documents/PROJEK/juaravibecoding/app_build/backend/vendor/laravel/framework/src/Illuminate/Container/Container.php(763): Illuminate/Foundation/Application->resolve('DatabaseSeeder', Array)
#4 C:/Users/Dicky/Documents/PROJEK/juaravibecoding/app_build/backend/vendor/laravel/framework/src/Illuminate/Foundation/Application.php(1058): Illuminate/Container/Container->make('DatabaseSeeder', Array)
#5 C:/Users/Dicky/Documents/PROJEK/juaravibecoding/app_build/backend/vendor/laravel/framework/src/Illuminate/Database/Console/Seeds/SeedCommand.php(98): Illuminate/Foundation/Application->make('DatabaseSeeder')
#6 C:/Users/Dicky/Documents/PROJEK/juaravibecoding/app_build/backend/vendor/laravel/framework/src/Illuminate/Database/Console/Seeds/SeedCommand.php(70): Illuminate/Database/Console/Seeds/SeedCommand->getSeeder()
#7 C:/Users/Dicky/Documents/PROJEK/juaravibecoding/app_build/backend/vendor/laravel/framework/src/Illuminate/Database/Eloquent/Concerns/GuardsAttributes.php(155): Illuminate/Database/Console/Seeds/SeedCommand->{closure:Illuminate/Database/Console/Seeds/SeedCommand::handle():69}()
#8 C:/Users/Dicky/Documents/PROJEK/juaravibecoding/app_build/backend/vendor/laravel/framework/src/Illuminate/Database/Console/Seeds/SeedCommand.php(69): Illuminate/Database/Eloquent/Model::unguarded(Object(Closure))
#9 C:/Users/Dicky/Documents/PROJEK/juaravibecoding/app_build/backend/vendor/laravel/framework/src/Illuminate/Container/BoundMethod.php(36): Illuminate/Database/Console/Seeds/SeedCommand->handle()
#10 C:/Users/Dicky/Documents/PROJEK/juaravibecoding/app_build/backend/vendor/laravel/framework/src/Illuminate/Container/Util.php(43): Illuminate/Container/BoundMethod::{closure:Illuminate/Container/BoundMethod::call():35}()
#11 C:/Users/Dicky/Documents/PROJEK/juaravibecoding/app_build/backend/vendor/laravel/framework/src/Illuminate/Container/BoundMethod.php(95): Illuminate/Container/Util::unwrapIfClosure(Object(Closure))
#12 C:/Users/Dicky/Documents/PROJEK/juaravibecoding/app_build/backend/vendor/laravel/framework/src/Illuminate/Container/BoundMethod.php(35): Illuminate/Container/BoundMethod::callBoundMethod(Object(Illuminate/Foundation/Application), Array, Object(Closure))
#13 C:/Users/Dicky/Documents/PROJEK/juaravibecoding/app_build/backend/vendor/laravel/framework/src/Illuminate/Container/Container.php(696): Illuminate/Container/BoundMethod::call(Object(Illuminate/Foundation/Application), Array, Array, NULL)
#14 C:/Users/Dicky/Documents/PROJEK/juaravibecoding/app_build/backend/vendor/laravel/framework/src/Illuminate/Console/Command.php(213): Illuminate/Container/Container->call(Array)
#15 C:/Users/Dicky/Documents/PROJEK/juaravibecoding/app_build/backend/vendor/symfony/console/Command/Command.php(341): Illuminate/Console/Command->execute(Object(Symfony/Component/Console/Input/ArgvInput), Object(Illuminate/Console/OutputStyle))
#16 C:/Users/Dicky/Documents/PROJEK/juaravibecoding/app_build/backend/vendor/laravel/framework/src/Illuminate/Console/Command.php(182): Symfony/Component/Console/Command/Command->run(Object(Symfony/Component/Console/Input/ArgvInput), Object(Illuminate/Console/OutputStyle))
#17 C:/Users/Dicky/Documents/PROJEK/juaravibecoding/app_build/backend/vendor/symfony/console/Application.php(1117): Illuminate/Console/Command->run(Object(Symfony/Component/Console/Input/ArgvInput), Object(Symfony/Component/Console/Output/ConsoleOutput))
#18 C:/Users/Dicky/Documents/PROJEK/juaravibecoding/app_build/backend/vendor/symfony/console/Application.php(356): Symfony/Component/Console/Application->doRunCommand(Object(Illuminate/Database/Console/Seeds/SeedCommand), Object(Symfony/Component/Console/Input/ArgvInput), Object(Symfony/Component/Console/Output/ConsoleOutput))
#19 C:/Users/Dicky/Documents/PROJEK/juaravibecoding/app_build/backend/vendor/symfony/console/Application.php(195): Symfony/Component/Console/Application->doRun(Object(Symfony/Component/Console/Input/ArgvInput), Object(Symfony/Component/Console/Output/ConsoleOutput))
#20 C:/Users/Dicky/Documents/PROJEK/juaravibecoding/app_build/backend/vendor/laravel/framework/src/Illuminate/Foundation/Console/Kernel.php(198): Symfony/Component/Console/Application->run(Object(Symfony/Component/Console/Input/ArgvInput), Object(Symfony/Component/Console/Output/ConsoleOutput))
#21 C:/Users/Dicky/Documents/PROJEK/juaravibecoding/app_build/backend/vendor/laravel/framework/src/Illuminate/Foundation/Application.php(1235): Illuminate/Foundation/Console/Kernel->handle(Object(Symfony/Component/Console/Input/ArgvInput), Object(Symfony/Component/Console/Output/ConsoleOutput))
#22 C:/Users/Dicky/Documents/PROJEK/juaravibecoding/app_build/backend/artisan(16): Illuminate/Foundation/Application->handleCommand(Object(Symfony/Component/Console/Input/ArgvInput))
#23 {main}
"} 
[2026-06-05 09:34:15] local.ERROR: SQLSTATE[HY000]: General error: 1 no such table: cache (Connection: sqlite, SQL: delete from "cache") {"exception":"[object] (Illuminate\\Database\\QueryException(code: HY000): SQLSTATE[HY000]: General error: 1 no such table: cache (Connection: sqlite, SQL: delete from \"cache\") at C:/Users/Dicky/Documents/PROJEK/juaravibecoding/app_build/backend/vendor/laravel/framework/src/Illuminate/Database/Connection.php:825)
[stacktrace]
#0 C:/Users/Dicky/Documents/PROJEK/juaravibecoding/app_build/backend/vendor/laravel/framework/src/Illuminate/Database/Connection.php(779): Illuminate/Database/Connection->runQueryCallback('delete from \"ca...', Array, Object(Closure))
#1 C:/Users/Dicky/Documents/PROJEK/juaravibecoding/app_build/backend/vendor/laravel/framework/src/Illuminate/Database/Connection.php(584): Illuminate/Database/Connection->run('delete from \"ca...', Array, Object(Closure))
#2 C:/Users/Dicky/Documents/PROJEK/juaravibecoding/app_build/backend/vendor/laravel/framework/src/Illuminate/Database/Connection.php(548): Illuminate/Database/Connection->affectingStatement('delete from \"ca...', Array)
#3 C:/Users/Dicky/Documents/PROJEK/juaravibecoding/app_build/backend/vendor/laravel/framework/src/Illuminate/Database/Query/Builder.php(4024): Illuminate/Database/Connection->delete('delete from \"ca...', Array)
#4 C:/Users/Dicky/Documents/PROJEK/juaravibecoding/app_build/backend/vendor/laravel/framework/src/Illuminate/Cache/DatabaseStore.php(422): Illuminate/Database/Query/Builder->delete()
#5 C:/Users/Dicky/Documents/PROJEK/juaravibecoding/app_build/backend/vendor/laravel/framework/src/Illuminate/Cache/Repository.php(792): Illuminate/Cache/DatabaseStore->flush()
#6 C:/Users/Dicky/Documents/PROJEK/juaravibecoding/app_build/backend/vendor/laravel/framework/src/Illuminate/Cache/Console/ClearCommand.php(69): Illuminate/Cache/Repository->__call('flush', Array)
#7 C:/Users/Dicky/Documents/PROJEK/juaravibecoding/app_build/backend/vendor/laravel/framework/src/Illuminate/Container/BoundMethod.php(36): Illuminate/Cache/Console/ClearCommand->handle()
#8 C:/Users/Dicky/Documents/PROJEK/juaravibecoding/app_build/backend/vendor/laravel/framework/src/Illuminate/Container/Util.php(43): Illuminate/Container/BoundMethod::{closure:Illuminate/Container/BoundMethod::call():35}()
#9 C:/Users/Dicky/Documents/PROJEK/juaravibecoding/app_build/backend/vendor/laravel/framework/src/Illuminate/Container/BoundMethod.php(95): Illuminate/Container/Util::unwrapIfClosure(Object(Closure))
#10 C:/Users/Dicky/Documents/PROJEK/juaravibecoding/app_build/backend/vendor/laravel/framework/src/Illuminate/Container/BoundMethod.php(35): Illuminate/Container/BoundMethod::callBoundMethod(Object(Illuminate/Foundation/Application), Array, Object(Closure))
#11 C:/Users/Dicky/Documents/PROJEK/juaravibecoding/app_build/backend/vendor/laravel/framework/src/Illuminate/Container/Container.php(696): Illuminate/Container/BoundMethod::call(Object(Illuminate/Foundation/Application), Array, Array, NULL)
#12 C:/Users/Dicky/Documents/PROJEK/juaravibecoding/app_build/backend/vendor/laravel/framework/src/Illuminate/Console/Command.php(213): Illuminate/Container/Container->call(Array)
#13 C:/Users/Dicky/Documents/PROJEK/juaravibecoding/app_build/backend/vendor/symfony/console/Command/Command.php(341): Illuminate/Console/Command->execute(Object(Symfony/Component/Console/Input/ArgvInput), Object(Illuminate/Console/OutputStyle))
#14 C:/Users/Dicky/Documents/PROJEK/juaravibecoding/app_build/backend/vendor/laravel/framework/src/Illuminate/Console/Command.php(182): Symfony/Component/Console/Command/Command->run(Object(Symfony/Component/Console/Input/ArgvInput), Object(Illuminate/Console/OutputStyle))
#15 C:/Users/Dicky/Documents/PROJEK/juaravibecoding/app_build/backend/vendor/symfony/console/Application.php(1117): Illuminate/Console/Command->run(Object(Symfony/Component/Console/Input/ArgvInput), Object(Symfony/Component/Console/Output/ConsoleOutput))
#16 C:/Users/Dicky/Documents/PROJEK/juaravibecoding/app_build/backend/vendor/symfony/console/Application.php(356): Symfony/Component/Console/Application->doRunCommand(Object(Illuminate/Cache/Console/ClearCommand), Object(Symfony/Component/Console/Input/ArgvInput), Object(Symfony/Component/Console/Output/ConsoleOutput))
#17 C:/Users/Dicky/Documents/PROJEK/juaravibecoding/app_build/backend/vendor/symfony/console/Application.php(195): Symfony/Component/Console/Application->doRun(Object(Symfony/Component/Console/Input/ArgvInput), Object(Symfony/Component/Console/Output/ConsoleOutput))
#18 C:/Users/Dicky/Documents/PROJEK/juaravibecoding/app_build/backend/vendor/laravel/framework/src/Illuminate/Foundation/Console/Kernel.php(198): Symfony/Component/Console/Application->run(Object(Symfony/Component/Console/Input/ArgvInput), Object(Symfony/Component/Console/Output/ConsoleOutput))
#19 C:/Users/Dicky/Documents/PROJEK/juaravibecoding/app_build/backend/vendor/laravel/framework/src/Illuminate/Foundation/Application.php(1235): Illuminate/Foundation/Console/Kernel->handle(Object(Symfony/Component/Console/Input/ArgvInput), Object(Symfony/Component/Console/Output/ConsoleOutput))
#20 C:/Users/Dicky/Documents/PROJEK/juaravibecoding/app_build/backend/artisan(16): Illuminate/Foundation/Application->handleCommand(Object(Symfony/Component/Console/Input/ArgvInput))
#21 {main}

[previous exception] [object] (PDOException(code: HY000): SQLSTATE[HY000]: General error: 1 no such table: cache at C:/Users/Dicky/Documents/PROJEK/juaravibecoding/app_build/backend/vendor/laravel/framework/src/Illuminate/Database/Connection.php:592)
[stacktrace]
#0 C:/Users/Dicky/Documents/PROJEK/juaravibecoding/app_build/backend/vendor/laravel/framework/src/Illuminate/Database/Connection.php(592): PDO->prepare('delete from \"ca...')
#1 C:/Users/Dicky/Documents/PROJEK/juaravibecoding/app_build/backend/vendor/laravel/framework/src/Illuminate/Database/Connection.php(812): Illuminate/Database/Connection->{closure:Illuminate/Database/Connection::affectingStatement():584}('delete from \"ca...', Array)
#2 C:/Users/Dicky/Documents/PROJEK/juaravibecoding/app_build/backend/vendor/laravel/framework/src/Illuminate/Database/Connection.php(779): Illuminate/Database/Connection->runQueryCallback('delete from \"ca...', Array, Object(Closure))
#3 C:/Users/Dicky/Documents/PROJEK/juaravibecoding/app_build/backend/vendor/laravel/framework/src/Illuminate/Database/Connection.php(584): Illuminate/Database/Connection->run('delete from \"ca...', Array, Object(Closure))
#4 C:/Users/Dicky/Documents/PROJEK/juaravibecoding/app_build/backend/vendor/laravel/framework/src/Illuminate/Database/Connection.php(548): Illuminate/Database/Connection->affectingStatement('delete from \"ca...', Array)
#5 C:/Users/Dicky/Documents/PROJEK/juaravibecoding/app_build/backend/vendor/laravel/framework/src/Illuminate/Database/Query/Builder.php(4024): Illuminate/Database/Connection->delete('delete from \"ca...', Array)
#6 C:/Users/Dicky/Documents/PROJEK/juaravibecoding/app_build/backend/vendor/laravel/framework/src/Illuminate/Cache/DatabaseStore.php(422): Illuminate/Database/Query/Builder->delete()
#7 C:/Users/Dicky/Documents/PROJEK/juaravibecoding/app_build/backend/vendor/laravel/framework/src/Illuminate/Cache/Repository.php(792): Illuminate/Cache/DatabaseStore->flush()
#8 C:/Users/Dicky/Documents/PROJEK/juaravibecoding/app_build/backend/vendor/laravel/framework/src/Illuminate/Cache/Console/ClearCommand.php(69): Illuminate/Cache/Repository->__call('flush', Array)
#9 C:/Users/Dicky/Documents/PROJEK/juaravibecoding/app_build/backend/vendor/laravel/framework/src/Illuminate/Container/BoundMethod.php(36): Illuminate/Cache/Console/ClearCommand->handle()
#10 C:/Users/Dicky/Documents/PROJEK/juaravibecoding/app_build/backend/vendor/laravel/framework/src/Illuminate/Container/Util.php(43): Illuminate/Container/BoundMethod::{closure:Illuminate/Container/BoundMethod::call():35}()
#11 C:/Users/Dicky/Documents/PROJEK/juaravibecoding/app_build/backend/vendor/laravel/framework/src/Illuminate/Container/BoundMethod.php(95): Illuminate/Container/Util::unwrapIfClosure(Object(Closure))
#12 C:/Users/Dicky/Documents/PROJEK/juaravibecoding/app_build/backend/vendor/laravel/framework/src/Illuminate/Container/BoundMethod.php(35): Illuminate/Container/BoundMethod::callBoundMethod(Object(Illuminate/Foundation/Application), Array, Object(Closure))
#13 C:/Users/Dicky/Documents/PROJEK/juaravibecoding/app_build/backend/vendor/laravel/framework/src/Illuminate/Container/Container.php(696): Illuminate/Container/BoundMethod::call(Object(Illuminate/Foundation/Application), Array, Array, NULL)
#14 C:/Users/Dicky/Documents/PROJEK/juaravibecoding/app_build/backend/vendor/laravel/framework/src/Illuminate/Console/Command.php(213): Illuminate/Container/Container->call(Array)
#15 C:/Users/Dicky/Documents/PROJEK/juaravibecoding/app_build/backend/vendor/symfony/console/Command/Command.php(341): Illuminate/Console/Command->execute(Object(Symfony/Component/Console/Input/ArgvInput), Object(Illuminate/Console/OutputStyle))
#16 C:/Users/Dicky/Documents/PROJEK/juaravibecoding/app_build/backend/vendor/laravel/framework/src/Illuminate/Console/Command.php(182): Symfony/Component/Console/Command/Command->run(Object(Symfony/Component/Console/Input/ArgvInput), Object(Illuminate/Console/OutputStyle))
#17 C:/Users/Dicky/Documents/PROJEK/juaravibecoding/app_build/backend/vendor/symfony/console/Application.php(1117): Illuminate/Console/Command->run(Object(Symfony/Component/Console/Input/ArgvInput), Object(Symfony/Component/Console/Output/ConsoleOutput))
#18 C:/Users/Dicky/Documents/PROJEK/juaravibecoding/app_build/backend/vendor/symfony/console/Application.php(356): Symfony/Component/Console/Application->doRunCommand(Object(Illuminate/Cache/Console/ClearCommand), Object(Symfony/Component/Console/Input/ArgvInput), Object(Symfony/Component/Console/Output/ConsoleOutput))
#19 C:/Users/Dicky/Documents/PROJEK/juaravibecoding/app_build/backend/vendor/symfony/console/Application.php(195): Symfony/Component/Console/Application->doRun(Object(Symfony/Component/Console/Input/ArgvInput), Object(Symfony/Component/Console/Output/ConsoleOutput))
#20 C:/Users/Dicky/Documents/PROJEK/juaravibecoding/app_build/backend/vendor/laravel/framework/src/Illuminate/Foundation/Console/Kernel.php(198): Symfony/Component/Console/Application->run(Object(Symfony/Component/Console/Input/ArgvInput), Object(Symfony/Component/Console/Output/ConsoleOutput))
#21 C:/Users/Dicky/Documents/PROJEK/juaravibecoding/app_build/backend/vendor/laravel/framework/src/Illuminate/Foundation/Application.php(1235): Illuminate/Foundation/Console/Kernel->handle(Object(Symfony/Component/Console/Input/ArgvInput), Object(Symfony/Component/Console/Output/ConsoleOutput))
#22 C:/Users/Dicky/Documents/PROJEK/juaravibecoding/app_build/backend/artisan(16): Illuminate/Foundation/Application->handleCommand(Object(Symfony/Component/Console/Input/ArgvInput))
#23 {main}
"} 
[2026-06-05 10:59:08] local.INFO: ProcessReceiptOCR: Starting for user 1  
[2026-06-05 10:59:47] local.ERROR: ProcessReceiptOCR failed for user 1: SQLSTATE[HY000]: General error: 1 no such table: offline_queues (Connection: sqlite, SQL: update "offline_queues" set "status" = uploaded, "updated_at" = 2026-06-05 10:59:47 where "image_path" = receipts/tUS8ePTVrZCvWcnb8C0d97RGoi4gV1X2ipCpz6yt.jpg)  
[2026-06-05 10:59:47] local.ERROR: SQLSTATE[HY000]: General error: 1 no such table: offline_queues (Connection: sqlite, SQL: update "offline_queues" set "status" = failed, "updated_at" = 2026-06-05 10:59:47 where "image_path" = receipts/tUS8ePTVrZCvWcnb8C0d97RGoi4gV1X2ipCpz6yt.jpg) {"exception":"[object] (Illuminate\\Database\\QueryException(code: HY000): SQLSTATE[HY000]: General error: 1 no such table: offline_queues (Connection: sqlite, SQL: update \"offline_queues\" set \"status\" = failed, \"updated_at\" = 2026-06-05 10:59:47 where \"image_path\" = receipts/tUS8ePTVrZCvWcnb8C0d97RGoi4gV1X2ipCpz6yt.jpg) at C:/Users/Dicky/Documents/PROJEK/juaravibecoding/app_build/backend/vendor/laravel/framework/src/Illuminate/Database/Connection.php:825)
[stacktrace]
#0 C:/Users/Dicky/Documents/PROJEK/juaravibecoding/app_build/backend/vendor/laravel/framework/src/Illuminate/Database/Connection.php(779): Illuminate/Database/Connection->runQueryCallback('update \"offline...', Array, Object(Closure))
#1 C:/Users/Dicky/Documents/PROJEK/juaravibecoding/app_build/backend/vendor/laravel/framework/src/Illuminate/Database/Connection.php(584): Illuminate/Database/Connection->run('update \"offline...', Array, Object(Closure))
#2 C:/Users/Dicky/Documents/PROJEK/juaravibecoding/app_build/backend/vendor/laravel/framework/src/Illuminate/Database/Connection.php(536): Illuminate/Database/Connection->affectingStatement('update \"offline...', Array)
#3 C:/Users/Dicky/Documents/PROJEK/juaravibecoding/app_build/backend/vendor/laravel/framework/src/Illuminate/Database/Query/Builder.php(3830): Illuminate/Database/Connection->update('update \"offline...', Array)
#4 C:/Users/Dicky/Documents/PROJEK/juaravibecoding/app_build/backend/vendor/laravel/framework/src/Illuminate/Database/Eloquent/Builder.php(1175): Illuminate/Database/Query/Builder->update(Object(Illuminate/Support/Collection))
#5 C:/Users/Dicky/Documents/PROJEK/juaravibecoding/app_build/backend/app/Jobs/ProcessReceiptOCR.php(106): Illuminate/Database/Eloquent/Builder->update(Array)
#6 C:/Users/Dicky/Documents/PROJEK/juaravibecoding/app_build/backend/vendor/laravel/framework/src/Illuminate/Container/BoundMethod.php(36): App/Jobs/ProcessReceiptOCR->handle(Object(App/Services/CloudVisionService), Object(App/Services/GeminiService), Object(App/Services/ExpirationCalculatorService), Object(App/Http/Middleware/PrivacyFilterMiddleware))
#7 C:/Users/Dicky/Documents/PROJEK/juaravibecoding/app_build/backend/vendor/laravel/framework/src/Illuminate/Container/Util.php(43): Illuminate/Container/BoundMethod::{closure:Illuminate/Container/BoundMethod::call():35}()
#8 C:/Users/Dicky/Documents/PROJEK/juaravibecoding/app_build/backend/vendor/laravel/framework/src/Illuminate/Container/BoundMethod.php(95): Illuminate/Container/Util::unwrapIfClosure(Object(Closure))
#9 C:/Users/Dicky/Documents/PROJEK/juaravibecoding/app_build/backend/vendor/laravel/framework/src/Illuminate/Container/BoundMethod.php(35): Illuminate/Container/BoundMethod::callBoundMethod(Object(Illuminate/Foundation/Application), Array, Object(Closure))
#10 C:/Users/Dicky/Documents/PROJEK/juaravibecoding/app_build/backend/vendor/laravel/framework/src/Illuminate/Container/Container.php(696): Illuminate/Container/BoundMethod::call(Object(Illuminate/Foundation/Application), Array, Array, NULL)
#11 C:/Users/Dicky/Documents/PROJEK/juaravibecoding/app_build/backend/vendor/laravel/framework/src/Illuminate/Bus/Dispatcher.php(126): Illuminate/Container/Container->call(Array)
#12 C:/Users/Dicky/Documents/PROJEK/juaravibecoding/app_build/backend/vendor/laravel/framework/src/Illuminate/Pipeline/Pipeline.php(170): Illuminate/Bus/Dispatcher->{closure:Illuminate/Bus/Dispatcher::dispatchNow():123}(Object(App/Jobs/ProcessReceiptOCR))
#13 C:/Users/Dicky/Documents/PROJEK/juaravibecoding/app_build/backend/vendor/laravel/framework/src/Illuminate/Pipeline/Pipeline.php(127): Illuminate/Pipeline/Pipeline->{closure:Illuminate/Pipeline/Pipeline::prepareDestination():168}(Object(App/Jobs/ProcessReceiptOCR))
#14 C:/Users/Dicky/Documents/PROJEK/juaravibecoding/app_build/backend/vendor/laravel/framework/src/Illuminate/Bus/Dispatcher.php(130): Illuminate/Pipeline/Pipeline->then(Object(Closure))
#15 C:/Users/Dicky/Documents/PROJEK/juaravibecoding/app_build/backend/vendor/laravel/framework/src/Illuminate/Queue/CallQueuedHandler.php(126): Illuminate/Bus/Dispatcher->dispatchNow(Object(App/Jobs/ProcessReceiptOCR), false)
#16 C:/Users/Dicky/Documents/PROJEK/juaravibecoding/app_build/backend/vendor/laravel/framework/src/Illuminate/Pipeline/Pipeline.php(170): Illuminate/Queue/CallQueuedHandler->{closure:Illuminate/Queue/CallQueuedHandler::dispatchThroughMiddleware():121}(Object(App/Jobs/ProcessReceiptOCR))
#17 C:/Users/Dicky/Documents/PROJEK/juaravibecoding/app_build/backend/vendor/laravel/framework/src/Illuminate/Pipeline/Pipeline.php(127): Illuminate/Pipeline/Pipeline->{closure:Illuminate/Pipeline/Pipeline::prepareDestination():168}(Object(App/Jobs/ProcessReceiptOCR))
#18 C:/Users/Dicky/Documents/PROJEK/juaravibecoding/app_build/backend/vendor/laravel/framework/src/Illuminate/Queue/CallQueuedHandler.php(121): Illuminate/Pipeline/Pipeline->then(Object(Closure))
#19 C:/Users/Dicky/Documents/PROJEK/juaravibecoding/app_build/backend/vendor/laravel/framework/src/Illuminate/Queue/CallQueuedHandler.php(69): Illuminate/Queue/CallQueuedHandler->dispatchThroughMiddleware(Object(Illuminate/Queue/Jobs/DatabaseJob), Object(App/Jobs/ProcessReceiptOCR))
#20 C:/Users/Dicky/Documents/PROJEK/juaravibecoding/app_build/backend/vendor/laravel/framework/src/Illuminate/Queue/Jobs/Job.php(102): Illuminate/Queue/CallQueuedHandler->call(Object(Illuminate/Queue/Jobs/DatabaseJob), Array)
#21 C:/Users/Dicky/Documents/PROJEK/juaravibecoding/app_build/backend/vendor/laravel/framework/src/Illuminate/Queue/Worker.php(461): Illuminate/Queue/Jobs/Job->fire()
#22 C:/Users/Dicky/Documents/PROJEK/juaravibecoding/app_build/backend/vendor/laravel/framework/src/Illuminate/Queue/Worker.php(411): Illuminate/Queue/Worker->process('database', Object(Illuminate/Queue/Jobs/DatabaseJob), Object(Illuminate/Queue/WorkerOptions))
#23 C:/Users/Dicky/Documents/PROJEK/juaravibecoding/app_build/backend/vendor/laravel/framework/src/Illuminate/Queue/Worker.php(189): Illuminate/Queue/Worker->runJob(Object(Illuminate/Queue/Jobs/DatabaseJob), 'database', Object(Illuminate/Queue/WorkerOptions))
#24 C:/Users/Dicky/Documents/PROJEK/juaravibecoding/app_build/backend/vendor/laravel/framework/src/Illuminate/Queue/Console/WorkCommand.php(150): Illuminate/Queue/Worker->daemon('database', 'default', Object(Illuminate/Queue/WorkerOptions))
#25 C:/Users/Dicky/Documents/PROJEK/juaravibecoding/app_build/backend/vendor/laravel/framework/src/Illuminate/Queue/Console/WorkCommand.php(133): Illuminate/Queue/Console/WorkCommand->runWorker('database', 'default')
#26 C:/Users/Dicky/Documents/PROJEK/juaravibecoding/app_build/backend/vendor/laravel/framework/src/Illuminate/Container/BoundMethod.php(36): Illuminate/Queue/Console/WorkCommand->handle()
#27 C:/Users/Dicky/Documents/PROJEK/juaravibecoding/app_build/backend/vendor/laravel/framework/src/Illuminate/Container/Util.php(43): Illuminate/Container/BoundMethod::{closure:Illuminate/Container/BoundMethod::call():35}()
#28 C:/Users/Dicky/Documents/PROJEK/juaravibecoding/app_build/backend/vendor/laravel/framework/src/Illuminate/Container/BoundMethod.php(95): Illuminate/Container/Util::unwrapIfClosure(Object(Closure))
#29 C:/Users/Dicky/Documents/PROJEK/juaravibecoding/app_build/backend/vendor/laravel/framework/src/Illuminate/Container/BoundMethod.php(35): Illuminate/Container/BoundMethod::callBoundMethod(Object(Illuminate/Foundation/Application), Array, Object(Closure))
#30 C:/Users/Dicky/Documents/PROJEK/juaravibecoding/app_build/backend/vendor/laravel/framework/src/Illuminate/Container/Container.php(696): Illuminate/Container/BoundMethod::call(Object(Illuminate/Foundation/Application), Array, Array, NULL)
#31 C:/Users/Dicky/Documents/PROJEK/juaravibecoding/app_build/backend/vendor/laravel/framework/src/Illuminate/Console/Command.php(213): Illuminate/Container/Container->call(Array)
#32 C:/Users/Dicky/Documents/PROJEK/juaravibecoding/app_build/backend/vendor/symfony/console/Command/Command.php(341): Illuminate/Console/Command->execute(Object(Symfony/Component/Console/Input/ArgvInput), Object(Illuminate/Console/OutputStyle))
#33 C:/Users/Dicky/Documents/PROJEK/juaravibecoding/app_build/backend/vendor/laravel/framework/src/Illuminate/Console/Command.php(182): Symfony/Component/Console/Command/Command->run(Object(Symfony/Component/Console/Input/ArgvInput), Object(Illuminate/Console/OutputStyle))
#34 C:/Users/Dicky/Documents/PROJEK/juaravibecoding/app_build/backend/vendor/symfony/console/Application.php(1117): Illuminate/Console/Command->run(Object(Symfony/Component/Console/Input/ArgvInput), Object(Symfony/Component/Console/Output/ConsoleOutput))
#35 C:/Users/Dicky/Documents/PROJEK/juaravibecoding/app_build/backend/vendor/symfony/console/Application.php(356): Symfony/Component/Console/Application->doRunCommand(Object(Illuminate/Queue/Console/WorkCommand), Object(Symfony/Component/Console/Input/ArgvInput), Object(Symfony/Component/Console/Output/ConsoleOutput))
#36 C:/Users/Dicky/Documents/PROJEK/juaravibecoding/app_build/backend/vendor/symfony/console/Application.php(195): Symfony/Component/Console/Application->doRun(Object(Symfony/Component/Console/Input/ArgvInput), Object(Symfony/Component/Console/Output/ConsoleOutput))
#37 C:/Users/Dicky/Documents/PROJEK/juaravibecoding/app_build/backend/vendor/laravel/framework/src/Illuminate/Foundation/Console/Kernel.php(198): Symfony/Component/Console/Application->run(Object(Symfony/Component/Console/Input/ArgvInput), Object(Symfony/Component/Console/Output/ConsoleOutput))
#38 C:/Users/Dicky/Documents/PROJEK/juaravibecoding/app_build/backend/vendor/laravel/framework/src/Illuminate/Foundation/Application.php(1235): Illuminate/Foundation/Console/Kernel->handle(Object(Symfony/Component/Console/Input/ArgvInput), Object(Symfony/Component/Console/Output/ConsoleOutput))
#39 C:/Users/Dicky/Documents/PROJEK/juaravibecoding/app_build/backend/artisan(16): Illuminate/Foundation/Application->handleCommand(Object(Symfony/Component/Console/Input/ArgvInput))
#40 {main}

[previous exception] [object] (PDOException(code: HY000): SQLSTATE[HY000]: General error: 1 no such table: offline_queues at C:/Users/Dicky/Documents/PROJEK/juaravibecoding/app_build/backend/vendor/laravel/framework/src/Illuminate/Database/Connection.php:592)
[stacktrace]
#0 C:/Users/Dicky/Documents/PROJEK/juaravibecoding/app_build/backend/vendor/laravel/framework/src/Illuminate/Database/Connection.php(592): PDO->prepare('update \"offline...')
#1 C:/Users/Dicky/Documents/PROJEK/juaravibecoding/app_build/backend/vendor/laravel/framework/src/Illuminate/Database/Connection.php(812): Illuminate/Database/Connection->{closure:Illuminate/Database/Connection::affectingStatement():584}('update \"offline...', Array)
#2 C:/Users/Dicky/Documents/PROJEK/juaravibecoding/app_build/backend/vendor/laravel/framework/src/Illuminate/Database/Connection.php(779): Illuminate/Database/Connection->runQueryCallback('update \"offline...', Array, Object(Closure))
#3 C:/Users/Dicky/Documents/PROJEK/juaravibecoding/app_build/backend/vendor/laravel/framework/src/Illuminate/Database/Connection.php(584): Illuminate/Database/Connection->run('update \"offline...', Array, Object(Closure))
#4 C:/Users/Dicky/Documents/PROJEK/juaravibecoding/app_build/backend/vendor/laravel/framework/src/Illuminate/Database/Connection.php(536): Illuminate/Database/Connection->affectingStatement('update \"offline...', Array)
#5 C:/Users/Dicky/Documents/PROJEK/juaravibecoding/app_build/backend/vendor/laravel/framework/src/Illuminate/Database/Query/Builder.php(3830): Illuminate/Database/Connection->update('update \"offline...', Array)
#6 C:/Users/Dicky/Documents/PROJEK/juaravibecoding/app_build/backend/vendor/laravel/framework/src/Illuminate/Database/Eloquent/Builder.php(1175): Illuminate/Database/Query/Builder->update(Object(Illuminate/Support/Collection))
#7 C:/Users/Dicky/Documents/PROJEK/juaravibecoding/app_build/backend/app/Jobs/ProcessReceiptOCR.php(106): Illuminate/Database/Eloquent/Builder->update(Array)
#8 C:/Users/Dicky/Documents/PROJEK/juaravibecoding/app_build/backend/vendor/laravel/framework/src/Illuminate/Container/BoundMethod.php(36): App/Jobs/ProcessReceiptOCR->handle(Object(App/Services/CloudVisionService), Object(App/Services/GeminiService), Object(App/Services/ExpirationCalculatorService), Object(App/Http/Middleware/PrivacyFilterMiddleware))
#9 C:/Users/Dicky/Documents/PROJEK/juaravibecoding/app_build/backend/vendor/laravel/framework/src/Illuminate/Container/Util.php(43): Illuminate/Container/BoundMethod::{closure:Illuminate/Container/BoundMethod::call():35}()
#10 C:/Users/Dicky/Documents/PROJEK/juaravibecoding/app_build/backend/vendor/laravel/framework/src/Illuminate/Container/BoundMethod.php(95): Illuminate/Container/Util::unwrapIfClosure(Object(Closure))
#11 C:/Users/Dicky/Documents/PROJEK/juaravibecoding/app_build/backend/vendor/laravel/framework/src/Illuminate/Container/BoundMethod.php(35): Illuminate/Container/BoundMethod::callBoundMethod(Object(Illuminate/Foundation/Application), Array, Object(Closure))
#12 C:/Users/Dicky/Documents/PROJEK/juaravibecoding/app_build/backend/vendor/laravel/framework/src/Illuminate/Container/Container.php(696): Illuminate/Container/BoundMethod::call(Object(Illuminate/Foundation/Application), Array, Array, NULL)
#13 C:/Users/Dicky/Documents/PROJEK/juaravibecoding/app_build/backend/vendor/laravel/framework/src/Illuminate/Bus/Dispatcher.php(126): Illuminate/Container/Container->call(Array)
#14 C:/Users/Dicky/Documents/PROJEK/juaravibecoding/app_build/backend/vendor/laravel/framework/src/Illuminate/Pipeline/Pipeline.php(170): Illuminate/Bus/Dispatcher->{closure:Illuminate/Bus/Dispatcher::dispatchNow():123}(Object(App/Jobs/ProcessReceiptOCR))
#15 C:/Users/Dicky/Documents/PROJEK/juaravibecoding/app_build/backend/vendor/laravel/framework/src/Illuminate/Pipeline/Pipeline.php(127): Illuminate/Pipeline/Pipeline->{closure:Illuminate/Pipeline/Pipeline::prepareDestination():168}(Object(App/Jobs/ProcessReceiptOCR))
#16 C:/Users/Dicky/Documents/PROJEK/juaravibecoding/app_build/backend/vendor/laravel/framework/src/Illuminate/Bus/Dispatcher.php(130): Illuminate/Pipeline/Pipeline->then(Object(Closure))
#17 C:/Users/Dicky/Documents/PROJEK/juaravibecoding/app_build/backend/vendor/laravel/framework/src/Illuminate/Queue/CallQueuedHandler.php(126): Illuminate/Bus/Dispatcher->dispatchNow(Object(App/Jobs/ProcessReceiptOCR), false)
#18 C:/Users/Dicky/Documents/PROJEK/juaravibecoding/app_build/backend/vendor/laravel/framework/src/Illuminate/Pipeline/Pipeline.php(170): Illuminate/Queue/CallQueuedHandler->{closure:Illuminate/Queue/CallQueuedHandler::dispatchThroughMiddleware():121}(Object(App/Jobs/ProcessReceiptOCR))
#19 C:/Users/Dicky/Documents/PROJEK/juaravibecoding/app_build/backend/vendor/laravel/framework/src/Illuminate/Pipeline/Pipeline.php(127): Illuminate/Pipeline/Pipeline->{closure:Illuminate/Pipeline/Pipeline::prepareDestination():168}(Object(App/Jobs/ProcessReceiptOCR))
#20 C:/Users/Dicky/Documents/PROJEK/juaravibecoding/app_build/backend/vendor/laravel/framework/src/Illuminate/Queue/CallQueuedHandler.php(121): Illuminate/Pipeline/Pipeline->then(Object(Closure))
#21 C:/Users/Dicky/Documents/PROJEK/juaravibecoding/app_build/backend/vendor/laravel/framework/src/Illuminate/Queue/CallQueuedHandler.php(69): Illuminate/Queue/CallQueuedHandler->dispatchThroughMiddleware(Object(Illuminate/Queue/Jobs/DatabaseJob), Object(App/Jobs/ProcessReceiptOCR))
#22 C:/Users/Dicky/Documents/PROJEK/juaravibecoding/app_build/backend/vendor/laravel/framework/src/Illuminate/Queue/Jobs/Job.php(102): Illuminate/Queue/CallQueuedHandler->call(Object(Illuminate/Queue/Jobs/DatabaseJob), Array)
#23 C:/Users/Dicky/Documents/PROJEK/juaravibecoding/app_build/backend/vendor/laravel/framework/src/Illuminate/Queue/Worker.php(461): Illuminate/Queue/Jobs/Job->fire()
#24 C:/Users/Dicky/Documents/PROJEK/juaravibecoding/app_build/backend/vendor/laravel/framework/src/Illuminate/Queue/Worker.php(411): Illuminate/Queue/Worker->process('database', Object(Illuminate/Queue/Jobs/DatabaseJob), Object(Illuminate/Queue/WorkerOptions))
#25 C:/Users/Dicky/Documents/PROJEK/juaravibecoding/app_build/backend/vendor/laravel/framework/src/Illuminate/Queue/Worker.php(189): Illuminate/Queue/Worker->runJob(Object(Illuminate/Queue/Jobs/DatabaseJob), 'database', Object(Illuminate/Queue/WorkerOptions))
#26 C:/Users/Dicky/Documents/PROJEK/juaravibecoding/app_build/backend/vendor/laravel/framework/src/Illuminate/Queue/Console/WorkCommand.php(150): Illuminate/Queue/Worker->daemon('database', 'default', Object(Illuminate/Queue/WorkerOptions))
#27 C:/Users/Dicky/Documents/PROJEK/juaravibecoding/app_build/backend/vendor/laravel/framework/src/Illuminate/Queue/Console/WorkCommand.php(133): Illuminate/Queue/Console/WorkCommand->runWorker('database', 'default')
#28 C:/Users/Dicky/Documents/PROJEK/juaravibecoding/app_build/backend/vendor/laravel/framework/src/Illuminate/Container/BoundMethod.php(36): Illuminate/Queue/Console/WorkCommand->handle()
#29 C:/Users/Dicky/Documents/PROJEK/juaravibecoding/app_build/backend/vendor/laravel/framework/src/Illuminate/Container/Util.php(43): Illuminate/Container/BoundMethod::{closure:Illuminate/Container/BoundMethod::call():35}()
#30 C:/Users/Dicky/Documents/PROJEK/juaravibecoding/app_build/backend/vendor/laravel/framework/src/Illuminate/Container/BoundMethod.php(95): Illuminate/Container/Util::unwrapIfClosure(Object(Closure))
#31 C:/Users/Dicky/Documents/PROJEK/juaravibecoding/app_build/backend/vendor/laravel/framework/src/Illuminate/Container/BoundMethod.php(35): Illuminate/Container/BoundMethod::callBoundMethod(Object(Illuminate/Foundation/Application), Array, Object(Closure))
#32 C:/Users/Dicky/Documents/PROJEK/juaravibecoding/app_build/backend/vendor/laravel/framework/src/Illuminate/Container/Container.php(696): Illuminate/Container/BoundMethod::call(Object(Illuminate/Foundation/Application), Array, Array, NULL)
#33 C:/Users/Dicky/Documents/PROJEK/juaravibecoding/app_build/backend/vendor/laravel/framework/src/Illuminate/Console/Command.php(213): Illuminate/Container/Container->call(Array)
#34 C:/Users/Dicky/Documents/PROJEK/juaravibecoding/app_build/backend/vendor/symfony/console/Command/Command.php(341): Illuminate/Console/Command->execute(Object(Symfony/Component/Console/Input/ArgvInput), Object(Illuminate/Console/OutputStyle))
#35 C:/Users/Dicky/Documents/PROJEK/juaravibecoding/app_build/backend/vendor/laravel/framework/src/Illuminate/Console/Command.php(182): Symfony/Component/Console/Command/Command->run(Object(Symfony/Component/Console/Input/ArgvInput), Object(Illuminate/Console/OutputStyle))
#36 C:/Users/Dicky/Documents/PROJEK/juaravibecoding/app_build/backend/vendor/symfony/console/Application.php(1117): Illuminate/Console/Command->run(Object(Symfony/Component/Console/Input/ArgvInput), Object(Symfony/Component/Console/Output/ConsoleOutput))
#37 C:/Users/Dicky/Documents/PROJEK/juaravibecoding/app_build/backend/vendor/symfony/console/Application.php(356): Symfony/Component/Console/Application->doRunCommand(Object(Illuminate/Queue/Console/WorkCommand), Object(Symfony/Component/Console/Input/ArgvInput), Object(Symfony/Component/Console/Output/ConsoleOutput))
#38 C:/Users/Dicky/Documents/PROJEK/juaravibecoding/app_build/backend/vendor/symfony/console/Application.php(195): Symfony/Component/Console/Application->doRun(Object(Symfony/Component/Console/Input/ArgvInput), Object(Symfony/Component/Console/Output/ConsoleOutput))
#39 C:/Users/Dicky/Documents/PROJEK/juaravibecoding/app_build/backend/vendor/laravel/framework/src/Illuminate/Foundation/Console/Kernel.php(198): Symfony/Component/Console/Application->run(Object(Symfony/Component/Console/Input/ArgvInput), Object(Symfony/Component/Console/Output/ConsoleOutput))
#40 C:/Users/Dicky/Documents/PROJEK/juaravibecoding/app_build/backend/vendor/laravel/framework/src/Illuminate/Foundation/Application.php(1235): Illuminate/Foundation/Console/Kernel->handle(Object(Symfony/Component/Console/Input/ArgvInput), Object(Symfony/Component/Console/Output/ConsoleOutput))
#41 C:/Users/Dicky/Documents/PROJEK/juaravibecoding/app_build/backend/artisan(16): Illuminate/Foundation/Application->handleCommand(Object(Symfony/Component/Console/Input/ArgvInput))
#42 {main}
"} 
[2026-06-05 10:59:47] local.INFO: ProcessReceiptOCR: Starting for user 1  
[2026-06-05 10:59:59] local.ERROR: Gemini API error {"status":429,"body":"{
  \"error\": {
    \"code\": 429,
    \"message\": \"You exceeded your current quota, please check your plan and billing details. For more information on this error, head to: https://ai.google.dev/gemini-api/docs/rate-limits. To monitor your current usage, head to: https://ai.dev/rate-limit. \\n* Quota exceeded for metric: generativelanguage.googleapis.com/generate_content_free_tier_requests, limit: 5, model: gemini-2.5-flash\\nPlease retry in 537.31438ms.\",
    \"status\": \"RESOURCE_EXHAUSTED\",
    \"details\": [
      {
        \"@type\": \"type.googleapis.com/google.rpc.Help\",
        \"links\": [
          {
            \"description\": \"Learn more about Gemini API quotas\",
            \"url\": \"https://ai.google.dev/gemini-api/docs/rate-limits\"
          }
        ]
      },
      {
        \"@type\": \"type.googleapis.com/google.rpc.QuotaFailure\",
        \"violations\": [
          {
            \"quotaMetric\": \"generativelanguage.googleapis.com/generate_content_free_tier_requests\",
            \"quotaId\": \"GenerateRequestsPerMinutePerProjectPerModel-FreeTier\",
            \"quotaDimensions\": {
              \"location\": \"global\",
              \"model\": \"gemini-2.5-flash\"
            },
            \"quotaValue\": \"5\"
          }
        ]
      },
      {
        \"@type\": \"type.googleapis.com/google.rpc.RetryInfo\",
        \"retryDelay\": \"0s\"
      }
    ]
  }
}
"} 
[2026-06-05 10:59:59] local.ERROR: ProcessReceiptOCR failed for user 1: Gemini API request failed: 429  
[2026-06-05 10:59:59] local.ERROR: SQLSTATE[HY000]: General error: 1 no such table: offline_queues (Connection: sqlite, SQL: update "offline_queues" set "status" = failed, "updated_at" = 2026-06-05 10:59:59 where "image_path" = receipts/tUS8ePTVrZCvWcnb8C0d97RGoi4gV1X2ipCpz6yt.jpg) {"exception":"[object] (Illuminate\\Database\\QueryException(code: HY000): SQLSTATE[HY000]: General error: 1 no such table: offline_queues (Connection: sqlite, SQL: update \"offline_queues\" set \"status\" = failed, \"updated_at\" = 2026-06-05 10:59:59 where \"image_path\" = receipts/tUS8ePTVrZCvWcnb8C0d97RGoi4gV1X2ipCpz6yt.jpg) at C:/Users/Dicky/Documents/PROJEK/juaravibecoding/app_build/backend/vendor/laravel/framework/src/Illuminate/Database/Connection.php:825)
[stacktrace]
#0 C:/Users/Dicky/Documents/PROJEK/juaravibecoding/app_build/backend/vendor/laravel/framework/src/Illuminate/Database/Connection.php(779): Illuminate/Database/Connection->runQueryCallback('update \"offline...', Array, Object(Closure))
#1 C:/Users/Dicky/Documents/PROJEK/juaravibecoding/app_build/backend/vendor/laravel/framework/src/Illuminate/Database/Connection.php(584): Illuminate/Database/Connection->run('update \"offline...', Array, Object(Closure))
#2 C:/Users/Dicky/Documents/PROJEK/juaravibecoding/app_build/backend/vendor/laravel/framework/src/Illuminate/Database/Connection.php(536): Illuminate/Database/Connection->affectingStatement('update \"offline...', Array)
#3 C:/Users/Dicky/Documents/PROJEK/juaravibecoding/app_build/backend/vendor/laravel/framework/src/Illuminate/Database/Query/Builder.php(3830): Illuminate/Database/Connection->update('update \"offline...', Array)
#4 C:/Users/Dicky/Documents/PROJEK/juaravibecoding/app_build/backend/vendor/laravel/framework/src/Illuminate/Database/Eloquent/Builder.php(1175): Illuminate/Database/Query/Builder->update(Object(Illuminate/Support/Collection))
#5 C:/Users/Dicky/Documents/PROJEK/juaravibecoding/app_build/backend/app/Jobs/ProcessReceiptOCR.php(106): Illuminate/Database/Eloquent/Builder->update(Array)
#6 C:/Users/Dicky/Documents/PROJEK/juaravibecoding/app_build/backend/vendor/laravel/framework/src/Illuminate/Container/BoundMethod.php(36): App/Jobs/ProcessReceiptOCR->handle(Object(App/Services/CloudVisionService), Object(App/Services/GeminiService), Object(App/Services/ExpirationCalculatorService), Object(App/Http/Middleware/PrivacyFilterMiddleware))
#7 C:/Users/Dicky/Documents/PROJEK/juaravibecoding/app_build/backend/vendor/laravel/framework/src/Illuminate/Container/Util.php(43): Illuminate/Container/BoundMethod::{closure:Illuminate/Container/BoundMethod::call():35}()
#8 C:/Users/Dicky/Documents/PROJEK/juaravibecoding/app_build/backend/vendor/laravel/framework/src/Illuminate/Container/BoundMethod.php(95): Illuminate/Container/Util::unwrapIfClosure(Object(Closure))
#9 C:/Users/Dicky/Documents/PROJEK/juaravibecoding/app_build/backend/vendor/laravel/framework/src/Illuminate/Container/BoundMethod.php(35): Illuminate/Container/BoundMethod::callBoundMethod(Object(Illuminate/Foundation/Application), Array, Object(Closure))
#10 C:/Users/Dicky/Documents/PROJEK/juaravibecoding/app_build/backend/vendor/laravel/framework/src/Illuminate/Container/Container.php(696): Illuminate/Container/BoundMethod::call(Object(Illuminate/Foundation/Application), Array, Array, NULL)
#11 C:/Users/Dicky/Documents/PROJEK/juaravibecoding/app_build/backend/vendor/laravel/framework/src/Illuminate/Bus/Dispatcher.php(126): Illuminate/Container/Container->call(Array)
#12 C:/Users/Dicky/Documents/PROJEK/juaravibecoding/app_build/backend/vendor/laravel/framework/src/Illuminate/Pipeline/Pipeline.php(170): Illuminate/Bus/Dispatcher->{closure:Illuminate/Bus/Dispatcher::dispatchNow():123}(Object(App/Jobs/ProcessReceiptOCR))
#13 C:/Users/Dicky/Documents/PROJEK/juaravibecoding/app_build/backend/vendor/laravel/framework/src/Illuminate/Pipeline/Pipeline.php(127): Illuminate/Pipeline/Pipeline->{closure:Illuminate/Pipeline/Pipeline::prepareDestination():168}(Object(App/Jobs/ProcessReceiptOCR))
#14 C:/Users/Dicky/Documents/PROJEK/juaravibecoding/app_build/backend/vendor/laravel/framework/src/Illuminate/Bus/Dispatcher.php(130): Illuminate/Pipeline/Pipeline->then(Object(Closure))
#15 C:/Users/Dicky/Documents/PROJEK/juaravibecoding/app_build/backend/vendor/laravel/framework/src/Illuminate/Queue/CallQueuedHandler.php(126): Illuminate/Bus/Dispatcher->dispatchNow(Object(App/Jobs/ProcessReceiptOCR), false)
#16 C:/Users/Dicky/Documents/PROJEK/juaravibecoding/app_build/backend/vendor/laravel/framework/src/Illuminate/Pipeline/Pipeline.php(170): Illuminate/Queue/CallQueuedHandler->{closure:Illuminate/Queue/CallQueuedHandler::dispatchThroughMiddleware():121}(Object(App/Jobs/ProcessReceiptOCR))
#17 C:/Users/Dicky/Documents/PROJEK/juaravibecoding/app_build/backend/vendor/laravel/framework/src/Illuminate/Pipeline/Pipeline.php(127): Illuminate/Pipeline/Pipeline->{closure:Illuminate/Pipeline/Pipeline::prepareDestination():168}(Object(App/Jobs/ProcessReceiptOCR))
#18 C:/Users/Dicky/Documents/PROJEK/juaravibecoding/app_build/backend/vendor/laravel/framework/src/Illuminate/Queue/CallQueuedHandler.php(121): Illuminate/Pipeline/Pipeline->then(Object(Closure))
#19 C:/Users/Dicky/Documents/PROJEK/juaravibecoding/app_build/backend/vendor/laravel/framework/src/Illuminate/Queue/CallQueuedHandler.php(69): Illuminate/Queue/CallQueuedHandler->dispatchThroughMiddleware(Object(Illuminate/Queue/Jobs/DatabaseJob), Object(App/Jobs/ProcessReceiptOCR))
#20 C:/Users/Dicky/Documents/PROJEK/juaravibecoding/app_build/backend/vendor/laravel/framework/src/Illuminate/Queue/Jobs/Job.php(102): Illuminate/Queue/CallQueuedHandler->call(Object(Illuminate/Queue/Jobs/DatabaseJob), Array)
#21 C:/Users/Dicky/Documents/PROJEK/juaravibecoding/app_build/backend/vendor/laravel/framework/src/Illuminate/Queue/Worker.php(461): Illuminate/Queue/Jobs/Job->fire()
#22 C:/Users/Dicky/Documents/PROJEK/juaravibecoding/app_build/backend/vendor/laravel/framework/src/Illuminate/Queue/Worker.php(411): Illuminate/Queue/Worker->process('database', Object(Illuminate/Queue/Jobs/DatabaseJob), Object(Illuminate/Queue/WorkerOptions))
#23 C:/Users/Dicky/Documents/PROJEK/juaravibecoding/app_build/backend/vendor/laravel/framework/src/Illuminate/Queue/Worker.php(189): Illuminate/Queue/Worker->runJob(Object(Illuminate/Queue/Jobs/DatabaseJob), 'database', Object(Illuminate/Queue/WorkerOptions))
#24 C:/Users/Dicky/Documents/PROJEK/juaravibecoding/app_build/backend/vendor/laravel/framework/src/Illuminate/Queue/Console/WorkCommand.php(150): Illuminate/Queue/Worker->daemon('database', 'default', Object(Illuminate/Queue/WorkerOptions))
#25 C:/Users/Dicky/Documents/PROJEK/juaravibecoding/app_build/backend/vendor/laravel/framework/src/Illuminate/Queue/Console/WorkCommand.php(133): Illuminate/Queue/Console/WorkCommand->runWorker('database', 'default')
#26 C:/Users/Dicky/Documents/PROJEK/juaravibecoding/app_build/backend/vendor/laravel/framework/src/Illuminate/Container/BoundMethod.php(36): Illuminate/Queue/Console/WorkCommand->handle()
#27 C:/Users/Dicky/Documents/PROJEK/juaravibecoding/app_build/backend/vendor/laravel/framework/src/Illuminate/Container/Util.php(43): Illuminate/Container/BoundMethod::{closure:Illuminate/Container/BoundMethod::call():35}()
#28 C:/Users/Dicky/Documents/PROJEK/juaravibecoding/app_build/backend/vendor/laravel/framework/src/Illuminate/Container/BoundMethod.php(95): Illuminate/Container/Util::unwrapIfClosure(Object(Closure))
#29 C:/Users/Dicky/Documents/PROJEK/juaravibecoding/app_build/backend/vendor/laravel/framework/src/Illuminate/Container/BoundMethod.php(35): Illuminate/Container/BoundMethod::callBoundMethod(Object(Illuminate/Foundation/Application), Array, Object(Closure))
#30 C:/Users/Dicky/Documents/PROJEK/juaravibecoding/app_build/backend/vendor/laravel/framework/src/Illuminate/Container/Container.php(696): Illuminate/Container/BoundMethod::call(Object(Illuminate/Foundation/Application), Array, Array, NULL)
#31 C:/Users/Dicky/Documents/PROJEK/juaravibecoding/app_build/backend/vendor/laravel/framework/src/Illuminate/Console/Command.php(213): Illuminate/Container/Container->call(Array)
#32 C:/Users/Dicky/Documents/PROJEK/juaravibecoding/app_build/backend/vendor/symfony/console/Command/Command.php(341): Illuminate/Console/Command->execute(Object(Symfony/Component/Console/Input/ArgvInput), Object(Illuminate/Console/OutputStyle))
#33 C:/Users/Dicky/Documents/PROJEK/juaravibecoding/app_build/backend/vendor/laravel/framework/src/Illuminate/Console/Command.php(182): Symfony/Component/Console/Command/Command->run(Object(Symfony/Component/Console/Input/ArgvInput), Object(Illuminate/Console/OutputStyle))
#34 C:/Users/Dicky/Documents/PROJEK/juaravibecoding/app_build/backend/vendor/symfony/console/Application.php(1117): Illuminate/Console/Command->run(Object(Symfony/Component/Console/Input/ArgvInput), Object(Symfony/Component/Console/Output/ConsoleOutput))
#35 C:/Users/Dicky/Documents/PROJEK/juaravibecoding/app_build/backend/vendor/symfony/console/Application.php(356): Symfony/Component/Console/Application->doRunCommand(Object(Illuminate/Queue/Console/WorkCommand), Object(Symfony/Component/Console/Input/ArgvInput), Object(Symfony/Component/Console/Output/ConsoleOutput))
#36 C:/Users/Dicky/Documents/PROJEK/juaravibecoding/app_build/backend/vendor/symfony/console/Application.php(195): Symfony/Component/Console/Application->doRun(Object(Symfony/Component/Console/Input/ArgvInput), Object(Symfony/Component/Console/Output/ConsoleOutput))
#37 C:/Users/Dicky/Documents/PROJEK/juaravibecoding/app_build/backend/vendor/laravel/framework/src/Illuminate/Foundation/Console/Kernel.php(198): Symfony/Component/Console/Application->run(Object(Symfony/Component/Console/Input/ArgvInput), Object(Symfony/Component/Console/Output/ConsoleOutput))
#38 C:/Users/Dicky/Documents/PROJEK/juaravibecoding/app_build/backend/vendor/laravel/framework/src/Illuminate/Foundation/Application.php(1235): Illuminate/Foundation/Console/Kernel->handle(Object(Symfony/Component/Console/Input/ArgvInput), Object(Symfony/Component/Console/Output/ConsoleOutput))
#39 C:/Users/Dicky/Documents/PROJEK/juaravibecoding/app_build/backend/artisan(16): Illuminate/Foundation/Application->handleCommand(Object(Symfony/Component/Console/Input/ArgvInput))
#40 {main}

[previous exception] [object] (PDOException(code: HY000): SQLSTATE[HY000]: General error: 1 no such table: offline_queues at C:/Users/Dicky/Documents/PROJEK/juaravibecoding/app_build/backend/vendor/laravel/framework/src/Illuminate/Database/Connection.php:592)
[stacktrace]
#0 C:/Users/Dicky/Documents/PROJEK/juaravibecoding/app_build/backend/vendor/laravel/framework/src/Illuminate/Database/Connection.php(592): PDO->prepare('update \"offline...')
#1 C:/Users/Dicky/Documents/PROJEK/juaravibecoding/app_build/backend/vendor/laravel/framework/src/Illuminate/Database/Connection.php(812): Illuminate/Database/Connection->{closure:Illuminate/Database/Connection::affectingStatement():584}('update \"offline...', Array)
#2 C:/Users/Dicky/Documents/PROJEK/juaravibecoding/app_build/backend/vendor/laravel/framework/src/Illuminate/Database/Connection.php(779): Illuminate/Database/Connection->runQueryCallback('update \"offline...', Array, Object(Closure))
#3 C:/Users/Dicky/Documents/PROJEK/juaravibecoding/app_build/backend/vendor/laravel/framework/src/Illuminate/Database/Connection.php(584): Illuminate/Database/Connection->run('update \"offline...', Array, Object(Closure))
#4 C:/Users/Dicky/Documents/PROJEK/juaravibecoding/app_build/backend/vendor/laravel/framework/src/Illuminate/Database/Connection.php(536): Illuminate/Database/Connection->affectingStatement('update \"offline...', Array)
#5 C:/Users/Dicky/Documents/PROJEK/juaravibecoding/app_build/backend/vendor/laravel/framework/src/Illuminate/Database/Query/Builder.php(3830): Illuminate/Database/Connection->update('update \"offline...', Array)
#6 C:/Users/Dicky/Documents/PROJEK/juaravibecoding/app_build/backend/vendor/laravel/framework/src/Illuminate/Database/Eloquent/Builder.php(1175): Illuminate/Database/Query/Builder->update(Object(Illuminate/Support/Collection))
#7 C:/Users/Dicky/Documents/PROJEK/juaravibecoding/app_build/backend/app/Jobs/ProcessReceiptOCR.php(106): Illuminate/Database/Eloquent/Builder->update(Array)
#8 C:/Users/Dicky/Documents/PROJEK/juaravibecoding/app_build/backend/vendor/laravel/framework/src/Illuminate/Container/BoundMethod.php(36): App/Jobs/ProcessReceiptOCR->handle(Object(App/Services/CloudVisionService), Object(App/Services/GeminiService), Object(App/Services/ExpirationCalculatorService), Object(App/Http/Middleware/PrivacyFilterMiddleware))
#9 C:/Users/Dicky/Documents/PROJEK/juaravibecoding/app_build/backend/vendor/laravel/framework/src/Illuminate/Container/Util.php(43): Illuminate/Container/BoundMethod::{closure:Illuminate/Container/BoundMethod::call():35}()
#10 C:/Users/Dicky/Documents/PROJEK/juaravibecoding/app_build/backend/vendor/laravel/framework/src/Illuminate/Container/BoundMethod.php(95): Illuminate/Container/Util::unwrapIfClosure(Object(Closure))
#11 C:/Users/Dicky/Documents/PROJEK/juaravibecoding/app_build/backend/vendor/laravel/framework/src/Illuminate/Container/BoundMethod.php(35): Illuminate/Container/BoundMethod::callBoundMethod(Object(Illuminate/Foundation/Application), Array, Object(Closure))
#12 C:/Users/Dicky/Documents/PROJEK/juaravibecoding/app_build/backend/vendor/laravel/framework/src/Illuminate/Container/Container.php(696): Illuminate/Container/BoundMethod::call(Object(Illuminate/Foundation/Application), Array, Array, NULL)
#13 C:/Users/Dicky/Documents/PROJEK/juaravibecoding/app_build/backend/vendor/laravel/framework/src/Illuminate/Bus/Dispatcher.php(126): Illuminate/Container/Container->call(Array)
#14 C:/Users/Dicky/Documents/PROJEK/juaravibecoding/app_build/backend/vendor/laravel/framework/src/Illuminate/Pipeline/Pipeline.php(170): Illuminate/Bus/Dispatcher->{closure:Illuminate/Bus/Dispatcher::dispatchNow():123}(Object(App/Jobs/ProcessReceiptOCR))
#15 C:/Users/Dicky/Documents/PROJEK/juaravibecoding/app_build/backend/vendor/laravel/framework/src/Illuminate/Pipeline/Pipeline.php(127): Illuminate/Pipeline/Pipeline->{closure:Illuminate/Pipeline/Pipeline::prepareDestination():168}(Object(App/Jobs/ProcessReceiptOCR))
#16 C:/Users/Dicky/Documents/PROJEK/juaravibecoding/app_build/backend/vendor/laravel/framework/src/Illuminate/Bus/Dispatcher.php(130): Illuminate/Pipeline/Pipeline->then(Object(Closure))
#17 C:/Users/Dicky/Documents/PROJEK/juaravibecoding/app_build/backend/vendor/laravel/framework/src/Illuminate/Queue/CallQueuedHandler.php(126): Illuminate/Bus/Dispatcher->dispatchNow(Object(App/Jobs/ProcessReceiptOCR), false)
#18 C:/Users/Dicky/Documents/PROJEK/juaravibecoding/app_build/backend/vendor/laravel/framework/src/Illuminate/Pipeline/Pipeline.php(170): Illuminate/Queue/CallQueuedHandler->{closure:Illuminate/Queue/CallQueuedHandler::dispatchThroughMiddleware():121}(Object(App/Jobs/ProcessReceiptOCR))
#19 C:/Users/Dicky/Documents/PROJEK/juaravibecoding/app_build/backend/vendor/laravel/framework/src/Illuminate/Pipeline/Pipeline.php(127): Illuminate/Pipeline/Pipeline->{closure:Illuminate/Pipeline/Pipeline::prepareDestination():168}(Object(App/Jobs/ProcessReceiptOCR))
#20 C:/Users/Dicky/Documents/PROJEK/juaravibecoding/app_build/backend/vendor/laravel/framework/src/Illuminate/Queue/CallQueuedHandler.php(121): Illuminate/Pipeline/Pipeline->then(Object(Closure))
#21 C:/Users/Dicky/Documents/PROJEK/juaravibecoding/app_build/backend/vendor/laravel/framework/src/Illuminate/Queue/CallQueuedHandler.php(69): Illuminate/Queue/CallQueuedHandler->dispatchThroughMiddleware(Object(Illuminate/Queue/Jobs/DatabaseJob), Object(App/Jobs/ProcessReceiptOCR))
#22 C:/Users/Dicky/Documents/PROJEK/juaravibecoding/app_build/backend/vendor/laravel/framework/src/Illuminate/Queue/Jobs/Job.php(102): Illuminate/Queue/CallQueuedHandler->call(Object(Illuminate/Queue/Jobs/DatabaseJob), Array)
#23 C:/Users/Dicky/Documents/PROJEK/juaravibecoding/app_build/backend/vendor/laravel/framework/src/Illuminate/Queue/Worker.php(461): Illuminate/Queue/Jobs/Job->fire()
#24 C:/Users/Dicky/Documents/PROJEK/juaravibecoding/app_build/backend/vendor/laravel/framework/src/Illuminate/Queue/Worker.php(411): Illuminate/Queue/Worker->process('database', Object(Illuminate/Queue/Jobs/DatabaseJob), Object(Illuminate/Queue/WorkerOptions))
#25 C:/Users/Dicky/Documents/PROJEK/juaravibecoding/app_build/backend/vendor/laravel/framework/src/Illuminate/Queue/Worker.php(189): Illuminate/Queue/Worker->runJob(Object(Illuminate/Queue/Jobs/DatabaseJob), 'database', Object(Illuminate/Queue/WorkerOptions))
#26 C:/Users/Dicky/Documents/PROJEK/juaravibecoding/app_build/backend/vendor/laravel/framework/src/Illuminate/Queue/Console/WorkCommand.php(150): Illuminate/Queue/Worker->daemon('database', 'default', Object(Illuminate/Queue/WorkerOptions))
#27 C:/Users/Dicky/Documents/PROJEK/juaravibecoding/app_build/backend/vendor/laravel/framework/src/Illuminate/Queue/Console/WorkCommand.php(133): Illuminate/Queue/Console/WorkCommand->runWorker('database', 'default')
#28 C:/Users/Dicky/Documents/PROJEK/juaravibecoding/app_build/backend/vendor/laravel/framework/src/Illuminate/Container/BoundMethod.php(36): Illuminate/Queue/Console/WorkCommand->handle()
#29 C:/Users/Dicky/Documents/PROJEK/juaravibecoding/app_build/backend/vendor/laravel/framework/src/Illuminate/Container/Util.php(43): Illuminate/Container/BoundMethod::{closure:Illuminate/Container/BoundMethod::call():35}()
#30 C:/Users/Dicky/Documents/PROJEK/juaravibecoding/app_build/backend/vendor/laravel/framework/src/Illuminate/Container/BoundMethod.php(95): Illuminate/Container/Util::unwrapIfClosure(Object(Closure))
#31 C:/Users/Dicky/Documents/PROJEK/juaravibecoding/app_build/backend/vendor/laravel/framework/src/Illuminate/Container/BoundMethod.php(35): Illuminate/Container/BoundMethod::callBoundMethod(Object(Illuminate/Foundation/Application), Array, Object(Closure))
#32 C:/Users/Dicky/Documents/PROJEK/juaravibecoding/app_build/backend/vendor/laravel/framework/src/Illuminate/Container/Container.php(696): Illuminate/Container/BoundMethod::call(Object(Illuminate/Foundation/Application), Array, Array, NULL)
#33 C:/Users/Dicky/Documents/PROJEK/juaravibecoding/app_build/backend/vendor/laravel/framework/src/Illuminate/Console/Command.php(213): Illuminate/Container/Container->call(Array)
#34 C:/Users/Dicky/Documents/PROJEK/juaravibecoding/app_build/backend/vendor/symfony/console/Command/Command.php(341): Illuminate/Console/Command->execute(Object(Symfony/Component/Console/Input/ArgvInput), Object(Illuminate/Console/OutputStyle))
#35 C:/Users/Dicky/Documents/PROJEK/juaravibecoding/app_build/backend/vendor/laravel/framework/src/Illuminate/Console/Command.php(182): Symfony/Component/Console/Command/Command->run(Object(Symfony/Component/Console/Input/ArgvInput), Object(Illuminate/Console/OutputStyle))
#36 C:/Users/Dicky/Documents/PROJEK/juaravibecoding/app_build/backend/vendor/symfony/console/Application.php(1117): Illuminate/Console/Command->run(Object(Symfony/Component/Console/Input/ArgvInput), Object(Symfony/Component/Console/Output/ConsoleOutput))
#37 C:/Users/Dicky/Documents/PROJEK/juaravibecoding/app_build/backend/vendor/symfony/console/Application.php(356): Symfony/Component/Console/Application->doRunCommand(Object(Illuminate/Queue/Console/WorkCommand), Object(Symfony/Component/Console/Input/ArgvInput), Object(Symfony/Component/Console/Output/ConsoleOutput))
#38 C:/Users/Dicky/Documents/PROJEK/juaravibecoding/app_build/backend/vendor/symfony/console/Application.php(195): Symfony/Component/Console/Application->doRun(Object(Symfony/Component/Console/Input/ArgvInput), Object(Symfony/Component/Console/Output/ConsoleOutput))
#39 C:/Users/Dicky/Documents/PROJEK/juaravibecoding/app_build/backend/vendor/laravel/framework/src/Illuminate/Foundation/Console/Kernel.php(198): Symfony/Component/Console/Application->run(Object(Symfony/Component/Console/Input/ArgvInput), Object(Symfony/Component/Console/Output/ConsoleOutput))
#40 C:/Users/Dicky/Documents/PROJEK/juaravibecoding/app_build/backend/vendor/laravel/framework/src/Illuminate/Foundation/Application.php(1235): Illuminate/Foundation/Console/Kernel->handle(Object(Symfony/Component/Console/Input/ArgvInput), Object(Symfony/Component/Console/Output/ConsoleOutput))
#41 C:/Users/Dicky/Documents/PROJEK/juaravibecoding/app_build/backend/artisan(16): Illuminate/Foundation/Application->handleCommand(Object(Symfony/Component/Console/Input/ArgvInput))
#42 {main}
"} 
[2026-06-05 10:59:59] local.INFO: ProcessReceiptOCR: Starting for user 1  
[2026-06-05 11:00:02] local.ERROR: Gemini API error {"status":429,"body":"{
  \"error\": {
    \"code\": 429,
    \"message\": \"You exceeded your current quota, please check your plan and billing details. For more information on this error, head to: https://ai.google.dev/gemini-api/docs/rate-limits. To monitor your current usage, head to: https://ai.dev/rate-limit. \\n* Quota exceeded for metric: generativelanguage.googleapis.com/generate_content_free_tier_requests, limit: 5, model: gemini-2.5-flash\\nPlease retry in 57.035582028s.\",
    \"status\": \"RESOURCE_EXHAUSTED\",
    \"details\": [
      {
        \"@type\": \"type.googleapis.com/google.rpc.Help\",
        \"links\": [
          {
            \"description\": \"Learn more about Gemini API quotas\",
            \"url\": \"https://ai.google.dev/gemini-api/docs/rate-limits\"
          }
        ]
      },
      {
        \"@type\": \"type.googleapis.com/google.rpc.QuotaFailure\",
        \"violations\": [
          {
            \"quotaMetric\": \"generativelanguage.googleapis.com/generate_content_free_tier_requests\",
            \"quotaId\": \"GenerateRequestsPerMinutePerProjectPerModel-FreeTier\",
            \"quotaDimensions\": {
              \"model\": \"gemini-2.5-flash\",
              \"location\": \"global\"
            },
            \"quotaValue\": \"5\"
          }
        ]
      },
      {
        \"@type\": \"type.googleapis.com/google.rpc.RetryInfo\",
        \"retryDelay\": \"57s\"
      }
    ]
  }
}
"} 
[2026-06-05 11:00:02] local.ERROR: ProcessReceiptOCR failed for user 1: Gemini API request failed: 429  
[2026-06-05 11:00:02] local.ERROR: SQLSTATE[HY000]: General error: 1 no such table: failed_jobs (Connection: sqlite, SQL: insert into "failed_jobs" ("uuid", "connection", "queue", "payload", "exception", "failed_at") values (28abdff9-bf6a-4fbc-aae5-bfbcf0ab1f23, database, default, {"uuid":"28abdff9-bf6a-4fbc-aae5-bfbcf0ab1f23","displayName":"App\\Jobs\\ProcessReceiptOCR","job":"Illuminate\\Queue\\CallQueuedHandler@call","maxTries":3,"maxExceptions":null,"failOnTimeout":false,"backoff":null,"timeout":60,"retryUntil":null,"data":{"commandName":"App\\Jobs\\ProcessReceiptOCR","command":"O:26:\"App\\Jobs\\ProcessReceiptOCR\":2:{s:34:\"\u0000App\\Jobs\\ProcessReceiptOCR\u0000userId\";i:1;s:37:\"\u0000App\\Jobs\\ProcessReceiptOCR\u0000imagePath\";s:53:\"receipts\/tUS8ePTVrZCvWcnb8C0d97RGoi4gV1X2ipCpz6yt.jpg\";}"}}, PDOException: SQLSTATE[HY000]: General error: 1 no such table: offline_queues in C:\Users\Dicky\Documents\PROJEK\juaravibecoding\app_build\backend\vendor\laravel\framework\src\Illuminate\Database\Connection.php:592
Stack trace:
#0 C:\Users\Dicky\Documents\PROJEK\juaravibecoding\app_build\backend\vendor\laravel\framework\src\Illuminate\Database\Connection.php(592): PDO->prepare('update "offline...')
#1 C:\Users\Dicky\Documents\PROJEK\juaravibecoding\app_build\backend\vendor\laravel\framework\src\Illuminate\Database\Connection.php(812): Illuminate\Database\Connection->{closure:Illuminate\Database\Connection::affectingStatement():584}('update "offline...', Array)
#2 C:\Users\Dicky\Documents\PROJEK\juaravibecoding\app_build\backend\vendor\laravel\framework\src\Illuminate\Database\Connection.php(779): Illuminate\Database\Connection->runQueryCallback('update "offline...', Array, Object(Closure))
#3 C:\Users\Dicky\Documents\PROJEK\juaravibecoding\app_build\backend\vendor\laravel\framework\src\Illuminate\Database\Connection.php(584): Illuminate\Database\Connection->run('update "offline...', Array, Object(Closure))
#4 C:\Users\Dicky\Documents\PROJEK\juaravibecoding\app_build\backend\vendor\laravel\framework\src\Illuminate\Database\Connection.php(536): Illuminate\Database\Connection->affectingStatement('update "offline...', Array)
#5 C:\Users\Dicky\Documents\PROJEK\juaravibecoding\app_build\backend\vendor\laravel\framework\src\Illuminate\Database\Query\Builder.php(3830): Illuminate\Database\Connection->update('update "offline...', Array)
#6 C:\Users\Dicky\Documents\PROJEK\juaravibecoding\app_build\backend\vendor\laravel\framework\src\Illuminate\Database\Eloquent\Builder.php(1175): Illuminate\Database\Query\Builder->update(Object(Illuminate\Support\Collection))
#7 C:\Users\Dicky\Documents\PROJEK\juaravibecoding\app_build\backend\app\Jobs\ProcessReceiptOCR.php(106): Illuminate\Database\Eloquent\Builder->update(Array)
#8 C:\Users\Dicky\Documents\PROJEK\juaravibecoding\app_build\backend\vendor\laravel\framework\src\Illuminate\Container\BoundMethod.php(36): App\Jobs\ProcessReceiptOCR->handle(Object(App\Services\CloudVisionService), Object(App\Services\GeminiService), Object(App\Services\ExpirationCalculatorService), Object(App\Http\Middleware\PrivacyFilterMiddleware))
#9 C:\Users\Dicky\Documents\PROJEK\juaravibecoding\app_build\backend\vendor\laravel\framework\src\Illuminate\Container\Util.php(43): Illuminate\Container\BoundMethod::{closure:Illuminate\Container\BoundMethod::call():35}()
#10 C:\Users\Dicky\Documents\PROJEK\juaravibecoding\app_build\backend\vendor\laravel\framework\src\Illuminate\Container\BoundMethod.php(95): Illuminate\Container\Util::unwrapIfClosure(Object(Closure))
#11 C:\Users\Dicky\Documents\PROJEK\juaravibecoding\app_build\backend\vendor\laravel\framework\src\Illuminate\Container\BoundMethod.php(35): Illuminate\Container\BoundMethod::callBoundMethod(Object(Illuminate\Foundation\Application), Array, Object(Closure))
#12 C:\Users\Dicky\Documents\PROJEK\juaravibecoding\app_build\backend\vendor\laravel\framework\src\Illuminate\Container\Container.php(696): Illuminate\Container\BoundMethod::call(Object(Illuminate\Foundation\Application), Array, Array, NULL)
#13 C:\Users\Dicky\Documents\PROJEK\juaravibecoding\app_build\backend\vendor\laravel\framework\src\Illuminate\Bus\Dispatcher.php(126): Illuminate\Container\Container->call(Array)
#14 C:\Users\Dicky\Documents\PROJEK\juaravibecoding\app_build\backend\vendor\laravel\framework\src\Illuminate\Pipeline\Pipeline.php(170): Illuminate\Bus\Dispatcher->{closure:Illuminate\Bus\Dispatcher::dispatchNow():123}(Object(App\Jobs\ProcessReceiptOCR))
#15 C:\Users\Dicky\Documents\PROJEK\juaravibecoding\app_build\backend\vendor\laravel\framework\src\Illuminate\Pipeline\Pipeline.php(127): Illuminate\Pipeline\Pipeline->{closure:Illuminate\Pipeline\Pipeline::prepareDestination():168}(Object(App\Jobs\ProcessReceiptOCR))
#16 C:\Users\Dicky\Documents\PROJEK\juaravibecoding\app_build\backend\vendor\laravel\framework\src\Illuminate\Bus\Dispatcher.php(130): Illuminate\Pipeline\Pipeline->then(Object(Closure))
#17 C:\Users\Dicky\Documents\PROJEK\juaravibecoding\app_build\backend\vendor\laravel\framework\src\Illuminate\Queue\CallQueuedHandler.php(126): Illuminate\Bus\Dispatcher->dispatchNow(Object(App\Jobs\ProcessReceiptOCR), false)
#18 C:\Users\Dicky\Documents\PROJEK\juaravibecoding\app_build\backend\vendor\laravel\framework\src\Illuminate\Pipeline\Pipeline.php(170): Illuminate\Queue\CallQueuedHandler->{closure:Illuminate\Queue\CallQueuedHandler::dispatchThroughMiddleware():121}(Object(App\Jobs\ProcessReceiptOCR))
#19 C:\Users\Dicky\Documents\PROJEK\juaravibecoding\app_build\backend\vendor\laravel\framework\src\Illuminate\Pipeline\Pipeline.php(127): Illuminate\Pipeline\Pipeline->{closure:Illuminate\Pipeline\Pipeline::prepareDestination():168}(Object(App\Jobs\ProcessReceiptOCR))
#20 C:\Users\Dicky\Documents\PROJEK\juaravibecoding\app_build\backend\vendor\laravel\framework\src\Illuminate\Queue\CallQueuedHandler.php(121): Illuminate\Pipeline\Pipeline->then(Object(Closure))
#21 C:\Users\Dicky\Documents\PROJEK\juaravibecoding\app_build\backend\vendor\laravel\framework\src\Illuminate\Queue\CallQueuedHandler.php(69): Illuminate\Queue\CallQueuedHandler->dispatchThroughMiddleware(Object(Illuminate\Queue\Jobs\DatabaseJob), Object(App\Jobs\ProcessReceiptOCR))
#22 C:\Users\Dicky\Documents\PROJEK\juaravibecoding\app_build\backend\vendor\laravel\framework\src\Illuminate\Queue\Jobs\Job.php(102): Illuminate\Queue\CallQueuedHandler->call(Object(Illuminate\Queue\Jobs\DatabaseJob), Array)
#23 C:\Users\Dicky\Documents\PROJEK\juaravibecoding\app_build\backend\vendor\laravel\framework\src\Illuminate\Queue\Worker.php(461): Illuminate\Queue\Jobs\Job->fire()
#24 C:\Users\Dicky\Documents\PROJEK\juaravibecoding\app_build\backend\vendor\laravel\framework\src\Illuminate\Queue\Worker.php(411): Illuminate\Queue\Worker->process('database', Object(Illuminate\Queue\Jobs\DatabaseJob), Object(Illuminate\Queue\WorkerOptions))
#25 C:\Users\Dicky\Documents\PROJEK\juaravibecoding\app_build\backend\vendor\laravel\framework\src\Illuminate\Queue\Worker.php(189): Illuminate\Queue\Worker->runJob(Object(Illuminate\Queue\Jobs\DatabaseJob), 'database', Object(Illuminate\Queue\WorkerOptions))
#26 C:\Users\Dicky\Documents\PROJEK\juaravibecoding\app_build\backend\vendor\laravel\framework\src\Illuminate\Queue\Console\WorkCommand.php(150): Illuminate\Queue\Worker->daemon('database', 'default', Object(Illuminate\Queue\WorkerOptions))
#27 C:\Users\Dicky\Documents\PROJEK\juaravibecoding\app_build\backend\vendor\laravel\framework\src\Illuminate\Queue\Console\WorkCommand.php(133): Illuminate\Queue\Console\WorkCommand->runWorker('database', 'default')
#28 C:\Users\Dicky\Documents\PROJEK\juaravibecoding\app_build\backend\vendor\laravel\framework\src\Illuminate\Container\BoundMethod.php(36): Illuminate\Queue\Console\WorkCommand->handle()
#29 C:\Users\Dicky\Documents\PROJEK\juaravibecoding\app_build\backend\vendor\laravel\framework\src\Illuminate\Container\Util.php(43): Illuminate\Container\BoundMethod::{closure:Illuminate\Container\BoundMethod::call():35}()
#30 C:\Users\Dicky\Documents\PROJEK\juaravibecoding\app_build\backend\vendor\laravel\framework\src\Illuminate\Container\BoundMethod.php(95): Illuminate\Container\Util::unwrapIfClosure(Object(Closure))
#31 C:\Users\Dicky\Documents\PROJEK\juaravibecoding\app_build\backend\vendor\laravel\framework\src\Illuminate\Container\BoundMethod.php(35): Illuminate\Container\BoundMethod::callBoundMethod(Object(Illuminate\Foundation\Application), Array, Object(Closure))
#32 C:\Users\Dicky\Documents\PROJEK\juaravibecoding\app_build\backend\vendor\laravel\framework\src\Illuminate\Container\Container.php(696): Illuminate\Container\BoundMethod::call(Object(Illuminate\Foundation\Application), Array, Array, NULL)
#33 C:\Users\Dicky\Documents\PROJEK\juaravibecoding\app_build\backend\vendor\laravel\framework\src\Illuminate\Console\Command.php(213): Illuminate\Container\Container->call(Array)
#34 C:\Users\Dicky\Documents\PROJEK\juaravibecoding\app_build\backend\vendor\symfony\console\Command\Command.php(341): Illuminate\Console\Command->execute(Object(Symfony\Component\Console\Input\ArgvInput), Object(Illuminate\Console\OutputStyle))
#35 C:\Users\Dicky\Documents\PROJEK\juaravibecoding\app_build\backend\vendor\laravel\framework\src\Illuminate\Console\Command.php(182): Symfony\Component\Console\Command\Command->run(Object(Symfony\Component\Console\Input\ArgvInput), Object(Illuminate\Console\OutputStyle))
#36 C:\Users\Dicky\Documents\PROJEK\juaravibecoding\app_build\backend\vendor\symfony\console\Application.php(1117): Illuminate\Console\Command->run(Object(Symfony\Component\Console\Input\ArgvInput), Object(Symfony\Component\Console\Output\ConsoleOutput))
#37 C:\Users\Dicky\Documents\PROJEK\juaravibecoding\app_build\backend\vendor\symfony\console\Application.php(356): Symfony\Component\Console\Application->doRunCommand(Object(Illuminate\Queue\Console\WorkCommand), Object(Symfony\Component\Console\Input\ArgvInput), Object(Symfony\Component\Console\Output\ConsoleOutput))
#38 C:\Users\Dicky\Documents\PROJEK\juaravibecoding\app_build\backend\vendor\symfony\console\Application.php(195): Symfony\Component\Console\Application->doRun(Object(Symfony\Component\Console\Input\ArgvInput), Object(Symfony\Component\Console\Output\ConsoleOutput))
#39 C:\Users\Dicky\Documents\PROJEK\juaravibecoding\app_build\backend\vendor\laravel\framework\src\Illuminate\Foundation\Console\Kernel.php(198): Symfony\Component\Console\Application->run(Object(Symfony\Component\Console\Input\ArgvInput), Object(Symfony\Component\Console\Output\ConsoleOutput))
#40 C:\Users\Dicky\Documents\PROJEK\juaravibecoding\app_build\backend\vendor\laravel\framework\src\Illuminate\Foundation\Application.php(1235): Illuminate\Foundation\Console\Kernel->handle(Object(Symfony\Component\Console\Input\ArgvInput), Object(Symfony\Component\Console\Output\ConsoleOutput))
#41 C:\Users\Dicky\Documents\PROJEK\juaravibecoding\app_build\backend\artisan(16): Illuminate\Foundation\Application->handleCommand(Object(Symfony\Component\Console\Input\ArgvInput))
#42 {main}

Next Illuminate\Database\QueryException: SQLSTATE[HY000]: General error: 1 no such table: offline_queues (Connection: sqlite, SQL: update "offline_queues" set "status" = failed, "updated_at" = 2026-06-05 11:00:02 where "image_path" = receipts/tUS8ePTVrZCvWcnb8C0d97RGoi4gV1X2ipCpz6yt.jpg) in C:\Users\Dicky\Documents\PROJEK\juaravibecoding\app_build\backend\vendor\laravel\framework\src\Illuminate\Database\Connection.php:825
Stack trace:
#0 C:\Users\Dicky\Documents\PROJEK\juaravibecoding\app_build\backend\vendor\laravel\framework\src\Illuminate\Database\Connection.php(779): Illuminate\Database\Connection->runQueryCallback('update "offline...', Array, Object(Closure))
#1 C:\Users\Dicky\Documents\PROJEK\juaravibecoding\app_build\backend\vendor\laravel\framework\src\Illuminate\Database\Connection.php(584): Illuminate\Database\Connection->run('update "offline...', Array, Object(Closure))
#2 C:\Users\Dicky\Documents\PROJEK\juaravibecoding\app_build\backend\vendor\laravel\framework\src\Illuminate\Database\Connection.php(536): Illuminate\Database\Connection->affectingStatement('update "offline...', Array)
#3 C:\Users\Dicky\Documents\PROJEK\juaravibecoding\app_build\backend\vendor\laravel\framework\src\Illuminate\Database\Query\Builder.php(3830): Illuminate\Database\Connection->update('update "offline...', Array)
#4 C:\Users\Dicky\Documents\PROJEK\juaravibecoding\app_build\backend\vendor\laravel\framework\src\Illuminate\Database\Eloquent\Builder.php(1175): Illuminate\Database\Query\Builder->update(Object(Illuminate\Support\Collection))
#5 C:\Users\Dicky\Documents\PROJEK\juaravibecoding\app_build\backend\app\Jobs\ProcessReceiptOCR.php(106): Illuminate\Database\Eloquent\Builder->update(Array)
#6 C:\Users\Dicky\Documents\PROJEK\juaravibecoding\app_build\backend\vendor\laravel\framework\src\Illuminate\Container\BoundMethod.php(36): App\Jobs\ProcessReceiptOCR->handle(Object(App\Services\CloudVisionService), Object(App\Services\GeminiService), Object(App\Services\ExpirationCalculatorService), Object(App\Http\Middleware\PrivacyFilterMiddleware))
#7 C:\Users\Dicky\Documents\PROJEK\juaravibecoding\app_build\backend\vendor\laravel\framework\src\Illuminate\Container\Util.php(43): Illuminate\Container\BoundMethod::{closure:Illuminate\Container\BoundMethod::call():35}()
#8 C:\Users\Dicky\Documents\PROJEK\juaravibecoding\app_build\backend\vendor\laravel\framework\src\Illuminate\Container\BoundMethod.php(95): Illuminate\Container\Util::unwrapIfClosure(Object(Closure))
#9 C:\Users\Dicky\Documents\PROJEK\juaravibecoding\app_build\backend\vendor\laravel\framework\src\Illuminate\Container\BoundMethod.php(35): Illuminate\Container\BoundMethod::callBoundMethod(Object(Illuminate\Foundation\Application), Array, Object(Closure))
#10 C:\Users\Dicky\Documents\PROJEK\juaravibecoding\app_build\backend\vendor\laravel\framework\src\Illuminate\Container\Container.php(696): Illuminate\Container\BoundMethod::call(Object(Illuminate\Foundation\Application), Array, Array, NULL)
#11 C:\Users\Dicky\Documents\PROJEK\juaravibecoding\app_build\backend\vendor\laravel\framework\src\Illuminate\Bus\Dispatcher.php(126): Illuminate\Container\Container->call(Array)
#12 C:\Users\Dicky\Documents\PROJEK\juaravibecoding\app_build\backend\vendor\laravel\framework\src\Illuminate\Pipeline\Pipeline.php(170): Illuminate\Bus\Dispatcher->{closure:Illuminate\Bus\Dispatcher::dispatchNow():123}(Object(App\Jobs\ProcessReceiptOCR))
#13 C:\Users\Dicky\Documents\PROJEK\juaravibecoding\app_build\backend\vendor\laravel\framework\src\Illuminate\Pipeline\Pipeline.php(127): Illuminate\Pipeline\Pipeline->{closure:Illuminate\Pipeline\Pipeline::prepareDestination():168}(Object(App\Jobs\ProcessReceiptOCR))
#14 C:\Users\Dicky\Documents\PROJEK\juaravibecoding\app_build\backend\vendor\laravel\framework\src\Illuminate\Bus\Dispatcher.php(130): Illuminate\Pipeline\Pipeline->then(Object(Closure))
#15 C:\Users\Dicky\Documents\PROJEK\juaravibecoding\app_build\backend\vendor\laravel\framework\src\Illuminate\Queue\CallQueuedHandler.php(126): Illuminate\Bus\Dispatcher->dispatchNow(Object(App\Jobs\ProcessReceiptOCR), false)
#16 C:\Users\Dicky\Documents\PROJEK\juaravibecoding\app_build\backend\vendor\laravel\framework\src\Illuminate\Pipeline\Pipeline.php(170): Illuminate\Queue\CallQueuedHandler->{closure:Illuminate\Queue\CallQueuedHandler::dispatchThroughMiddleware():121}(Object(App\Jobs\ProcessReceiptOCR))
#17 C:\Users\Dicky\Documents\PROJEK\juaravibecoding\app_build\backend\vendor\laravel\framework\src\Illuminate\Pipeline\Pipeline.php(127): Illuminate\Pipeline\Pipeline->{closure:Illuminate\Pipeline\Pipeline::prepareDestination():168}(Object(App\Jobs\ProcessReceiptOCR))
#18 C:\Users\Dicky\Documents\PROJEK\juaravibecoding\app_build\backend\vendor\laravel\framework\src\Illuminate\Queue\CallQueuedHandler.php(121): Illuminate\Pipeline\Pipeline->then(Object(Closure))
#19 C:\Users\Dicky\Documents\PROJEK\juaravibecoding\app_build\backend\vendor\laravel\framework\src\Illuminate\Queue\CallQueuedHandler.php(69): Illuminate\Queue\CallQueuedHandler->dispatchThroughMiddleware(Object(Illuminate\Queue\Jobs\DatabaseJob), Object(App\Jobs\ProcessReceiptOCR))
#20 C:\Users\Dicky\Documents\PROJEK\juaravibecoding\app_build\backend\vendor\laravel\framework\src\Illuminate\Queue\Jobs\Job.php(102): Illuminate\Queue\CallQueuedHandler->call(Object(Illuminate\Queue\Jobs\DatabaseJob), Array)
#21 C:\Users\Dicky\Documents\PROJEK\juaravibecoding\app_build\backend\vendor\laravel\framework\src\Illuminate\Queue\Worker.php(461): Illuminate\Queue\Jobs\Job->fire()
#22 C:\Users\Dicky\Documents\PROJEK\juaravibecoding\app_build\backend\vendor\laravel\framework\src\Illuminate\Queue\Worker.php(411): Illuminate\Queue\Worker->process('database', Object(Illuminate\Queue\Jobs\DatabaseJob), Object(Illuminate\Queue\WorkerOptions))
#23 C:\Users\Dicky\Documents\PROJEK\juaravibecoding\app_build\backend\vendor\laravel\framework\src\Illuminate\Queue\Worker.php(189): Illuminate\Queue\Worker->runJob(Object(Illuminate\Queue\Jobs\DatabaseJob), 'database', Object(Illuminate\Queue\WorkerOptions))
#24 C:\Users\Dicky\Documents\PROJEK\juaravibecoding\app_build\backend\vendor\laravel\framework\src\Illuminate\Queue\Console\WorkCommand.php(150): Illuminate\Queue\Worker->daemon('database', 'default', Object(Illuminate\Queue\WorkerOptions))
#25 C:\Users\Dicky\Documents\PROJEK\juaravibecoding\app_build\backend\vendor\laravel\framework\src\Illuminate\Queue\Console\WorkCommand.php(133): Illuminate\Queue\Console\WorkCommand->runWorker('database', 'default')
#26 C:\Users\Dicky\Documents\PROJEK\juaravibecoding\app_build\backend\vendor\laravel\framework\src\Illuminate\Container\BoundMethod.php(36): Illuminate\Queue\Console\WorkCommand->handle()
#27 C:\Users\Dicky\Documents\PROJEK\juaravibecoding\app_build\backend\vendor\laravel\framework\src\Illuminate\Container\Util.php(43): Illuminate\Container\BoundMethod::{closure:Illuminate\Container\BoundMethod::call():35}()
#28 C:\Users\Dicky\Documents\PROJEK\juaravibecoding\app_build\backend\vendor\laravel\framework\src\Illuminate\Container\BoundMethod.php(95): Illuminate\Container\Util::unwrapIfClosure(Object(Closure))
#29 C:\Users\Dicky\Documents\PROJEK\juaravibecoding\app_build\backend\vendor\laravel\framework\src\Illuminate\Container\BoundMethod.php(35): Illuminate\Container\BoundMethod::callBoundMethod(Object(Illuminate\Foundation\Application), Array, Object(Closure))
#30 C:\Users\Dicky\Documents\PROJEK\juaravibecoding\app_build\backend\vendor\laravel\framework\src\Illuminate\Container\Container.php(696): Illuminate\Container\BoundMethod::call(Object(Illuminate\Foundation\Application), Array, Array, NULL)
#31 C:\Users\Dicky\Documents\PROJEK\juaravibecoding\app_build\backend\vendor\laravel\framework\src\Illuminate\Console\Command.php(213): Illuminate\Container\Container->call(Array)
#32 C:\Users\Dicky\Documents\PROJEK\juaravibecoding\app_build\backend\vendor\symfony\console\Command\Command.php(341): Illuminate\Console\Command->execute(Object(Symfony\Component\Console\Input\ArgvInput), Object(Illuminate\Console\OutputStyle))
#33 C:\Users\Dicky\Documents\PROJEK\juaravibecoding\app_build\backend\vendor\laravel\framework\src\Illuminate\Console\Command.php(182): Symfony\Component\Console\Command\Command->run(Object(Symfony\Component\Console\Input\ArgvInput), Object(Illuminate\Console\OutputStyle))
#34 C:\Users\Dicky\Documents\PROJEK\juaravibecoding\app_build\backend\vendor\symfony\console\Application.php(1117): Illuminate\Console\Command->run(Object(Symfony\Component\Console\Input\ArgvInput), Object(Symfony\Component\Console\Output\ConsoleOutput))
#35 C:\Users\Dicky\Documents\PROJEK\juaravibecoding\app_build\backend\vendor\symfony\console\Application.php(356): Symfony\Component\Console\Application->doRunCommand(Object(Illuminate\Queue\Console\WorkCommand), Object(Symfony\Component\Console\Input\ArgvInput), Object(Symfony\Component\Console\Output\ConsoleOutput))
#36 C:\Users\Dicky\Documents\PROJEK\juaravibecoding\app_build\backend\vendor\symfony\console\Application.php(195): Symfony\Component\Console\Application->doRun(Object(Symfony\Component\Console\Input\ArgvInput), Object(Symfony\Component\Console\Output\ConsoleOutput))
#37 C:\Users\Dicky\Documents\PROJEK\juaravibecoding\app_build\backend\vendor\laravel\framework\src\Illuminate\Foundation\Console\Kernel.php(198): Symfony\Component\Console\Application->run(Object(Symfony\Component\Console\Input\ArgvInput), Object(Symfony\Component\Console\Output\ConsoleOutput))
#38 C:\Users\Dicky\Documents\PROJEK\juaravibecoding\app_build\backend\vendor\laravel\framework\src\Illuminate\Foundation\Application.php(1235): Illuminate\Foundation\Console\Kernel->handle(Object(Symfony\Component\Console\Input\ArgvInput), Object(Symfony\Component\Console\Output\ConsoleOutput))
#39 C:\Users\Dicky\Documents\PROJEK\juaravibecoding\app_build\backend\artisan(16): Illuminate\Foundation\Application->handleCommand(Object(Symfony\Component\Console\Input\ArgvInput))
#40 {main}, 2026-06-05 11:00:02)) {"exception":"[object] (Illuminate\\Database\\QueryException(code: HY000): SQLSTATE[HY000]: General error: 1 no such table: failed_jobs (Connection: sqlite, SQL: insert into \"failed_jobs\" (\"uuid\", \"connection\", \"queue\", \"payload\", \"exception\", \"failed_at\") values (28abdff9-bf6a-4fbc-aae5-bfbcf0ab1f23, database, default, {\"uuid\":\"28abdff9-bf6a-4fbc-aae5-bfbcf0ab1f23\",\"displayName\":\"App\\\\Jobs\\\\ProcessReceiptOCR\",\"job\":\"Illuminate\\\\Queue\\\\CallQueuedHandler@call\",\"maxTries\":3,\"maxExceptions\":null,\"failOnTimeout\":false,\"backoff\":null,\"timeout\":60,\"retryUntil\":null,\"data\":{\"commandName\":\"App\\\\Jobs\\\\ProcessReceiptOCR\",\"command\":\"O:26:\\\"App\\\\Jobs\\\\ProcessReceiptOCR\\\":2:{s:34:\\\"\\u0000App\\\\Jobs\\\\ProcessReceiptOCR\\u0000userId\\\";i:1;s:37:\\\"\\u0000App\\\\Jobs\\\\ProcessReceiptOCR\\u0000imagePath\\\";s:53:\\\"receipts\\/tUS8ePTVrZCvWcnb8C0d97RGoi4gV1X2ipCpz6yt.jpg\\\";}\"}}, PDOException: SQLSTATE[HY000]: General error: 1 no such table: offline_queues in C:\\Users\\Dicky\\Documents\\PROJEK\\juaravibecoding\\app_build\\backend\\vendor\\laravel\\framework\\src\\Illuminate\\Database\\Connection.php:592
Stack trace:
#0 C:\\Users\\Dicky\\Documents\\PROJEK\\juaravibecoding\\app_build\\backend\\vendor\\laravel\\framework\\src\\Illuminate\\Database\\Connection.php(592): PDO->prepare('update \"offline...')
#1 C:\\Users\\Dicky\\Documents\\PROJEK\\juaravibecoding\\app_build\\backend\\vendor\\laravel\\framework\\src\\Illuminate\\Database\\Connection.php(812): Illuminate\\Database\\Connection->{closure:Illuminate\\Database\\Connection::affectingStatement():584}('update \"offline...', Array)
#2 C:\\Users\\Dicky\\Documents\\PROJEK\\juaravibecoding\\app_build\\backend\\vendor\\laravel\\framework\\src\\Illuminate\\Database\\Connection.php(779): Illuminate\\Database\\Connection->runQueryCallback('update \"offline...', Array, Object(Closure))
#3 C:\\Users\\Dicky\\Documents\\PROJEK\\juaravibecoding\\app_build\\backend\\vendor\\laravel\\framework\\src\\Illuminate\\Database\\Connection.php(584): Illuminate\\Database\\Connection->run('update \"offline...', Array, Object(Closure))
#4 C:\\Users\\Dicky\\Documents\\PROJEK\\juaravibecoding\\app_build\\backend\\vendor\\laravel\\framework\\src\\Illuminate\\Database\\Connection.php(536): Illuminate\\Database\\Connection->affectingStatement('update \"offline...', Array)
#5 C:\\Users\\Dicky\\Documents\\PROJEK\\juaravibecoding\\app_build\\backend\\vendor\\laravel\\framework\\src\\Illuminate\\Database\\Query\\Builder.php(3830): Illuminate\\Database\\Connection->update('update \"offline...', Array)
#6 C:\\Users\\Dicky\\Documents\\PROJEK\\juaravibecoding\\app_build\\backend\\vendor\\laravel\\framework\\src\\Illuminate\\Database\\Eloquent\\Builder.php(1175): Illuminate\\Database\\Query\\Builder->update(Object(Illuminate\\Support\\Collection))
#7 C:\\Users\\Dicky\\Documents\\PROJEK\\juaravibecoding\\app_build\\backend\\app\\Jobs\\ProcessReceiptOCR.php(106): Illuminate\\Database\\Eloquent\\Builder->update(Array)
#8 C:\\Users\\Dicky\\Documents\\PROJEK\\juaravibecoding\\app_build\\backend\\vendor\\laravel\\framework\\src\\Illuminate\\Container\\BoundMethod.php(36): App\\Jobs\\ProcessReceiptOCR->handle(Object(App\\Services\\CloudVisionService), Object(App\\Services\\GeminiService), Object(App\\Services\\ExpirationCalculatorService), Object(App\\Http\\Middleware\\PrivacyFilterMiddleware))
#9 C:\\Users\\Dicky\\Documents\\PROJEK\\juaravibecoding\\app_build\\backend\\vendor\\laravel\\framework\\src\\Illuminate\\Container\\Util.php(43): Illuminate\\Container\\BoundMethod::{closure:Illuminate\\Container\\BoundMethod::call():35}()
#10 C:\\Users\\Dicky\\Documents\\PROJEK\\juaravibecoding\\app_build\\backend\\vendor\\laravel\\framework\\src\\Illuminate\\Container\\BoundMethod.php(95): Illuminate\\Container\\Util::unwrapIfClosure(Object(Closure))
#11 C:\\Users\\Dicky\\Documents\\PROJEK\\juaravibecoding\\app_build\\backend\\vendor\\laravel\\framework\\src\\Illuminate\\Container\\BoundMethod.php(35): Illuminate\\Container\\BoundMethod::callBoundMethod(Object(Illuminate\\Foundation\\Application), Array, Object(Closure))
#12 C:\\Users\\Dicky\\Documents\\PROJEK\\juaravibecoding\\app_build\\backend\\vendor\\laravel\\framework\\src\\Illuminate\\Container\\Container.php(696): Illuminate\\Container\\BoundMethod::call(Object(Illuminate\\Foundation\\Application), Array, Array, NULL)
#13 C:\\Users\\Dicky\\Documents\\PROJEK\\juaravibecoding\\app_build\\backend\\vendor\\laravel\\framework\\src\\Illuminate\\Bus\\Dispatcher.php(126): Illuminate\\Container\\Container->call(Array)
#14 C:\\Users\\Dicky\\Documents\\PROJEK\\juaravibecoding\\app_build\\backend\\vendor\\laravel\\framework\\src\\Illuminate\\Pipeline\\Pipeline.php(170): Illuminate\\Bus\\Dispatcher->{closure:Illuminate\\Bus\\Dispatcher::dispatchNow():123}(Object(App\\Jobs\\ProcessReceiptOCR))
#15 C:\\Users\\Dicky\\Documents\\PROJEK\\juaravibecoding\\app_build\\backend\\vendor\\laravel\\framework\\src\\Illuminate\\Pipeline\\Pipeline.php(127): Illuminate\\Pipeline\\Pipeline->{closure:Illuminate\\Pipeline\\Pipeline::prepareDestination():168}(Object(App\\Jobs\\ProcessReceiptOCR))
#16 C:\\Users\\Dicky\\Documents\\PROJEK\\juaravibecoding\\app_build\\backend\\vendor\\laravel\\framework\\src\\Illuminate\\Bus\\Dispatcher.php(130): Illuminate\\Pipeline\\Pipeline->then(Object(Closure))
#17 C:\\Users\\Dicky\\Documents\\PROJEK\\juaravibecoding\\app_build\\backend\\vendor\\laravel\\framework\\src\\Illuminate\\Queue\\CallQueuedHandler.php(126): Illuminate\\Bus\\Dispatcher->dispatchNow(Object(App\\Jobs\\ProcessReceiptOCR), false)
#18 C:\\Users\\Dicky\\Documents\\PROJEK\\juaravibecoding\\app_build\\backend\\vendor\\laravel\\framework\\src\\Illuminate\\Pipeline\\Pipeline.php(170): Illuminate\\Queue\\CallQueuedHandler->{closure:Illuminate\\Queue\\CallQueuedHandler::dispatchThroughMiddleware():121}(Object(App\\Jobs\\ProcessReceiptOCR))
#19 C:\\Users\\Dicky\\Documents\\PROJEK\\juaravibecoding\\app_build\\backend\\vendor\\laravel\\framework\\src\\Illuminate\\Pipeline\\Pipeline.php(127): Illuminate\\Pipeline\\Pipeline->{closure:Illuminate\\Pipeline\\Pipeline::prepareDestination():168}(Object(App\\Jobs\\ProcessReceiptOCR))
#20 C:\\Users\\Dicky\\Documents\\PROJEK\\juaravibecoding\\app_build\\backend\\vendor\\laravel\\framework\\src\\Illuminate\\Queue\\CallQueuedHandler.php(121): Illuminate\\Pipeline\\Pipeline->then(Object(Closure))
#21 C:\\Users\\Dicky\\Documents\\PROJEK\\juaravibecoding\\app_build\\backend\\vendor\\laravel\\framework\\src\\Illuminate\\Queue\\CallQueuedHandler.php(69): Illuminate\\Queue\\CallQueuedHandler->dispatchThroughMiddleware(Object(Illuminate\\Queue\\Jobs\\DatabaseJob), Object(App\\Jobs\\ProcessReceiptOCR))
#22 C:\\Users\\Dicky\\Documents\\PROJEK\\juaravibecoding\\app_build\\backend\\vendor\\laravel\\framework\\src\\Illuminate\\Queue\\Jobs\\Job.php(102): Illuminate\\Queue\\CallQueuedHandler->call(Object(Illuminate\\Queue\\Jobs\\DatabaseJob), Array)
#23 C:\\Users\\Dicky\\Documents\\PROJEK\\juaravibecoding\\app_build\\backend\\vendor\\laravel\\framework\\src\\Illuminate\\Queue\\Worker.php(461): Illuminate\\Queue\\Jobs\\Job->fire()
#24 C:\\Users\\Dicky\\Documents\\PROJEK\\juaravibecoding\\app_build\\backend\\vendor\\laravel\\framework\\src\\Illuminate\\Queue\\Worker.php(411): Illuminate\\Queue\\Worker->process('database', Object(Illuminate\\Queue\\Jobs\\DatabaseJob), Object(Illuminate\\Queue\\WorkerOptions))
#25 C:\\Users\\Dicky\\Documents\\PROJEK\\juaravibecoding\\app_build\\backend\\vendor\\laravel\\framework\\src\\Illuminate\\Queue\\Worker.php(189): Illuminate\\Queue\\Worker->runJob(Object(Illuminate\\Queue\\Jobs\\DatabaseJob), 'database', Object(Illuminate\\Queue\\WorkerOptions))
#26 C:\\Users\\Dicky\\Documents\\PROJEK\\juaravibecoding\\app_build\\backend\\vendor\\laravel\\framework\\src\\Illuminate\\Queue\\Console\\WorkCommand.php(150): Illuminate\\Queue\\Worker->daemon('database', 'default', Object(Illuminate\\Queue\\WorkerOptions))
#27 C:\\Users\\Dicky\\Documents\\PROJEK\\juaravibecoding\\app_build\\backend\\vendor\\laravel\\framework\\src\\Illuminate\\Queue\\Console\\WorkCommand.php(133): Illuminate\\Queue\\Console\\WorkCommand->runWorker('database', 'default')
#28 C:\\Users\\Dicky\\Documents\\PROJEK\\juaravibecoding\\app_build\\backend\\vendor\\laravel\\framework\\src\\Illuminate\\Container\\BoundMethod.php(36): Illuminate\\Queue\\Console\\WorkCommand->handle()
#29 C:\\Users\\Dicky\\Documents\\PROJEK\\juaravibecoding\\app_build\\backend\\vendor\\laravel\\framework\\src\\Illuminate\\Container\\Util.php(43): Illuminate\\Container\\BoundMethod::{closure:Illuminate\\Container\\BoundMethod::call():35}()
#30 C:\\Users\\Dicky\\Documents\\PROJEK\\juaravibecoding\\app_build\\backend\\vendor\\laravel\\framework\\src\\Illuminate\\Container\\BoundMethod.php(95): Illuminate\\Container\\Util::unwrapIfClosure(Object(Closure))
#31 C:\\Users\\Dicky\\Documents\\PROJEK\\juaravibecoding\\app_build\\backend\\vendor\\laravel\\framework\\src\\Illuminate\\Container\\BoundMethod.php(35): Illuminate\\Container\\BoundMethod::callBoundMethod(Object(Illuminate\\Foundation\\Application), Array, Object(Closure))
#32 C:\\Users\\Dicky\\Documents\\PROJEK\\juaravibecoding\\app_build\\backend\\vendor\\laravel\\framework\\src\\Illuminate\\Container\\Container.php(696): Illuminate\\Container\\BoundMethod::call(Object(Illuminate\\Foundation\\Application), Array, Array, NULL)
#33 C:\\Users\\Dicky\\Documents\\PROJEK\\juaravibecoding\\app_build\\backend\\vendor\\laravel\\framework\\src\\Illuminate\\Console\\Command.php(213): Illuminate\\Container\\Container->call(Array)
#34 C:\\Users\\Dicky\\Documents\\PROJEK\\juaravibecoding\\app_build\\backend\\vendor\\symfony\\console\\Command\\Command.php(341): Illuminate\\Console\\Command->execute(Object(Symfony\\Component\\Console\\Input\\ArgvInput), Object(Illuminate\\Console\\OutputStyle))
#35 C:\\Users\\Dicky\\Documents\\PROJEK\\juaravibecoding\\app_build\\backend\\vendor\\laravel\\framework\\src\\Illuminate\\Console\\Command.php(182): Symfony\\Component\\Console\\Command\\Command->run(Object(Symfony\\Component\\Console\\Input\\ArgvInput), Object(Illuminate\\Console\\OutputStyle))
#36 C:\\Users\\Dicky\\Documents\\PROJEK\\juaravibecoding\\app_build\\backend\\vendor\\symfony\\console\\Application.php(1117): Illuminate\\Console\\Command->run(Object(Symfony\\Component\\Console\\Input\\ArgvInput), Object(Symfony\\Component\\Console\\Output\\ConsoleOutput))
#37 C:\\Users\\Dicky\\Documents\\PROJEK\\juaravibecoding\\app_build\\backend\\vendor\\symfony\\console\\Application.php(356): Symfony\\Component\\Console\\Application->doRunCommand(Object(Illuminate\\Queue\\Console\\WorkCommand), Object(Symfony\\Component\\Console\\Input\\ArgvInput), Object(Symfony\\Component\\Console\\Output\\ConsoleOutput))
#38 C:\\Users\\Dicky\\Documents\\PROJEK\\juaravibecoding\\app_build\\backend\\vendor\\symfony\\console\\Application.php(195): Symfony\\Component\\Console\\Application->doRun(Object(Symfony\\Component\\Console\\Input\\ArgvInput), Object(Symfony\\Component\\Console\\Output\\ConsoleOutput))
#39 C:\\Users\\Dicky\\Documents\\PROJEK\\juaravibecoding\\app_build\\backend\\vendor\\laravel\\framework\\src\\Illuminate\\Foundation\\Console\\Kernel.php(198): Symfony\\Component\\Console\\Application->run(Object(Symfony\\Component\\Console\\Input\\ArgvInput), Object(Symfony\\Component\\Console\\Output\\ConsoleOutput))
#40 C:\\Users\\Dicky\\Documents\\PROJEK\\juaravibecoding\\app_build\\backend\\vendor\\laravel\\framework\\src\\Illuminate\\Foundation\\Application.php(1235): Illuminate\\Foundation\\Console\\Kernel->handle(Object(Symfony\\Component\\Console\\Input\\ArgvInput), Object(Symfony\\Component\\Console\\Output\\ConsoleOutput))
#41 C:\\Users\\Dicky\\Documents\\PROJEK\\juaravibecoding\\app_build\\backend\\artisan(16): Illuminate\\Foundation\\Application->handleCommand(Object(Symfony\\Component\\Console\\Input\\ArgvInput))
#42 {main}

Next Illuminate\\Database\\QueryException: SQLSTATE[HY000]: General error: 1 no such table: offline_queues (Connection: sqlite, SQL: update \"offline_queues\" set \"status\" = failed, \"updated_at\" = 2026-06-05 11:00:02 where \"image_path\" = receipts/tUS8ePTVrZCvWcnb8C0d97RGoi4gV1X2ipCpz6yt.jpg) in C:\\Users\\Dicky\\Documents\\PROJEK\\juaravibecoding\\app_build\\backend\\vendor\\laravel\\framework\\src\\Illuminate\\Database\\Connection.php:825
Stack trace:
#0 C:\\Users\\Dicky\\Documents\\PROJEK\\juaravibecoding\\app_build\\backend\\vendor\\laravel\\framework\\src\\Illuminate\\Database\\Connection.php(779): Illuminate\\Database\\Connection->runQueryCallback('update \"offline...', Array, Object(Closure))
#1 C:\\Users\\Dicky\\Documents\\PROJEK\\juaravibecoding\\app_build\\backend\\vendor\\laravel\\framework\\src\\Illuminate\\Database\\Connection.php(584): Illuminate\\Database\\Connection->run('update \"offline...', Array, Object(Closure))
#2 C:\\Users\\Dicky\\Documents\\PROJEK\\juaravibecoding\\app_build\\backend\\vendor\\laravel\\framework\\src\\Illuminate\\Database\\Connection.php(536): Illuminate\\Database\\Connection->affectingStatement('update \"offline...', Array)
#3 C:\\Users\\Dicky\\Documents\\PROJEK\\juaravibecoding\\app_build\\backend\\vendor\\laravel\\framework\\src\\Illuminate\\Database\\Query\\Builder.php(3830): Illuminate\\Database\\Connection->update('update \"offline...', Array)
#4 C:\\Users\\Dicky\\Documents\\PROJEK\\juaravibecoding\\app_build\\backend\\vendor\\laravel\\framework\\src\\Illuminate\\Database\\Eloquent\\Builder.php(1175): Illuminate\\Database\\Query\\Builder->update(Object(Illuminate\\Support\\Collection))
#5 C:\\Users\\Dicky\\Documents\\PROJEK\\juaravibecoding\\app_build\\backend\\app\\Jobs\\ProcessReceiptOCR.php(106): Illuminate\\Database\\Eloquent\\Builder->update(Array)
#6 C:\\Users\\Dicky\\Documents\\PROJEK\\juaravibecoding\\app_build\\backend\\vendor\\laravel\\framework\\src\\Illuminate\\Container\\BoundMethod.php(36): App\\Jobs\\ProcessReceiptOCR->handle(Object(App\\Services\\CloudVisionService), Object(App\\Services\\GeminiService), Object(App\\Services\\ExpirationCalculatorService), Object(App\\Http\\Middleware\\PrivacyFilterMiddleware))
#7 C:\\Users\\Dicky\\Documents\\PROJEK\\juaravibecoding\\app_build\\backend\\vendor\\laravel\\framework\\src\\Illuminate\\Container\\Util.php(43): Illuminate\\Container\\BoundMethod::{closure:Illuminate\\Container\\BoundMethod::call():35}()
#8 C:\\Users\\Dicky\\Documents\\PROJEK\\juaravibecoding\\app_build\\backend\\vendor\\laravel\\framework\\src\\Illuminate\\Container\\BoundMethod.php(95): Illuminate\\Container\\Util::unwrapIfClosure(Object(Closure))
#9 C:\\Users\\Dicky\\Documents\\PROJEK\\juaravibecoding\\app_build\\backend\\vendor\\laravel\\framework\\src\\Illuminate\\Container\\BoundMethod.php(35): Illuminate\\Container\\BoundMethod::callBoundMethod(Object(Illuminate\\Foundation\\Application), Array, Object(Closure))
#10 C:\\Users\\Dicky\\Documents\\PROJEK\\juaravibecoding\\app_build\\backend\\vendor\\laravel\\framework\\src\\Illuminate\\Container\\Container.php(696): Illuminate\\Container\\BoundMethod::call(Object(Illuminate\\Foundation\\Application), Array, Array, NULL)
#11 C:\\Users\\Dicky\\Documents\\PROJEK\\juaravibecoding\\app_build\\backend\\vendor\\laravel\\framework\\src\\Illuminate\\Bus\\Dispatcher.php(126): Illuminate\\Container\\Container->call(Array)
#12 C:\\Users\\Dicky\\Documents\\PROJEK\\juaravibecoding\\app_build\\backend\\vendor\\laravel\\framework\\src\\Illuminate\\Pipeline\\Pipeline.php(170): Illuminate\\Bus\\Dispatcher->{closure:Illuminate\\Bus\\Dispatcher::dispatchNow():123}(Object(App\\Jobs\\ProcessReceiptOCR))
#13 C:\\Users\\Dicky\\Documents\\PROJEK\\juaravibecoding\\app_build\\backend\\vendor\\laravel\\framework\\src\\Illuminate\\Pipeline\\Pipeline.php(127): Illuminate\\Pipeline\\Pipeline->{closure:Illuminate\\Pipeline\\Pipeline::prepareDestination():168}(Object(App\\Jobs\\ProcessReceiptOCR))
#14 C:\\Users\\Dicky\\Documents\\PROJEK\\juaravibecoding\\app_build\\backend\\vendor\\laravel\\framework\\src\\Illuminate\\Bus\\Dispatcher.php(130): Illuminate\\Pipeline\\Pipeline->then(Object(Closure))
#15 C:\\Users\\Dicky\\Documents\\PROJEK\\juaravibecoding\\app_build\\backend\\vendor\\laravel\\framework\\src\\Illuminate\\Queue\\CallQueuedHandler.php(126): Illuminate\\Bus\\Dispatcher->dispatchNow(Object(App\\Jobs\\ProcessReceiptOCR), false)
#16 C:\\Users\\Dicky\\Documents\\PROJEK\\juaravibecoding\\app_build\\backend\\vendor\\laravel\\framework\\src\\Illuminate\\Pipeline\\Pipeline.php(170): Illuminate\\Queue\\CallQueuedHandler->{closure:Illuminate\\Queue\\CallQueuedHandler::dispatchThroughMiddleware():121}(Object(App\\Jobs\\ProcessReceiptOCR))
#17 C:\\Users\\Dicky\\Documents\\PROJEK\\juaravibecoding\\app_build\\backend\\vendor\\laravel\\framework\\src\\Illuminate\\Pipeline\\Pipeline.php(127): Illuminate\\Pipeline\\Pipeline->{closure:Illuminate\\Pipeline\\Pipeline::prepareDestination():168}(Object(App\\Jobs\\ProcessReceiptOCR))
#18 C:\\Users\\Dicky\\Documents\\PROJEK\\juaravibecoding\\app_build\\backend\\vendor\\laravel\\framework\\src\\Illuminate\\Queue\\CallQueuedHandler.php(121): Illuminate\\Pipeline\\Pipeline->then(Object(Closure))
#19 C:\\Users\\Dicky\\Documents\\PROJEK\\juaravibecoding\\app_build\\backend\\vendor\\laravel\\framework\\src\\Illuminate\\Queue\\CallQueuedHandler.php(69): Illuminate\\Queue\\CallQueuedHandler->dispatchThroughMiddleware(Object(Illuminate\\Queue\\Jobs\\DatabaseJob), Object(App\\Jobs\\ProcessReceiptOCR))
#20 C:\\Users\\Dicky\\Documents\\PROJEK\\juaravibecoding\\app_build\\backend\\vendor\\laravel\\framework\\src\\Illuminate\\Queue\\Jobs\\Job.php(102): Illuminate\\Queue\\CallQueuedHandler->call(Object(Illuminate\\Queue\\Jobs\\DatabaseJob), Array)
#21 C:\\Users\\Dicky\\Documents\\PROJEK\\juaravibecoding\\app_build\\backend\\vendor\\laravel\\framework\\src\\Illuminate\\Queue\\Worker.php(461): Illuminate\\Queue\\Jobs\\Job->fire()
#22 C:\\Users\\Dicky\\Documents\\PROJEK\\juaravibecoding\\app_build\\backend\\vendor\\laravel\\framework\\src\\Illuminate\\Queue\\Worker.php(411): Illuminate\\Queue\\Worker->process('database', Object(Illuminate\\Queue\\Jobs\\DatabaseJob), Object(Illuminate\\Queue\\WorkerOptions))
#23 C:\\Users\\Dicky\\Documents\\PROJEK\\juaravibecoding\\app_build\\backend\\vendor\\laravel\\framework\\src\\Illuminate\\Queue\\Worker.php(189): Illuminate\\Queue\\Worker->runJob(Object(Illuminate\\Queue\\Jobs\\DatabaseJob), 'database', Object(Illuminate\\Queue\\WorkerOptions))
#24 C:\\Users\\Dicky\\Documents\\PROJEK\\juaravibecoding\\app_build\\backend\\vendor\\laravel\\framework\\src\\Illuminate\\Queue\\Console\\WorkCommand.php(150): Illuminate\\Queue\\Worker->daemon('database', 'default', Object(Illuminate\\Queue\\WorkerOptions))
#25 C:\\Users\\Dicky\\Documents\\PROJEK\\juaravibecoding\\app_build\\backend\\vendor\\laravel\\framework\\src\\Illuminate\\Queue\\Console\\WorkCommand.php(133): Illuminate\\Queue\\Console\\WorkCommand->runWorker('database', 'default')
#26 C:\\Users\\Dicky\\Documents\\PROJEK\\juaravibecoding\\app_build\\backend\\vendor\\laravel\\framework\\src\\Illuminate\\Container\\BoundMethod.php(36): Illuminate\\Queue\\Console\\WorkCommand->handle()
#27 C:\\Users\\Dicky\\Documents\\PROJEK\\juaravibecoding\\app_build\\backend\\vendor\\laravel\\framework\\src\\Illuminate\\Container\\Util.php(43): Illuminate\\Container\\BoundMethod::{closure:Illuminate\\Container\\BoundMethod::call():35}()
#28 C:\\Users\\Dicky\\Documents\\PROJEK\\juaravibecoding\\app_build\\backend\\vendor\\laravel\\framework\\src\\Illuminate\\Container\\BoundMethod.php(95): Illuminate\\Container\\Util::unwrapIfClosure(Object(Closure))
#29 C:\\Users\\Dicky\\Documents\\PROJEK\\juaravibecoding\\app_build\\backend\\vendor\\laravel\\framework\\src\\Illuminate\\Container\\BoundMethod.php(35): Illuminate\\Container\\BoundMethod::callBoundMethod(Object(Illuminate\\Foundation\\Application), Array, Object(Closure))
#30 C:\\Users\\Dicky\\Documents\\PROJEK\\juaravibecoding\\app_build\\backend\\vendor\\laravel\\framework\\src\\Illuminate\\Container\\Container.php(696): Illuminate\\Container\\BoundMethod::call(Object(Illuminate\\Foundation\\Application), Array, Array, NULL)
#31 C:\\Users\\Dicky\\Documents\\PROJEK\\juaravibecoding\\app_build\\backend\\vendor\\laravel\\framework\\src\\Illuminate\\Console\\Command.php(213): Illuminate\\Container\\Container->call(Array)
#32 C:\\Users\\Dicky\\Documents\\PROJEK\\juaravibecoding\\app_build\\backend\\vendor\\symfony\\console\\Command\\Command.php(341): Illuminate\\Console\\Command->execute(Object(Symfony\\Component\\Console\\Input\\ArgvInput), Object(Illuminate\\Console\\OutputStyle))
#33 C:\\Users\\Dicky\\Documents\\PROJEK\\juaravibecoding\\app_build\\backend\\vendor\\laravel\\framework\\src\\Illuminate\\Console\\Command.php(182): Symfony\\Component\\Console\\Command\\Command->run(Object(Symfony\\Component\\Console\\Input\\ArgvInput), Object(Illuminate\\Console\\OutputStyle))
#34 C:\\Users\\Dicky\\Documents\\PROJEK\\juaravibecoding\\app_build\\backend\\vendor\\symfony\\console\\Application.php(1117): Illuminate\\Console\\Command->run(Object(Symfony\\Component\\Console\\Input\\ArgvInput), Object(Symfony\\Component\\Console\\Output\\ConsoleOutput))
#35 C:\\Users\\Dicky\\Documents\\PROJEK\\juaravibecoding\\app_build\\backend\\vendor\\symfony\\console\\Application.php(356): Symfony\\Component\\Console\\Application->doRunCommand(Object(Illuminate\\Queue\\Console\\WorkCommand), Object(Symfony\\Component\\Console\\Input\\ArgvInput), Object(Symfony\\Component\\Console\\Output\\ConsoleOutput))
#36 C:\\Users\\Dicky\\Documents\\PROJEK\\juaravibecoding\\app_build\\backend\\vendor\\symfony\\console\\Application.php(195): Symfony\\Component\\Console\\Application->doRun(Object(Symfony\\Component\\Console\\Input\\ArgvInput), Object(Symfony\\Component\\Console\\Output\\ConsoleOutput))
#37 C:\\Users\\Dicky\\Documents\\PROJEK\\juaravibecoding\\app_build\\backend\\vendor\\laravel\\framework\\src\\Illuminate\\Foundation\\Console\\Kernel.php(198): Symfony\\Component\\Console\\Application->run(Object(Symfony\\Component\\Console\\Input\\ArgvInput), Object(Symfony\\Component\\Console\\Output\\ConsoleOutput))
#38 C:\\Users\\Dicky\\Documents\\PROJEK\\juaravibecoding\\app_build\\backend\\vendor\\laravel\\framework\\src\\Illuminate\\Foundation\\Application.php(1235): Illuminate\\Foundation\\Console\\Kernel->handle(Object(Symfony\\Component\\Console\\Input\\ArgvInput), Object(Symfony\\Component\\Console\\Output\\ConsoleOutput))
#39 C:\\Users\\Dicky\\Documents\\PROJEK\\juaravibecoding\\app_build\\backend\\artisan(16): Illuminate\\Foundation\\Application->handleCommand(Object(Symfony\\Component\\Console\\Input\\ArgvInput))
#40 {main}, 2026-06-05 11:00:02)) at C:/Users/Dicky/Documents/PROJEK/juaravibecoding/app_build/backend/vendor/laravel/framework/src/Illuminate/Database/Connection.php:825)
[stacktrace]
#0 C:/Users/Dicky/Documents/PROJEK/juaravibecoding/app_build/backend/vendor/laravel/framework/src/Illuminate/Database/Connection.php(779): Illuminate/Database/Connection->runQueryCallback('insert into \"fa...', Array, Object(Closure))
#1 C:/Users/Dicky/Documents/PROJEK/juaravibecoding/app_build/backend/vendor/laravel/framework/src/Illuminate/Database/Connection.php(560): Illuminate/Database/Connection->run('insert into \"fa...', Array, Object(Closure))
#2 C:/Users/Dicky/Documents/PROJEK/juaravibecoding/app_build/backend/vendor/laravel/framework/src/Illuminate/Database/Connection.php(524): Illuminate/Database/Connection->statement('insert into \"fa...', Array)
#3 C:/Users/Dicky/Documents/PROJEK/juaravibecoding/app_build/backend/vendor/laravel/framework/src/Illuminate/Database/Query/Builder.php(3717): Illuminate/Database/Connection->insert('insert into \"fa...', Array)
#4 C:/Users/Dicky/Documents/PROJEK/juaravibecoding/app_build/backend/vendor/laravel/framework/src/Illuminate/Queue/Failed/DatabaseUuidFailedJobProvider.php(58): Illuminate/Database/Query/Builder->insert(Array)
#5 C:/Users/Dicky/Documents/PROJEK/juaravibecoding/app_build/backend/vendor/laravel/framework/src/Illuminate/Queue/Console/WorkCommand.php(335): Illuminate/Queue/Failed/DatabaseUuidFailedJobProvider->log('database', 'default', '{\"uuid\":\"28abdf...', Object(Illuminate/Database/QueryException))
#6 C:/Users/Dicky/Documents/PROJEK/juaravibecoding/app_build/backend/vendor/laravel/framework/src/Illuminate/Queue/Console/WorkCommand.php(204): Illuminate/Queue/Console/WorkCommand->logFailedJob(Object(Illuminate/Queue/Events/JobFailed))
#7 C:/Users/Dicky/Documents/PROJEK/juaravibecoding/app_build/backend/vendor/laravel/framework/src/Illuminate/Events/Dispatcher.php(459): Illuminate/Queue/Console/WorkCommand->{closure:Illuminate/Queue/Console/WorkCommand::listenForEvents():201}(Object(Illuminate/Queue/Events/JobFailed))
#8 C:/Users/Dicky/Documents/PROJEK/juaravibecoding/app_build/backend/vendor/laravel/framework/src/Illuminate/Events/Dispatcher.php(287): Illuminate/Events/Dispatcher->{closure:Illuminate/Events/Dispatcher::makeListener():454}('Illuminate//Queu...', Array)
#9 C:/Users/Dicky/Documents/PROJEK/juaravibecoding/app_build/backend/vendor/laravel/framework/src/Illuminate/Events/Dispatcher.php(267): Illuminate/Events/Dispatcher->invokeListeners('Illuminate//Queu...', Array, false)
#10 C:/Users/Dicky/Documents/PROJEK/juaravibecoding/app_build/backend/vendor/laravel/framework/src/Illuminate/Queue/Jobs/Job.php(221): Illuminate/Events/Dispatcher->dispatch('Illuminate//Queu...')
#11 C:/Users/Dicky/Documents/PROJEK/juaravibecoding/app_build/backend/vendor/laravel/framework/src/Illuminate/Queue/Worker.php(624): Illuminate/Queue/Jobs/Job->fail(Object(Illuminate/Database/QueryException))
#12 C:/Users/Dicky/Documents/PROJEK/juaravibecoding/app_build/backend/vendor/laravel/framework/src/Illuminate/Queue/Worker.php(570): Illuminate/Queue/Worker->failJob(Object(Illuminate/Queue/Jobs/DatabaseJob), Object(Illuminate/Database/QueryException))
#13 C:/Users/Dicky/Documents/PROJEK/juaravibecoding/app_build/backend/vendor/laravel/framework/src/Illuminate/Queue/Worker.php(493): Illuminate/Queue/Worker->markJobAsFailedIfWillExceedMaxAttempts('database', Object(Illuminate/Queue/Jobs/DatabaseJob), 3, Object(Illuminate/Database/QueryException))
#14 C:/Users/Dicky/Documents/PROJEK/juaravibecoding/app_build/backend/vendor/laravel/framework/src/Illuminate/Queue/Worker.php(467): Illuminate/Queue/Worker->handleJobException('database', Object(Illuminate/Queue/Jobs/DatabaseJob), Object(Illuminate/Queue/WorkerOptions), Object(Illuminate/Database/QueryException))
#15 C:/Users/Dicky/Documents/PROJEK/juaravibecoding/app_build/backend/vendor/laravel/framework/src/Illuminate/Queue/Worker.php(411): Illuminate/Queue/Worker->process('database', Object(Illuminate/Queue/Jobs/DatabaseJob), Object(Illuminate/Queue/WorkerOptions))
#16 C:/Users/Dicky/Documents/PROJEK/juaravibecoding/app_build/backend/vendor/laravel/framework/src/Illuminate/Queue/Worker.php(189): Illuminate/Queue/Worker->runJob(Object(Illuminate/Queue/Jobs/DatabaseJob), 'database', Object(Illuminate/Queue/WorkerOptions))
#17 C:/Users/Dicky/Documents/PROJEK/juaravibecoding/app_build/backend/vendor/laravel/framework/src/Illuminate/Queue/Console/WorkCommand.php(150): Illuminate/Queue/Worker->daemon('database', 'default', Object(Illuminate/Queue/WorkerOptions))
#18 C:/Users/Dicky/Documents/PROJEK/juaravibecoding/app_build/backend/vendor/laravel/framework/src/Illuminate/Queue/Console/WorkCommand.php(133): Illuminate/Queue/Console/WorkCommand->runWorker('database', 'default')
#19 C:/Users/Dicky/Documents/PROJEK/juaravibecoding/app_build/backend/vendor/laravel/framework/src/Illuminate/Container/BoundMethod.php(36): Illuminate/Queue/Console/WorkCommand->handle()
#20 C:/Users/Dicky/Documents/PROJEK/juaravibecoding/app_build/backend/vendor/laravel/framework/src/Illuminate/Container/Util.php(43): Illuminate/Container/BoundMethod::{closure:Illuminate/Container/BoundMethod::call():35}()
#21 C:/Users/Dicky/Documents/PROJEK/juaravibecoding/app_build/backend/vendor/laravel/framework/src/Illuminate/Container/BoundMethod.php(95): Illuminate/Container/Util::unwrapIfClosure(Object(Closure))
#22 C:/Users/Dicky/Documents/PROJEK/juaravibecoding/app_build/backend/vendor/laravel/framework/src/Illuminate/Container/BoundMethod.php(35): Illuminate/Container/BoundMethod::callBoundMethod(Object(Illuminate/Foundation/Application), Array, Object(Closure))
#23 C:/Users/Dicky/Documents/PROJEK/juaravibecoding/app_build/backend/vendor/laravel/framework/src/Illuminate/Container/Container.php(696): Illuminate/Container/BoundMethod::call(Object(Illuminate/Foundation/Application), Array, Array, NULL)
#24 C:/Users/Dicky/Documents/PROJEK/juaravibecoding/app_build/backend/vendor/laravel/framework/src/Illuminate/Console/Command.php(213): Illuminate/Container/Container->call(Array)
#25 C:/Users/Dicky/Documents/PROJEK/juaravibecoding/app_build/backend/vendor/symfony/console/Command/Command.php(341): Illuminate/Console/Command->execute(Object(Symfony/Component/Console/Input/ArgvInput), Object(Illuminate/Console/OutputStyle))
#26 C:/Users/Dicky/Documents/PROJEK/juaravibecoding/app_build/backend/vendor/laravel/framework/src/Illuminate/Console/Command.php(182): Symfony/Component/Console/Command/Command->run(Object(Symfony/Component/Console/Input/ArgvInput), Object(Illuminate/Console/OutputStyle))
#27 C:/Users/Dicky/Documents/PROJEK/juaravibecoding/app_build/backend/vendor/symfony/console/Application.php(1117): Illuminate/Console/Command->run(Object(Symfony/Component/Console/Input/ArgvInput), Object(Symfony/Component/Console/Output/ConsoleOutput))
#28 C:/Users/Dicky/Documents/PROJEK/juaravibecoding/app_build/backend/vendor/symfony/console/Application.php(356): Symfony/Component/Console/Application->doRunCommand(Object(Illuminate/Queue/Console/WorkCommand), Object(Symfony/Component/Console/Input/ArgvInput), Object(Symfony/Component/Console/Output/ConsoleOutput))
#29 C:/Users/Dicky/Documents/PROJEK/juaravibecoding/app_build/backend/vendor/symfony/console/Application.php(195): Symfony/Component/Console/Application->doRun(Object(Symfony/Component/Console/Input/ArgvInput), Object(Symfony/Component/Console/Output/ConsoleOutput))
#30 C:/Users/Dicky/Documents/PROJEK/juaravibecoding/app_build/backend/vendor/laravel/framework/src/Illuminate/Foundation/Console/Kernel.php(198): Symfony/Component/Console/Application->run(Object(Symfony/Component/Console/Input/ArgvInput), Object(Symfony/Component/Console/Output/ConsoleOutput))
#31 C:/Users/Dicky/Documents/PROJEK/juaravibecoding/app_build/backend/vendor/laravel/framework/src/Illuminate/Foundation/Application.php(1235): Illuminate/Foundation/Console/Kernel->handle(Object(Symfony/Component/Console/Input/ArgvInput), Object(Symfony/Component/Console/Output/ConsoleOutput))
#32 C:/Users/Dicky/Documents/PROJEK/juaravibecoding/app_build/backend/artisan(16): Illuminate/Foundation/Application->handleCommand(Object(Symfony/Component/Console/Input/ArgvInput))
#33 {main}

[previous exception] [object] (PDOException(code: HY000): SQLSTATE[HY000]: General error: 1 no such table: failed_jobs at C:/Users/Dicky/Documents/PROJEK/juaravibecoding/app_build/backend/vendor/laravel/framework/src/Illuminate/Database/Connection.php:565)
[stacktrace]
#0 C:/Users/Dicky/Documents/PROJEK/juaravibecoding/app_build/backend/vendor/laravel/framework/src/Illuminate/Database/Connection.php(565): PDO->prepare('insert into \"fa...')
#1 C:/Users/Dicky/Documents/PROJEK/juaravibecoding/app_build/backend/vendor/laravel/framework/src/Illuminate/Database/Connection.php(812): Illuminate/Database/Connection->{closure:Illuminate/Database/Connection::statement():560}('insert into \"fa...', Array)
#2 C:/Users/Dicky/Documents/PROJEK/juaravibecoding/app_build/backend/vendor/laravel/framework/src/Illuminate/Database/Connection.php(779): Illuminate/Database/Connection->runQueryCallback('insert into \"fa...', Array, Object(Closure))
#3 C:/Users/Dicky/Documents/PROJEK/juaravibecoding/app_build/backend/vendor/laravel/framework/src/Illuminate/Database/Connection.php(560): Illuminate/Database/Connection->run('insert into \"fa...', Array, Object(Closure))
#4 C:/Users/Dicky/Documents/PROJEK/juaravibecoding/app_build/backend/vendor/laravel/framework/src/Illuminate/Database/Connection.php(524): Illuminate/Database/Connection->statement('insert into \"fa...', Array)
#5 C:/Users/Dicky/Documents/PROJEK/juaravibecoding/app_build/backend/vendor/laravel/framework/src/Illuminate/Database/Query/Builder.php(3717): Illuminate/Database/Connection->insert('insert into \"fa...', Array)
#6 C:/Users/Dicky/Documents/PROJEK/juaravibecoding/app_build/backend/vendor/laravel/framework/src/Illuminate/Queue/Failed/DatabaseUuidFailedJobProvider.php(58): Illuminate/Database/Query/Builder->insert(Array)
#7 C:/Users/Dicky/Documents/PROJEK/juaravibecoding/app_build/backend/vendor/laravel/framework/src/Illuminate/Queue/Console/WorkCommand.php(335): Illuminate/Queue/Failed/DatabaseUuidFailedJobProvider->log('database', 'default', '{\"uuid\":\"28abdf...', Object(Illuminate/Database/QueryException))
#8 C:/Users/Dicky/Documents/PROJEK/juaravibecoding/app_build/backend/vendor/laravel/framework/src/Illuminate/Queue/Console/WorkCommand.php(204): Illuminate/Queue/Console/WorkCommand->logFailedJob(Object(Illuminate/Queue/Events/JobFailed))
#9 C:/Users/Dicky/Documents/PROJEK/juaravibecoding/app_build/backend/vendor/laravel/framework/src/Illuminate/Events/Dispatcher.php(459): Illuminate/Queue/Console/WorkCommand->{closure:Illuminate/Queue/Console/WorkCommand::listenForEvents():201}(Object(Illuminate/Queue/Events/JobFailed))
#10 C:/Users/Dicky/Documents/PROJEK/juaravibecoding/app_build/backend/vendor/laravel/framework/src/Illuminate/Events/Dispatcher.php(287): Illuminate/Events/Dispatcher->{closure:Illuminate/Events/Dispatcher::makeListener():454}('Illuminate//Queu...', Array)
#11 C:/Users/Dicky/Documents/PROJEK/juaravibecoding/app_build/backend/vendor/laravel/framework/src/Illuminate/Events/Dispatcher.php(267): Illuminate/Events/Dispatcher->invokeListeners('Illuminate//Queu...', Array, false)
#12 C:/Users/Dicky/Documents/PROJEK/juaravibecoding/app_build/backend/vendor/laravel/framework/src/Illuminate/Queue/Jobs/Job.php(221): Illuminate/Events/Dispatcher->dispatch('Illuminate//Queu...')
#13 C:/Users/Dicky/Documents/PROJEK/juaravibecoding/app_build/backend/vendor/laravel/framework/src/Illuminate/Queue/Worker.php(624): Illuminate/Queue/Jobs/Job->fail(Object(Illuminate/Database/QueryException))
#14 C:/Users/Dicky/Documents/PROJEK/juaravibecoding/app_build/backend/vendor/laravel/framework/src/Illuminate/Queue/Worker.php(570): Illuminate/Queue/Worker->failJob(Object(Illuminate/Queue/Jobs/DatabaseJob), Object(Illuminate/Database/QueryException))
#15 C:/Users/Dicky/Documents/PROJEK/juaravibecoding/app_build/backend/vendor/laravel/framework/src/Illuminate/Queue/Worker.php(493): Illuminate/Queue/Worker->markJobAsFailedIfWillExceedMaxAttempts('database', Object(Illuminate/Queue/Jobs/DatabaseJob), 3, Object(Illuminate/Database/QueryException))
#16 C:/Users/Dicky/Documents/PROJEK/juaravibecoding/app_build/backend/vendor/laravel/framework/src/Illuminate/Queue/Worker.php(467): Illuminate/Queue/Worker->handleJobException('database', Object(Illuminate/Queue/Jobs/DatabaseJob), Object(Illuminate/Queue/WorkerOptions), Object(Illuminate/Database/QueryException))
#17 C:/Users/Dicky/Documents/PROJEK/juaravibecoding/app_build/backend/vendor/laravel/framework/src/Illuminate/Queue/Worker.php(411): Illuminate/Queue/Worker->process('database', Object(Illuminate/Queue/Jobs/DatabaseJob), Object(Illuminate/Queue/WorkerOptions))
#18 C:/Users/Dicky/Documents/PROJEK/juaravibecoding/app_build/backend/vendor/laravel/framework/src/Illuminate/Queue/Worker.php(189): Illuminate/Queue/Worker->runJob(Object(Illuminate/Queue/Jobs/DatabaseJob), 'database', Object(Illuminate/Queue/WorkerOptions))
#19 C:/Users/Dicky/Documents/PROJEK/juaravibecoding/app_build/backend/vendor/laravel/framework/src/Illuminate/Queue/Console/WorkCommand.php(150): Illuminate/Queue/Worker->daemon('database', 'default', Object(Illuminate/Queue/WorkerOptions))
#20 C:/Users/Dicky/Documents/PROJEK/juaravibecoding/app_build/backend/vendor/laravel/framework/src/Illuminate/Queue/Console/WorkCommand.php(133): Illuminate/Queue/Console/WorkCommand->runWorker('database', 'default')
#21 C:/Users/Dicky/Documents/PROJEK/juaravibecoding/app_build/backend/vendor/laravel/framework/src/Illuminate/Container/BoundMethod.php(36): Illuminate/Queue/Console/WorkCommand->handle()
#22 C:/Users/Dicky/Documents/PROJEK/juaravibecoding/app_build/backend/vendor/laravel/framework/src/Illuminate/Container/Util.php(43): Illuminate/Container/BoundMethod::{closure:Illuminate/Container/BoundMethod::call():35}()
#23 C:/Users/Dicky/Documents/PROJEK/juaravibecoding/app_build/backend/vendor/laravel/framework/src/Illuminate/Container/BoundMethod.php(95): Illuminate/Container/Util::unwrapIfClosure(Object(Closure))
#24 C:/Users/Dicky/Documents/PROJEK/juaravibecoding/app_build/backend/vendor/laravel/framework/src/Illuminate/Container/BoundMethod.php(35): Illuminate/Container/BoundMethod::callBoundMethod(Object(Illuminate/Foundation/Application), Array, Object(Closure))
#25 C:/Users/Dicky/Documents/PROJEK/juaravibecoding/app_build/backend/vendor/laravel/framework/src/Illuminate/Container/Container.php(696): Illuminate/Container/BoundMethod::call(Object(Illuminate/Foundation/Application), Array, Array, NULL)
#26 C:/Users/Dicky/Documents/PROJEK/juaravibecoding/app_build/backend/vendor/laravel/framework/src/Illuminate/Console/Command.php(213): Illuminate/Container/Container->call(Array)
#27 C:/Users/Dicky/Documents/PROJEK/juaravibecoding/app_build/backend/vendor/symfony/console/Command/Command.php(341): Illuminate/Console/Command->execute(Object(Symfony/Component/Console/Input/ArgvInput), Object(Illuminate/Console/OutputStyle))
#28 C:/Users/Dicky/Documents/PROJEK/juaravibecoding/app_build/backend/vendor/laravel/framework/src/Illuminate/Console/Command.php(182): Symfony/Component/Console/Command/Command->run(Object(Symfony/Component/Console/Input/ArgvInput), Object(Illuminate/Console/OutputStyle))
#29 C:/Users/Dicky/Documents/PROJEK/juaravibecoding/app_build/backend/vendor/symfony/console/Application.php(1117): Illuminate/Console/Command->run(Object(Symfony/Component/Console/Input/ArgvInput), Object(Symfony/Component/Console/Output/ConsoleOutput))
#30 C:/Users/Dicky/Documents/PROJEK/juaravibecoding/app_build/backend/vendor/symfony/console/Application.php(356): Symfony/Component/Console/Application->doRunCommand(Object(Illuminate/Queue/Console/WorkCommand), Object(Symfony/Component/Console/Input/ArgvInput), Object(Symfony/Component/Console/Output/ConsoleOutput))
#31 C:/Users/Dicky/Documents/PROJEK/juaravibecoding/app_build/backend/vendor/symfony/console/Application.php(195): Symfony/Component/Console/Application->doRun(Object(Symfony/Component/Console/Input/ArgvInput), Object(Symfony/Component/Console/Output/ConsoleOutput))
#32 C:/Users/Dicky/Documents/PROJEK/juaravibecoding/app_build/backend/vendor/laravel/framework/src/Illuminate/Foundation/Console/Kernel.php(198): Symfony/Component/Console/Application->run(Object(Symfony/Component/Console/Input/ArgvInput), Object(Symfony/Component/Console/Output/ConsoleOutput))
#33 C:/Users/Dicky/Documents/PROJEK/juaravibecoding/app_build/backend/vendor/laravel/framework/src/Illuminate/Foundation/Application.php(1235): Illuminate/Foundation/Console/Kernel->handle(Object(Symfony/Component/Console/Input/ArgvInput), Object(Symfony/Component/Console/Output/ConsoleOutput))
#34 C:/Users/Dicky/Documents/PROJEK/juaravibecoding/app_build/backend/artisan(16): Illuminate/Foundation/Application->handleCommand(Object(Symfony/Component/Console/Input/ArgvInput))
#35 {main}
"} 
